file,label,label_id,aug_seed
pk-hfad-1_1.landmarks-mediapipe-world.csv,pk-hfad-1_1,0,-1
pk-hfad-1_1.landmarks-mediapipe-world.csv,pk-hfad-1_1,0,7
pk-hfad-1_1.landmarks-mediapipe-world.csv,pk-hfad-1_1,0,8
pk-hfad-1_1.landmarks-mediapipe-world.csv,pk-hfad-1_1,0,1
pk-hfad-1_1.landmarks-mediapipe-world.csv,pk-hfad-1_1,0,11
pk-hfad-1_1.landmarks-mediapipe-world.csv,pk-hfad-1_1,0,4
pk-hfad-1_1.landmarks-mediapipe-world.csv,pk-hfad-1_1,0,6
pk-hfad-1_1.landmarks-mediapipe-world.csv,pk-hfad-1_1,0,3
pk-hfad-1_10.landmarks-mediapipe-world.csv,pk-hfad-1_10,1,-1
pk-hfad-1_10.landmarks-mediapipe-world.csv,pk-hfad-1_10,1,1005
pk-hfad-1_10.landmarks-mediapipe-world.csv,pk-hfad-1_10,1,1010
pk-hfad-1_10.landmarks-mediapipe-world.csv,pk-hfad-1_10,1,1003
pk-hfad-1_10.landmarks-mediapipe-world.csv,pk-hfad-1_10,1,1008
pk-hfad-1_10.landmarks-mediapipe-world.csv,pk-hfad-1_10,1,1006
pk-hfad-1_10.landmarks-mediapipe-world.csv,pk-hfad-1_10,1,1011
pk-hfad-1_10.landmarks-mediapipe-world.csv,pk-hfad-1_10,1,1007
pk-hfad-1_100.landmarks-mediapipe-world.csv,pk-hfad-1_100,2,-1
pk-hfad-1_100.landmarks-mediapipe-world.csv,pk-hfad-1_100,2,2011
pk-hfad-1_100.landmarks-mediapipe-world.csv,pk-hfad-1_100,2,2001
pk-hfad-1_100.landmarks-mediapipe-world.csv,pk-hfad-1_100,2,2006
pk-hfad-1_100.landmarks-mediapipe-world.csv,pk-hfad-1_100,2,2005
pk-hfad-1_100.landmarks-mediapipe-world.csv,pk-hfad-1_100,2,2009
pk-hfad-1_100.landmarks-mediapipe-world.csv,pk-hfad-1_100,2,2010
pk-hfad-1_100.landmarks-mediapipe-world.csv,pk-hfad-1_100,2,2008
pk-hfad-1_1000.landmarks-mediapipe-world.csv,pk-hfad-1_1000,3,-1
pk-hfad-1_1000.landmarks-mediapipe-world.csv,pk-hfad-1_1000,3,3003
pk-hfad-1_1000.landmarks-mediapipe-world.csv,pk-hfad-1_1000,3,3010
pk-hfad-1_1000.landmarks-mediapipe-world.csv,pk-hfad-1_1000,3,3011
pk-hfad-1_1000.landmarks-mediapipe-world.csv,pk-hfad-1_1000,3,3009
pk-hfad-1_1000.landmarks-mediapipe-world.csv,pk-hfad-1_1000,3,3005
pk-hfad-1_1000.landmarks-mediapipe-world.csv,pk-hfad-1_1000,3,3002
pk-hfad-1_1000.landmarks-mediapipe-world.csv,pk-hfad-1_1000,3,3007
pk-hfad-1_10000.landmarks-mediapipe-world.csv,pk-hfad-1_10000,4,-1
pk-hfad-1_10000.landmarks-mediapipe-world.csv,pk-hfad-1_10000,4,4007
pk-hfad-1_10000.landmarks-mediapipe-world.csv,pk-hfad-1_10000,4,4004
pk-hfad-1_10000.landmarks-mediapipe-world.csv,pk-hfad-1_10000,4,4010
pk-hfad-1_10000.landmarks-mediapipe-world.csv,pk-hfad-1_10000,4,4003
pk-hfad-1_10000.landmarks-mediapipe-world.csv,pk-hfad-1_10000,4,4011
pk-hfad-1_10000.landmarks-mediapipe-world.csv,pk-hfad-1_10000,4,4006
pk-hfad-1_10000.landmarks-mediapipe-world.csv,pk-hfad-1_10000,4,4002
pk-hfad-1_100000.landmarks-mediapipe-world.csv,pk-hfad-1_100000,5,-1
pk-hfad-1_100000.landmarks-mediapipe-world.csv,pk-hfad-1_100000,5,5011
pk-hfad-1_100000.landmarks-mediapipe-world.csv,pk-hfad-1_100000,5,5008
pk-hfad-1_100000.landmarks-mediapipe-world.csv,pk-hfad-1_100000,5,5007
pk-hfad-1_100000.landmarks-mediapipe-world.csv,pk-hfad-1_100000,5,5005
pk-hfad-1_100000.landmarks-mediapipe-world.csv,pk-hfad-1_100000,5,5009
pk-hfad-1_100000.landmarks-mediapipe-world.csv,pk-hfad-1_100000,5,5001
pk-hfad-1_100000.landmarks-mediapipe-world.csv,pk-hfad-1_100000,5,5006
pk-hfad-1_10000000.landmarks-mediapipe-world.csv,pk-hfad-1_10000000,6,-1
pk-hfad-1_10000000.landmarks-mediapipe-world.csv,pk-hfad-1_10000000,6,6004
pk-hfad-1_10000000.landmarks-mediapipe-world.csv,pk-hfad-1_10000000,6,6011
pk-hfad-1_10000000.landmarks-mediapipe-world.csv,pk-hfad-1_10000000,6,6005
pk-hfad-1_10000000.landmarks-mediapipe-world.csv,pk-hfad-1_10000000,6,6001
pk-hfad-1_10000000.landmarks-mediapipe-world.csv,pk-hfad-1_10000000,6,6009
pk-hfad-1_10000000.landmarks-mediapipe-world.csv,pk-hfad-1_10000000,6,6007
pk-hfad-1_10000000.landmarks-mediapipe-world.csv,pk-hfad-1_10000000,6,6003
pk-hfad-1_4.landmarks-mediapipe-world.csv,pk-hfad-1_4,7,-1
pk-hfad-1_4.landmarks-mediapipe-world.csv,pk-hfad-1_4,7,7008
pk-hfad-1_4.landmarks-mediapipe-world.csv,pk-hfad-1_4,7,7004
pk-hfad-1_4.landmarks-mediapipe-world.csv,pk-hfad-1_4,7,7010
pk-hfad-1_4.landmarks-mediapipe-world.csv,pk-hfad-1_4,7,7003
pk-hfad-1_4.landmarks-mediapipe-world.csv,pk-hfad-1_4,7,7009
pk-hfad-1_4.landmarks-mediapipe-world.csv,pk-hfad-1_4,7,7002
pk-hfad-1_4.landmarks-mediapipe-world.csv,pk-hfad-1_4,7,7001
pk-hfad-1_5.landmarks-mediapipe-world.csv,pk-hfad-1_5,8,-1
pk-hfad-1_5.landmarks-mediapipe-world.csv,pk-hfad-1_5,8,8005
pk-hfad-1_5.landmarks-mediapipe-world.csv,pk-hfad-1_5,8,8007
pk-hfad-1_5.landmarks-mediapipe-world.csv,pk-hfad-1_5,8,8003
pk-hfad-1_5.landmarks-mediapipe-world.csv,pk-hfad-1_5,8,8001
pk-hfad-1_5.landmarks-mediapipe-world.csv,pk-hfad-1_5,8,8011
pk-hfad-1_5.landmarks-mediapipe-world.csv,pk-hfad-1_5,8,8006
pk-hfad-1_5.landmarks-mediapipe-world.csv,pk-hfad-1_5,8,8010
pk-hfad-1_500.landmarks-mediapipe-world.csv,pk-hfad-1_500,9,-1
pk-hfad-1_500.landmarks-mediapipe-world.csv,pk-hfad-1_500,9,9002
pk-hfad-1_500.landmarks-mediapipe-world.csv,pk-hfad-1_500,9,9001
pk-hfad-1_500.landmarks-mediapipe-world.csv,pk-hfad-1_500,9,9011
pk-hfad-1_500.landmarks-mediapipe-world.csv,pk-hfad-1_500,9,9005
pk-hfad-1_500.landmarks-mediapipe-world.csv,pk-hfad-1_500,9,9009
pk-hfad-1_500.landmarks-mediapipe-world.csv,pk-hfad-1_500,9,9006
pk-hfad-1_500.landmarks-mediapipe-world.csv,pk-hfad-1_500,9,9010
pk-hfad-1_6.landmarks-mediapipe-world.csv,pk-hfad-1_6,10,-1
pk-hfad-1_6.landmarks-mediapipe-world.csv,pk-hfad-1_6,10,10003
pk-hfad-1_6.landmarks-mediapipe-world.csv,pk-hfad-1_6,10,10001
pk-hfad-1_6.landmarks-mediapipe-world.csv,pk-hfad-1_6,10,10004
pk-hfad-1_6.landmarks-mediapipe-world.csv,pk-hfad-1_6,10,10010
pk-hfad-1_6.landmarks-mediapipe-world.csv,pk-hfad-1_6,10,10006
pk-hfad-1_6.landmarks-mediapipe-world.csv,pk-hfad-1_6,10,10002
pk-hfad-1_6.landmarks-mediapipe-world.csv,pk-hfad-1_6,10,10005
pk-hfad-1_7.landmarks-mediapipe-world.csv,pk-hfad-1_7,11,-1
pk-hfad-1_7.landmarks-mediapipe-world.csv,pk-hfad-1_7,11,11009
pk-hfad-1_7.landmarks-mediapipe-world.csv,pk-hfad-1_7,11,11003
pk-hfad-1_7.landmarks-mediapipe-world.csv,pk-hfad-1_7,11,11002
pk-hfad-1_7.landmarks-mediapipe-world.csv,pk-hfad-1_7,11,11011
pk-hfad-1_7.landmarks-mediapipe-world.csv,pk-hfad-1_7,11,11008
pk-hfad-1_7.landmarks-mediapipe-world.csv,pk-hfad-1_7,11,11007
pk-hfad-1_7.landmarks-mediapipe-world.csv,pk-hfad-1_7,11,11005
pk-hfad-1_8.landmarks-mediapipe-world.csv,pk-hfad-1_8,12,-1
pk-hfad-1_8.landmarks-mediapipe-world.csv,pk-hfad-1_8,12,12005
pk-hfad-1_8.landmarks-mediapipe-world.csv,pk-hfad-1_8,12,12001
pk-hfad-1_8.landmarks-mediapipe-world.csv,pk-hfad-1_8,12,12002
pk-hfad-1_8.landmarks-mediapipe-world.csv,pk-hfad-1_8,12,12010
pk-hfad-1_8.landmarks-mediapipe-world.csv,pk-hfad-1_8,12,12004
pk-hfad-1_8.landmarks-mediapipe-world.csv,pk-hfad-1_8,12,12006
pk-hfad-1_8.landmarks-mediapipe-world.csv,pk-hfad-1_8,12,12007
pk-hfad-1_9.landmarks-mediapipe-world.csv,pk-hfad-1_9,13,-1
pk-hfad-1_9.landmarks-mediapipe-world.csv,pk-hfad-1_9,13,13010
pk-hfad-1_9.landmarks-mediapipe-world.csv,pk-hfad-1_9,13,13005
pk-hfad-1_9.landmarks-mediapipe-world.csv,pk-hfad-1_9,13,13007
pk-hfad-1_9.landmarks-mediapipe-world.csv,pk-hfad-1_9,13,13001
pk-hfad-1_9.landmarks-mediapipe-world.csv,pk-hfad-1_9,13,13004
pk-hfad-1_9.landmarks-mediapipe-world.csv,pk-hfad-1_9,13,13002
pk-hfad-1_9.landmarks-mediapipe-world.csv,pk-hfad-1_9,13,13008
pk-hfad-1_a(double-handed-letter).landmarks-mediapipe-world.csv,pk-hfad-1_a(double-handed-letter),14,-1
pk-hfad-1_a(double-handed-letter).landmarks-mediapipe-world.csv,pk-hfad-1_a(double-handed-letter),14,14004
pk-hfad-1_a(double-handed-letter).landmarks-mediapipe-world.csv,pk-hfad-1_a(double-handed-letter),14,14009
pk-hfad-1_a(double-handed-letter).landmarks-mediapipe-world.csv,pk-hfad-1_a(double-handed-letter),14,14006
pk-hfad-1_a(double-handed-letter).landmarks-mediapipe-world.csv,pk-hfad-1_a(double-handed-letter),14,14002
pk-hfad-1_a(double-handed-letter).landmarks-mediapipe-world.csv,pk-hfad-1_a(double-handed-letter),14,14007
pk-hfad-1_a(double-handed-letter).landmarks-mediapipe-world.csv,pk-hfad-1_a(double-handed-letter),14,14011
pk-hfad-1_a(double-handed-letter).landmarks-mediapipe-world.csv,pk-hfad-1_a(double-handed-letter),14,14001
pk-hfad-1_a(single-handed-letter).landmarks-mediapipe-world.csv,pk-hfad-1_a(single-handed-letter),15,-1
pk-hfad-1_a(single-handed-letter).landmarks-mediapipe-world.csv,pk-hfad-1_a(single-handed-letter),15,15009
pk-hfad-1_a(single-handed-letter).landmarks-mediapipe-world.csv,pk-hfad-1_a(single-handed-letter),15,15011
pk-hfad-1_a(single-handed-letter).landmarks-mediapipe-world.csv,pk-hfad-1_a(single-handed-letter),15,15008
pk-hfad-1_a(single-handed-letter).landmarks-mediapipe-world.csv,pk-hfad-1_a(single-handed-letter),15,15005
pk-hfad-1_a(single-handed-letter).landmarks-mediapipe-world.csv,pk-hfad-1_a(single-handed-letter),15,15007
pk-hfad-1_a(single-handed-letter).landmarks-mediapipe-world.csv,pk-hfad-1_a(single-handed-letter),15,15006
pk-hfad-1_a(single-handed-letter).landmarks-mediapipe-world.csv,pk-hfad-1_a(single-handed-letter),15,15001
pk-hfad-1_aaei(came).landmarks-mediapipe-world.csv,pk-hfad-1_aaei(came),16,-1
pk-hfad-1_aaei(came).landmarks-mediapipe-world.csv,pk-hfad-1_aaei(came),16,16002
pk-hfad-1_aaei(came).landmarks-mediapipe-world.csv,pk-hfad-1_aaei(came),16,16007
pk-hfad-1_aaei(came).landmarks-mediapipe-world.csv,pk-hfad-1_aaei(came),16,16011
pk-hfad-1_aaei(came).landmarks-mediapipe-world.csv,pk-hfad-1_aaei(came),16,16009
pk-hfad-1_aaei(came).landmarks-mediapipe-world.csv,pk-hfad-1_aaei(came),16,16010
pk-hfad-1_aaei(came).landmarks-mediapipe-world.csv,pk-hfad-1_aaei(came),16,16004
pk-hfad-1_aaei(came).landmarks-mediapipe-world.csv,pk-hfad-1_aaei(came),16,16008
pk-hfad-1_aaein.landmarks-mediapipe-world.csv,pk-hfad-1_aaein,17,-1
pk-hfad-1_aaein.landmarks-mediapipe-world.csv,pk-hfad-1_aaein,17,17008
pk-hfad-1_aaein.landmarks-mediapipe-world.csv,pk-hfad-1_aaein,17,17003
pk-hfad-1_aaein.landmarks-mediapipe-world.csv,pk-hfad-1_aaein,17,17010
pk-hfad-1_aaein.landmarks-mediapipe-world.csv,pk-hfad-1_aaein,17,17006
pk-hfad-1_aaein.landmarks-mediapipe-world.csv,pk-hfad-1_aaein,17,17009
pk-hfad-1_aaein.landmarks-mediapipe-world.csv,pk-hfad-1_aaein,17,17005
pk-hfad-1_aaein.landmarks-mediapipe-world.csv,pk-hfad-1_aaein,17,17007
pk-hfad-1_aaey.landmarks-mediapipe-world.csv,pk-hfad-1_aaey,18,-1
pk-hfad-1_aaey.landmarks-mediapipe-world.csv,pk-hfad-1_aaey,18,18001
pk-hfad-1_aaey.landmarks-mediapipe-world.csv,pk-hfad-1_aaey,18,18008
pk-hfad-1_aaey.landmarks-mediapipe-world.csv,pk-hfad-1_aaey,18,18011
pk-hfad-1_aaey.landmarks-mediapipe-world.csv,pk-hfad-1_aaey,18,18002
pk-hfad-1_aaey.landmarks-mediapipe-world.csv,pk-hfad-1_aaey,18,18007
pk-hfad-1_aaey.landmarks-mediapipe-world.csv,pk-hfad-1_aaey,18,18009
pk-hfad-1_aaey.landmarks-mediapipe-world.csv,pk-hfad-1_aaey,18,18004
pk-hfad-1_aaia(came).landmarks-mediapipe-world.csv,pk-hfad-1_aaia(came),19,-1
pk-hfad-1_aaia(came).landmarks-mediapipe-world.csv,pk-hfad-1_aaia(came),19,19006
pk-hfad-1_aaia(came).landmarks-mediapipe-world.csv,pk-hfad-1_aaia(came),19,19011
pk-hfad-1_aaia(came).landmarks-mediapipe-world.csv,pk-hfad-1_aaia(came),19,19008
pk-hfad-1_aaia(came).landmarks-mediapipe-world.csv,pk-hfad-1_aaia(came),19,19003
pk-hfad-1_aaia(came).landmarks-mediapipe-world.csv,pk-hfad-1_aaia(came),19,19007
pk-hfad-1_aaia(came).landmarks-mediapipe-world.csv,pk-hfad-1_aaia(came),19,19004
pk-hfad-1_aaia(came).landmarks-mediapipe-world.csv,pk-hfad-1_aaia(came),19,19005
pk-hfad-1_aao.landmarks-mediapipe-world.csv,pk-hfad-1_aao,20,-1
pk-hfad-1_aao.landmarks-mediapipe-world.csv,pk-hfad-1_aao,20,20005
pk-hfad-1_aao.landmarks-mediapipe-world.csv,pk-hfad-1_aao,20,20010
pk-hfad-1_aao.landmarks-mediapipe-world.csv,pk-hfad-1_aao,20,20004
pk-hfad-1_aao.landmarks-mediapipe-world.csv,pk-hfad-1_aao,20,20009
pk-hfad-1_aao.landmarks-mediapipe-world.csv,pk-hfad-1_aao,20,20008
pk-hfad-1_aao.landmarks-mediapipe-world.csv,pk-hfad-1_aao,20,20001
pk-hfad-1_aao.landmarks-mediapipe-world.csv,pk-hfad-1_aao,20,20002
pk-hfad-1_aap.landmarks-mediapipe-world.csv,pk-hfad-1_aap,21,-1
pk-hfad-1_aap.landmarks-mediapipe-world.csv,pk-hfad-1_aap,21,21007
pk-hfad-1_aap.landmarks-mediapipe-world.csv,pk-hfad-1_aap,21,21003
pk-hfad-1_aap.landmarks-mediapipe-world.csv,pk-hfad-1_aap,21,21006
pk-hfad-1_aap.landmarks-mediapipe-world.csv,pk-hfad-1_aap,21,21002
pk-hfad-1_aap.landmarks-mediapipe-world.csv,pk-hfad-1_aap,21,21001
pk-hfad-1_aap.landmarks-mediapipe-world.csv,pk-hfad-1_aap,21,21008
pk-hfad-1_aap.landmarks-mediapipe-world.csv,pk-hfad-1_aap,21,21004
pk-hfad-1_aaun.landmarks-mediapipe-world.csv,pk-hfad-1_aaun,22,-1
pk-hfad-1_aaun.landmarks-mediapipe-world.csv,pk-hfad-1_aaun,22,22003
pk-hfad-1_aaun.landmarks-mediapipe-world.csv,pk-hfad-1_aaun,22,22010
pk-hfad-1_aaun.landmarks-mediapipe-world.csv,pk-hfad-1_aaun,22,22002
pk-hfad-1_aaun.landmarks-mediapipe-world.csv,pk-hfad-1_aaun,22,22009
pk-hfad-1_aaun.landmarks-mediapipe-world.csv,pk-hfad-1_aaun,22,22004
pk-hfad-1_aaun.landmarks-mediapipe-world.csv,pk-hfad-1_aaun,22,22001
pk-hfad-1_aaun.landmarks-mediapipe-world.csv,pk-hfad-1_aaun,22,22007
pk-hfad-1_ab.landmarks-mediapipe-world.csv,pk-hfad-1_ab,23,-1
pk-hfad-1_ab.landmarks-mediapipe-world.csv,pk-hfad-1_ab,23,23008
pk-hfad-1_ab.landmarks-mediapipe-world.csv,pk-hfad-1_ab,23,23004
pk-hfad-1_ab.landmarks-mediapipe-world.csv,pk-hfad-1_ab,23,23010
pk-hfad-1_ab.landmarks-mediapipe-world.csv,pk-hfad-1_ab,23,23009
pk-hfad-1_ab.landmarks-mediapipe-world.csv,pk-hfad-1_ab,23,23005
pk-hfad-1_ab.landmarks-mediapipe-world.csv,pk-hfad-1_ab,23,23003
pk-hfad-1_ab.landmarks-mediapipe-world.csv,pk-hfad-1_ab,23,23007
pk-hfad-1_accounting.landmarks-mediapipe-world.csv,pk-hfad-1_accounting,24,-1
pk-hfad-1_accounting.landmarks-mediapipe-world.csv,pk-hfad-1_accounting,24,24008
pk-hfad-1_accounting.landmarks-mediapipe-world.csv,pk-hfad-1_accounting,24,24001
pk-hfad-1_accounting.landmarks-mediapipe-world.csv,pk-hfad-1_accounting,24,24011
pk-hfad-1_accounting.landmarks-mediapipe-world.csv,pk-hfad-1_accounting,24,24005
pk-hfad-1_accounting.landmarks-mediapipe-world.csv,pk-hfad-1_accounting,24,24007
pk-hfad-1_accounting.landmarks-mediapipe-world.csv,pk-hfad-1_accounting,24,24004
pk-hfad-1_accounting.landmarks-mediapipe-world.csv,pk-hfad-1_accounting,24,24009
pk-hfad-1_ache.landmarks-mediapipe-world.csv,pk-hfad-1_ache,25,-1
pk-hfad-1_ache.landmarks-mediapipe-world.csv,pk-hfad-1_ache,25,25003
pk-hfad-1_ache.landmarks-mediapipe-world.csv,pk-hfad-1_ache,25,25007
pk-hfad-1_ache.landmarks-mediapipe-world.csv,pk-hfad-1_ache,25,25010
pk-hfad-1_ache.landmarks-mediapipe-world.csv,pk-hfad-1_ache,25,25002
pk-hfad-1_ache.landmarks-mediapipe-world.csv,pk-hfad-1_ache,25,25001
pk-hfad-1_ache.landmarks-mediapipe-world.csv,pk-hfad-1_ache,25,25008
pk-hfad-1_ache.landmarks-mediapipe-world.csv,pk-hfad-1_ache,25,25005
pk-hfad-1_achievement.landmarks-mediapipe-world.csv,pk-hfad-1_achievement,26,-1
pk-hfad-1_achievement.landmarks-mediapipe-world.csv,pk-hfad-1_achievement,26,26003
pk-hfad-1_achievement.landmarks-mediapipe-world.csv,pk-hfad-1_achievement,26,26004
pk-hfad-1_achievement.landmarks-mediapipe-world.csv,pk-hfad-1_achievement,26,26008
pk-hfad-1_achievement.landmarks-mediapipe-world.csv,pk-hfad-1_achievement,26,26009
pk-hfad-1_achievement.landmarks-mediapipe-world.csv,pk-hfad-1_achievement,26,26006
pk-hfad-1_achievement.landmarks-mediapipe-world.csv,pk-hfad-1_achievement,26,26002
pk-hfad-1_achievement.landmarks-mediapipe-world.csv,pk-hfad-1_achievement,26,26005
pk-hfad-1_act-upon.landmarks-mediapipe-world.csv,pk-hfad-1_act-upon,27,-1
pk-hfad-1_act-upon.landmarks-mediapipe-world.csv,pk-hfad-1_act-upon,27,27004
pk-hfad-1_act-upon.landmarks-mediapipe-world.csv,pk-hfad-1_act-upon,27,27001
pk-hfad-1_act-upon.landmarks-mediapipe-world.csv,pk-hfad-1_act-upon,27,27008
pk-hfad-1_act-upon.landmarks-mediapipe-world.csv,pk-hfad-1_act-upon,27,27011
pk-hfad-1_act-upon.landmarks-mediapipe-world.csv,pk-hfad-1_act-upon,27,27007
pk-hfad-1_act-upon.landmarks-mediapipe-world.csv,pk-hfad-1_act-upon,27,27005
pk-hfad-1_act-upon.landmarks-mediapipe-world.csv,pk-hfad-1_act-upon,27,27009
pk-hfad-1_address(noun).landmarks-mediapipe-world.csv,pk-hfad-1_address(noun),28,-1
pk-hfad-1_address(noun).landmarks-mediapipe-world.csv,pk-hfad-1_address(noun),28,28001
pk-hfad-1_address(noun).landmarks-mediapipe-world.csv,pk-hfad-1_address(noun),28,28010
pk-hfad-1_address(noun).landmarks-mediapipe-world.csv,pk-hfad-1_address(noun),28,28004
pk-hfad-1_address(noun).landmarks-mediapipe-world.csv,pk-hfad-1_address(noun),28,28008
pk-hfad-1_address(noun).landmarks-mediapipe-world.csv,pk-hfad-1_address(noun),28,28011
pk-hfad-1_address(noun).landmarks-mediapipe-world.csv,pk-hfad-1_address(noun),28,28003
pk-hfad-1_address(noun).landmarks-mediapipe-world.csv,pk-hfad-1_address(noun),28,28009
pk-hfad-1_admire.landmarks-mediapipe-world.csv,pk-hfad-1_admire,29,-1
pk-hfad-1_admire.landmarks-mediapipe-world.csv,pk-hfad-1_admire,29,29006
pk-hfad-1_admire.landmarks-mediapipe-world.csv,pk-hfad-1_admire,29,29010
pk-hfad-1_admire.landmarks-mediapipe-world.csv,pk-hfad-1_admire,29,29009
pk-hfad-1_admire.landmarks-mediapipe-world.csv,pk-hfad-1_admire,29,29002
pk-hfad-1_admire.landmarks-mediapipe-world.csv,pk-hfad-1_admire,29,29005
pk-hfad-1_admire.landmarks-mediapipe-world.csv,pk-hfad-1_admire,29,29004
pk-hfad-1_admire.landmarks-mediapipe-world.csv,pk-hfad-1_admire,29,29008
pk-hfad-1_advertisement.landmarks-mediapipe-world.csv,pk-hfad-1_advertisement,30,-1
pk-hfad-1_advertisement.landmarks-mediapipe-world.csv,pk-hfad-1_advertisement,30,30011
pk-hfad-1_advertisement.landmarks-mediapipe-world.csv,pk-hfad-1_advertisement,30,30001
pk-hfad-1_advertisement.landmarks-mediapipe-world.csv,pk-hfad-1_advertisement,30,30009
pk-hfad-1_advertisement.landmarks-mediapipe-world.csv,pk-hfad-1_advertisement,30,30006
pk-hfad-1_advertisement.landmarks-mediapipe-world.csv,pk-hfad-1_advertisement,30,30002
pk-hfad-1_advertisement.landmarks-mediapipe-world.csv,pk-hfad-1_advertisement,30,30010
pk-hfad-1_advertisement.landmarks-mediapipe-world.csv,pk-hfad-1_advertisement,30,30007
pk-hfad-1_aein.landmarks-mediapipe-world.csv,pk-hfad-1_aein,31,-1
pk-hfad-1_aein.landmarks-mediapipe-world.csv,pk-hfad-1_aein,31,31005
pk-hfad-1_aein.landmarks-mediapipe-world.csv,pk-hfad-1_aein,31,31008
pk-hfad-1_aein.landmarks-mediapipe-world.csv,pk-hfad-1_aein,31,31006
pk-hfad-1_aein.landmarks-mediapipe-world.csv,pk-hfad-1_aein,31,31004
pk-hfad-1_aein.landmarks-mediapipe-world.csv,pk-hfad-1_aein,31,31010
pk-hfad-1_aein.landmarks-mediapipe-world.csv,pk-hfad-1_aein,31,31009
pk-hfad-1_aein.landmarks-mediapipe-world.csv,pk-hfad-1_aein,31,31007
pk-hfad-1_afghanistan.landmarks-mediapipe-world.csv,pk-hfad-1_afghanistan,32,-1
pk-hfad-1_afghanistan.landmarks-mediapipe-world.csv,pk-hfad-1_afghanistan,32,32008
pk-hfad-1_afghanistan.landmarks-mediapipe-world.csv,pk-hfad-1_afghanistan,32,32003
pk-hfad-1_afghanistan.landmarks-mediapipe-world.csv,pk-hfad-1_afghanistan,32,32007
pk-hfad-1_afghanistan.landmarks-mediapipe-world.csv,pk-hfad-1_afghanistan,32,32009
pk-hfad-1_afghanistan.landmarks-mediapipe-world.csv,pk-hfad-1_afghanistan,32,32006
pk-hfad-1_afghanistan.landmarks-mediapipe-world.csv,pk-hfad-1_afghanistan,32,32004
pk-hfad-1_afghanistan.landmarks-mediapipe-world.csv,pk-hfad-1_afghanistan,32,32010
pk-hfad-1_again.landmarks-mediapipe-world.csv,pk-hfad-1_again,33,-1
pk-hfad-1_again.landmarks-mediapipe-world.csv,pk-hfad-1_again,33,33010
pk-hfad-1_again.landmarks-mediapipe-world.csv,pk-hfad-1_again,33,33007
pk-hfad-1_again.landmarks-mediapipe-world.csv,pk-hfad-1_again,33,33009
pk-hfad-1_again.landmarks-mediapipe-world.csv,pk-hfad-1_again,33,33008
pk-hfad-1_again.landmarks-mediapipe-world.csv,pk-hfad-1_again,33,33011
pk-hfad-1_again.landmarks-mediapipe-world.csv,pk-hfad-1_again,33,33006
pk-hfad-1_again.landmarks-mediapipe-world.csv,pk-hfad-1_again,33,33004
pk-hfad-1_age.landmarks-mediapipe-world.csv,pk-hfad-1_age,34,-1
pk-hfad-1_age.landmarks-mediapipe-world.csv,pk-hfad-1_age,34,34011
pk-hfad-1_age.landmarks-mediapipe-world.csv,pk-hfad-1_age,34,34009
pk-hfad-1_age.landmarks-mediapipe-world.csv,pk-hfad-1_age,34,34002
pk-hfad-1_age.landmarks-mediapipe-world.csv,pk-hfad-1_age,34,34008
pk-hfad-1_age.landmarks-mediapipe-world.csv,pk-hfad-1_age,34,34001
pk-hfad-1_age.landmarks-mediapipe-world.csv,pk-hfad-1_age,34,34006
pk-hfad-1_age.landmarks-mediapipe-world.csv,pk-hfad-1_age,34,34003
pk-hfad-1_air.landmarks-mediapipe-world.csv,pk-hfad-1_air,35,-1
pk-hfad-1_air.landmarks-mediapipe-world.csv,pk-hfad-1_air,35,35001
pk-hfad-1_air.landmarks-mediapipe-world.csv,pk-hfad-1_air,35,35007
pk-hfad-1_air.landmarks-mediapipe-world.csv,pk-hfad-1_air,35,35005
pk-hfad-1_air.landmarks-mediapipe-world.csv,pk-hfad-1_air,35,35002
pk-hfad-1_air.landmarks-mediapipe-world.csv,pk-hfad-1_air,35,35008
pk-hfad-1_air.landmarks-mediapipe-world.csv,pk-hfad-1_air,35,35006
pk-hfad-1_air.landmarks-mediapipe-world.csv,pk-hfad-1_air,35,35011
pk-hfad-1_airplane.landmarks-mediapipe-world.csv,pk-hfad-1_airplane,36,-1
pk-hfad-1_airplane.landmarks-mediapipe-world.csv,pk-hfad-1_airplane,36,36004
pk-hfad-1_airplane.landmarks-mediapipe-world.csv,pk-hfad-1_airplane,36,36001
pk-hfad-1_airplane.landmarks-mediapipe-world.csv,pk-hfad-1_airplane,36,36005
pk-hfad-1_airplane.landmarks-mediapipe-world.csv,pk-hfad-1_airplane,36,36002
pk-hfad-1_airplane.landmarks-mediapipe-world.csv,pk-hfad-1_airplane,36,36006
pk-hfad-1_airplane.landmarks-mediapipe-world.csv,pk-hfad-1_airplane,36,36003
pk-hfad-1_airplane.landmarks-mediapipe-world.csv,pk-hfad-1_airplane,36,36007
pk-hfad-1_airport.landmarks-mediapipe-world.csv,pk-hfad-1_airport,37,-1
pk-hfad-1_airport.landmarks-mediapipe-world.csv,pk-hfad-1_airport,37,37002
pk-hfad-1_airport.landmarks-mediapipe-world.csv,pk-hfad-1_airport,37,37005
pk-hfad-1_airport.landmarks-mediapipe-world.csv,pk-hfad-1_airport,37,37011
pk-hfad-1_airport.landmarks-mediapipe-world.csv,pk-hfad-1_airport,37,37008
pk-hfad-1_airport.landmarks-mediapipe-world.csv,pk-hfad-1_airport,37,37010
pk-hfad-1_airport.landmarks-mediapipe-world.csv,pk-hfad-1_airport,37,37003
pk-hfad-1_airport.landmarks-mediapipe-world.csv,pk-hfad-1_airport,37,37009
pk-hfad-1_alarm(clock).landmarks-mediapipe-world.csv,pk-hfad-1_alarm(clock),38,-1
pk-hfad-1_alarm(clock).landmarks-mediapipe-world.csv,pk-hfad-1_alarm(clock),38,38008
pk-hfad-1_alarm(clock).landmarks-mediapipe-world.csv,pk-hfad-1_alarm(clock),38,38004
pk-hfad-1_alarm(clock).landmarks-mediapipe-world.csv,pk-hfad-1_alarm(clock),38,38001
pk-hfad-1_alarm(clock).landmarks-mediapipe-world.csv,pk-hfad-1_alarm(clock),38,38011
pk-hfad-1_alarm(clock).landmarks-mediapipe-world.csv,pk-hfad-1_alarm(clock),38,38010
pk-hfad-1_alarm(clock).landmarks-mediapipe-world.csv,pk-hfad-1_alarm(clock),38,38007
pk-hfad-1_alarm(clock).landmarks-mediapipe-world.csv,pk-hfad-1_alarm(clock),38,38006
pk-hfad-1_alayhe-assallam.landmarks-mediapipe-world.csv,pk-hfad-1_alayhe-assallam,39,-1
pk-hfad-1_alayhe-assallam.landmarks-mediapipe-world.csv,pk-hfad-1_alayhe-assallam,39,39011
pk-hfad-1_alayhe-assallam.landmarks-mediapipe-world.csv,pk-hfad-1_alayhe-assallam,39,39009
pk-hfad-1_alayhe-assallam.landmarks-mediapipe-world.csv,pk-hfad-1_alayhe-assallam,39,39005
pk-hfad-1_alayhe-assallam.landmarks-mediapipe-world.csv,pk-hfad-1_alayhe-assallam,39,39010
pk-hfad-1_alayhe-assallam.landmarks-mediapipe-world.csv,pk-hfad-1_alayhe-assallam,39,39002
pk-hfad-1_alayhe-assallam.landmarks-mediapipe-world.csv,pk-hfad-1_alayhe-assallam,39,39006
pk-hfad-1_alayhe-assallam.landmarks-mediapipe-world.csv,pk-hfad-1_alayhe-assallam,39,39004
pk-hfad-1_alhamra.landmarks-mediapipe-world.csv,pk-hfad-1_alhamra,40,-1
pk-hfad-1_alhamra.landmarks-mediapipe-world.csv,pk-hfad-1_alhamra,40,40005
pk-hfad-1_alhamra.landmarks-mediapipe-world.csv,pk-hfad-1_alhamra,40,40001
pk-hfad-1_alhamra.landmarks-mediapipe-world.csv,pk-hfad-1_alhamra,40,40004
pk-hfad-1_alhamra.landmarks-mediapipe-world.csv,pk-hfad-1_alhamra,40,40009
pk-hfad-1_alhamra.landmarks-mediapipe-world.csv,pk-hfad-1_alhamra,40,40003
pk-hfad-1_alhamra.landmarks-mediapipe-world.csv,pk-hfad-1_alhamra,40,40008
pk-hfad-1_alhamra.landmarks-mediapipe-world.csv,pk-hfad-1_alhamra,40,40006
pk-hfad-1_alif-mad.landmarks-mediapipe-world.csv,pk-hfad-1_alif-mad,41,-1
pk-hfad-1_alif-mad.landmarks-mediapipe-world.csv,pk-hfad-1_alif-mad,41,41009
pk-hfad-1_alif-mad.landmarks-mediapipe-world.csv,pk-hfad-1_alif-mad,41,41005
pk-hfad-1_alif-mad.landmarks-mediapipe-world.csv,pk-hfad-1_alif-mad,41,41001
pk-hfad-1_alif-mad.landmarks-mediapipe-world.csv,pk-hfad-1_alif-mad,41,41003
pk-hfad-1_alif-mad.landmarks-mediapipe-world.csv,pk-hfad-1_alif-mad,41,41004
pk-hfad-1_alif-mad.landmarks-mediapipe-world.csv,pk-hfad-1_alif-mad,41,41007
pk-hfad-1_alif-mad.landmarks-mediapipe-world.csv,pk-hfad-1_alif-mad,41,41010
pk-hfad-1_all.landmarks-mediapipe-world.csv,pk-hfad-1_all,42,-1
pk-hfad-1_all.landmarks-mediapipe-world.csv,pk-hfad-1_all,42,42004
pk-hfad-1_all.landmarks-mediapipe-world.csv,pk-hfad-1_all,42,42005
pk-hfad-1_all.landmarks-mediapipe-world.csv,pk-hfad-1_all,42,42002
pk-hfad-1_all.landmarks-mediapipe-world.csv,pk-hfad-1_all,42,42009
pk-hfad-1_all.landmarks-mediapipe-world.csv,pk-hfad-1_all,42,42010
pk-hfad-1_all.landmarks-mediapipe-world.csv,pk-hfad-1_all,42,42008
pk-hfad-1_all.landmarks-mediapipe-world.csv,pk-hfad-1_all,42,42011
pk-hfad-1_allah.landmarks-mediapipe-world.csv,pk-hfad-1_allah,43,-1
pk-hfad-1_allah.landmarks-mediapipe-world.csv,pk-hfad-1_allah,43,43003
pk-hfad-1_allah.landmarks-mediapipe-world.csv,pk-hfad-1_allah,43,43007
pk-hfad-1_allah.landmarks-mediapipe-world.csv,pk-hfad-1_allah,43,43011
pk-hfad-1_allah.landmarks-mediapipe-world.csv,pk-hfad-1_allah,43,43009
pk-hfad-1_allah.landmarks-mediapipe-world.csv,pk-hfad-1_allah,43,43005
pk-hfad-1_allah.landmarks-mediapipe-world.csv,pk-hfad-1_allah,43,43002
pk-hfad-1_allah.landmarks-mediapipe-world.csv,pk-hfad-1_allah,43,43008
pk-hfad-1_allama-iqbal.landmarks-mediapipe-world.csv,pk-hfad-1_allama-iqbal,44,-1
pk-hfad-1_allama-iqbal.landmarks-mediapipe-world.csv,pk-hfad-1_allama-iqbal,44,44001
pk-hfad-1_allama-iqbal.landmarks-mediapipe-world.csv,pk-hfad-1_allama-iqbal,44,44009
pk-hfad-1_allama-iqbal.landmarks-mediapipe-world.csv,pk-hfad-1_allama-iqbal,44,44007
pk-hfad-1_allama-iqbal.landmarks-mediapipe-world.csv,pk-hfad-1_allama-iqbal,44,44008
pk-hfad-1_allama-iqbal.landmarks-mediapipe-world.csv,pk-hfad-1_allama-iqbal,44,44010
pk-hfad-1_allama-iqbal.landmarks-mediapipe-world.csv,pk-hfad-1_allama-iqbal,44,44003
pk-hfad-1_allama-iqbal.landmarks-mediapipe-world.csv,pk-hfad-1_allama-iqbal,44,44005
pk-hfad-1_always.landmarks-mediapipe-world.csv,pk-hfad-1_always,45,-1
pk-hfad-1_always.landmarks-mediapipe-world.csv,pk-hfad-1_always,45,45001
pk-hfad-1_always.landmarks-mediapipe-world.csv,pk-hfad-1_always,45,45002
pk-hfad-1_always.landmarks-mediapipe-world.csv,pk-hfad-1_always,45,45005
pk-hfad-1_always.landmarks-mediapipe-world.csv,pk-hfad-1_always,45,45007
pk-hfad-1_always.landmarks-mediapipe-world.csv,pk-hfad-1_always,45,45003
pk-hfad-1_always.landmarks-mediapipe-world.csv,pk-hfad-1_always,45,45006
pk-hfad-1_always.landmarks-mediapipe-world.csv,pk-hfad-1_always,45,45010
pk-hfad-1_am.landmarks-mediapipe-world.csv,pk-hfad-1_am,46,-1
pk-hfad-1_am.landmarks-mediapipe-world.csv,pk-hfad-1_am,46,46011
pk-hfad-1_am.landmarks-mediapipe-world.csv,pk-hfad-1_am,46,46008
pk-hfad-1_am.landmarks-mediapipe-world.csv,pk-hfad-1_am,46,46010
pk-hfad-1_am.landmarks-mediapipe-world.csv,pk-hfad-1_am,46,46005
pk-hfad-1_am.landmarks-mediapipe-world.csv,pk-hfad-1_am,46,46007
pk-hfad-1_am.landmarks-mediapipe-world.csv,pk-hfad-1_am,46,46003
pk-hfad-1_am.landmarks-mediapipe-world.csv,pk-hfad-1_am,46,46009
pk-hfad-1_ambulance.landmarks-mediapipe-world.csv,pk-hfad-1_ambulance,47,-1
pk-hfad-1_ambulance.landmarks-mediapipe-world.csv,pk-hfad-1_ambulance,47,47005
pk-hfad-1_ambulance.landmarks-mediapipe-world.csv,pk-hfad-1_ambulance,47,47006
pk-hfad-1_ambulance.landmarks-mediapipe-world.csv,pk-hfad-1_ambulance,47,47007
pk-hfad-1_ambulance.landmarks-mediapipe-world.csv,pk-hfad-1_ambulance,47,47010
pk-hfad-1_ambulance.landmarks-mediapipe-world.csv,pk-hfad-1_ambulance,47,47009
pk-hfad-1_ambulance.landmarks-mediapipe-world.csv,pk-hfad-1_ambulance,47,47003
pk-hfad-1_ambulance.landmarks-mediapipe-world.csv,pk-hfad-1_ambulance,47,47001
pk-hfad-1_america(country).landmarks-mediapipe-world.csv,pk-hfad-1_america(country),48,-1
pk-hfad-1_america(country).landmarks-mediapipe-world.csv,pk-hfad-1_america(country),48,48004
pk-hfad-1_america(country).landmarks-mediapipe-world.csv,pk-hfad-1_america(country),48,48007
pk-hfad-1_america(country).landmarks-mediapipe-world.csv,pk-hfad-1_america(country),48,48001
pk-hfad-1_america(country).landmarks-mediapipe-world.csv,pk-hfad-1_america(country),48,48005
pk-hfad-1_america(country).landmarks-mediapipe-world.csv,pk-hfad-1_america(country),48,48008
pk-hfad-1_america(country).landmarks-mediapipe-world.csv,pk-hfad-1_america(country),48,48002
pk-hfad-1_america(country).landmarks-mediapipe-world.csv,pk-hfad-1_america(country),48,48010
pk-hfad-1_anarkali.landmarks-mediapipe-world.csv,pk-hfad-1_anarkali,49,-1
pk-hfad-1_anarkali.landmarks-mediapipe-world.csv,pk-hfad-1_anarkali,49,49009
pk-hfad-1_anarkali.landmarks-mediapipe-world.csv,pk-hfad-1_anarkali,49,49004
pk-hfad-1_anarkali.landmarks-mediapipe-world.csv,pk-hfad-1_anarkali,49,49006
pk-hfad-1_anarkali.landmarks-mediapipe-world.csv,pk-hfad-1_anarkali,49,49007
pk-hfad-1_anarkali.landmarks-mediapipe-world.csv,pk-hfad-1_anarkali,49,49002
pk-hfad-1_anarkali.landmarks-mediapipe-world.csv,pk-hfad-1_anarkali,49,49001
pk-hfad-1_anarkali.landmarks-mediapipe-world.csv,pk-hfad-1_anarkali,49,49008
pk-hfad-1_and.landmarks-mediapipe-world.csv,pk-hfad-1_and,50,-1
pk-hfad-1_and.landmarks-mediapipe-world.csv,pk-hfad-1_and,50,50010
pk-hfad-1_and.landmarks-mediapipe-world.csv,pk-hfad-1_and,50,50001
pk-hfad-1_and.landmarks-mediapipe-world.csv,pk-hfad-1_and,50,50006
pk-hfad-1_and.landmarks-mediapipe-world.csv,pk-hfad-1_and,50,50008
pk-hfad-1_and.landmarks-mediapipe-world.csv,pk-hfad-1_and,50,50005
pk-hfad-1_and.landmarks-mediapipe-world.csv,pk-hfad-1_and,50,50004
pk-hfad-1_and.landmarks-mediapipe-world.csv,pk-hfad-1_and,50,50002
pk-hfad-1_angel.landmarks-mediapipe-world.csv,pk-hfad-1_angel,51,-1
pk-hfad-1_angel.landmarks-mediapipe-world.csv,pk-hfad-1_angel,51,51007
pk-hfad-1_angel.landmarks-mediapipe-world.csv,pk-hfad-1_angel,51,51003
pk-hfad-1_angel.landmarks-mediapipe-world.csv,pk-hfad-1_angel,51,51009
pk-hfad-1_angel.landmarks-mediapipe-world.csv,pk-hfad-1_angel,51,51005
pk-hfad-1_angel.landmarks-mediapipe-world.csv,pk-hfad-1_angel,51,51006
pk-hfad-1_angel.landmarks-mediapipe-world.csv,pk-hfad-1_angel,51,51004
pk-hfad-1_angel.landmarks-mediapipe-world.csv,pk-hfad-1_angel,51,51002
pk-hfad-1_anger.landmarks-mediapipe-world.csv,pk-hfad-1_anger,52,-1
pk-hfad-1_anger.landmarks-mediapipe-world.csv,pk-hfad-1_anger,52,52009
pk-hfad-1_anger.landmarks-mediapipe-world.csv,pk-hfad-1_anger,52,52006
pk-hfad-1_anger.landmarks-mediapipe-world.csv,pk-hfad-1_anger,52,52005
pk-hfad-1_anger.landmarks-mediapipe-world.csv,pk-hfad-1_anger,52,52002
pk-hfad-1_anger.landmarks-mediapipe-world.csv,pk-hfad-1_anger,52,52010
pk-hfad-1_anger.landmarks-mediapipe-world.csv,pk-hfad-1_anger,52,52003
pk-hfad-1_anger.landmarks-mediapipe-world.csv,pk-hfad-1_anger,52,52008
pk-hfad-1_angry(displeased).landmarks-mediapipe-world.csv,pk-hfad-1_angry(displeased),53,-1
pk-hfad-1_angry(displeased).landmarks-mediapipe-world.csv,pk-hfad-1_angry(displeased),53,53009
pk-hfad-1_angry(displeased).landmarks-mediapipe-world.csv,pk-hfad-1_angry(displeased),53,53004
pk-hfad-1_angry(displeased).landmarks-mediapipe-world.csv,pk-hfad-1_angry(displeased),53,53007
pk-hfad-1_angry(displeased).landmarks-mediapipe-world.csv,pk-hfad-1_angry(displeased),53,53005
pk-hfad-1_angry(displeased).landmarks-mediapipe-world.csv,pk-hfad-1_angry(displeased),53,53003
pk-hfad-1_angry(displeased).landmarks-mediapipe-world.csv,pk-hfad-1_angry(displeased),53,53010
pk-hfad-1_angry(displeased).landmarks-mediapipe-world.csv,pk-hfad-1_angry(displeased),53,53011
pk-hfad-1_antonym.landmarks-mediapipe-world.csv,pk-hfad-1_antonym,54,-1
pk-hfad-1_antonym.landmarks-mediapipe-world.csv,pk-hfad-1_antonym,54,54009
pk-hfad-1_antonym.landmarks-mediapipe-world.csv,pk-hfad-1_antonym,54,54006
pk-hfad-1_antonym.landmarks-mediapipe-world.csv,pk-hfad-1_antonym,54,54004
pk-hfad-1_antonym.landmarks-mediapipe-world.csv,pk-hfad-1_antonym,54,54003
pk-hfad-1_antonym.landmarks-mediapipe-world.csv,pk-hfad-1_antonym,54,54005
pk-hfad-1_antonym.landmarks-mediapipe-world.csv,pk-hfad-1_antonym,54,54008
pk-hfad-1_antonym.landmarks-mediapipe-world.csv,pk-hfad-1_antonym,54,54001
pk-hfad-1_anxious.landmarks-mediapipe-world.csv,pk-hfad-1_anxious,55,-1
pk-hfad-1_anxious.landmarks-mediapipe-world.csv,pk-hfad-1_anxious,55,55003
pk-hfad-1_anxious.landmarks-mediapipe-world.csv,pk-hfad-1_anxious,55,55004
pk-hfad-1_anxious.landmarks-mediapipe-world.csv,pk-hfad-1_anxious,55,55010
pk-hfad-1_anxious.landmarks-mediapipe-world.csv,pk-hfad-1_anxious,55,55011
pk-hfad-1_anxious.landmarks-mediapipe-world.csv,pk-hfad-1_anxious,55,55006
pk-hfad-1_anxious.landmarks-mediapipe-world.csv,pk-hfad-1_anxious,55,55005
pk-hfad-1_anxious.landmarks-mediapipe-world.csv,pk-hfad-1_anxious,55,55009
pk-hfad-1_apna(zati).landmarks-mediapipe-world.csv,pk-hfad-1_apna(zati),56,-1
pk-hfad-1_apna(zati).landmarks-mediapipe-world.csv,pk-hfad-1_apna(zati),56,56002
pk-hfad-1_apna(zati).landmarks-mediapipe-world.csv,pk-hfad-1_apna(zati),56,56007
pk-hfad-1_apna(zati).landmarks-mediapipe-world.csv,pk-hfad-1_apna(zati),56,56009
pk-hfad-1_apna(zati).landmarks-mediapipe-world.csv,pk-hfad-1_apna(zati),56,56011
pk-hfad-1_apna(zati).landmarks-mediapipe-world.csv,pk-hfad-1_apna(zati),56,56001
pk-hfad-1_apna(zati).landmarks-mediapipe-world.csv,pk-hfad-1_apna(zati),56,56005
pk-hfad-1_apna(zati).landmarks-mediapipe-world.csv,pk-hfad-1_apna(zati),56,56010
pk-hfad-1_apni.landmarks-mediapipe-world.csv,pk-hfad-1_apni,57,-1
pk-hfad-1_apni.landmarks-mediapipe-world.csv,pk-hfad-1_apni,57,57001
pk-hfad-1_apni.landmarks-mediapipe-world.csv,pk-hfad-1_apni,57,57010
pk-hfad-1_apni.landmarks-mediapipe-world.csv,pk-hfad-1_apni,57,57005
pk-hfad-1_apni.landmarks-mediapipe-world.csv,pk-hfad-1_apni,57,57011
pk-hfad-1_apni.landmarks-mediapipe-world.csv,pk-hfad-1_apni,57,57004
pk-hfad-1_apni.landmarks-mediapipe-world.csv,pk-hfad-1_apni,57,57006
pk-hfad-1_apni.landmarks-mediapipe-world.csv,pk-hfad-1_apni,57,57003
pk-hfad-1_apny.landmarks-mediapipe-world.csv,pk-hfad-1_apny,58,-1
pk-hfad-1_apny.landmarks-mediapipe-world.csv,pk-hfad-1_apny,58,58004
pk-hfad-1_apny.landmarks-mediapipe-world.csv,pk-hfad-1_apny,58,58007
pk-hfad-1_apny.landmarks-mediapipe-world.csv,pk-hfad-1_apny,58,58006
pk-hfad-1_apny.landmarks-mediapipe-world.csv,pk-hfad-1_apny,58,58003
pk-hfad-1_apny.landmarks-mediapipe-world.csv,pk-hfad-1_apny,58,58001
pk-hfad-1_apny.landmarks-mediapipe-world.csv,pk-hfad-1_apny,58,58008
pk-hfad-1_apny.landmarks-mediapipe-world.csv,pk-hfad-1_apny,58,58002
pk-hfad-1_apostle.landmarks-mediapipe-world.csv,pk-hfad-1_apostle,59,-1
pk-hfad-1_apostle.landmarks-mediapipe-world.csv,pk-hfad-1_apostle,59,59009
pk-hfad-1_apostle.landmarks-mediapipe-world.csv,pk-hfad-1_apostle,59,59007
pk-hfad-1_apostle.landmarks-mediapipe-world.csv,pk-hfad-1_apostle,59,59004
pk-hfad-1_apostle.landmarks-mediapipe-world.csv,pk-hfad-1_apostle,59,59011
pk-hfad-1_apostle.landmarks-mediapipe-world.csv,pk-hfad-1_apostle,59,59002
pk-hfad-1_apostle.landmarks-mediapipe-world.csv,pk-hfad-1_apostle,59,59001
pk-hfad-1_apostle.landmarks-mediapipe-world.csv,pk-hfad-1_apostle,59,59003
pk-hfad-1_apple.landmarks-mediapipe-world.csv,pk-hfad-1_apple,60,-1
pk-hfad-1_apple.landmarks-mediapipe-world.csv,pk-hfad-1_apple,60,60011
pk-hfad-1_apple.landmarks-mediapipe-world.csv,pk-hfad-1_apple,60,60002
pk-hfad-1_apple.landmarks-mediapipe-world.csv,pk-hfad-1_apple,60,60006
pk-hfad-1_apple.landmarks-mediapipe-world.csv,pk-hfad-1_apple,60,60005
pk-hfad-1_apple.landmarks-mediapipe-world.csv,pk-hfad-1_apple,60,60010
pk-hfad-1_apple.landmarks-mediapipe-world.csv,pk-hfad-1_apple,60,60004
pk-hfad-1_apple.landmarks-mediapipe-world.csv,pk-hfad-1_apple,60,60009
pk-hfad-1_application(request).landmarks-mediapipe-world.csv,pk-hfad-1_application(request),61,-1
pk-hfad-1_application(request).landmarks-mediapipe-world.csv,pk-hfad-1_application(request),61,61006
pk-hfad-1_application(request).landmarks-mediapipe-world.csv,pk-hfad-1_application(request),61,61002
pk-hfad-1_application(request).landmarks-mediapipe-world.csv,pk-hfad-1_application(request),61,61008
pk-hfad-1_application(request).landmarks-mediapipe-world.csv,pk-hfad-1_application(request),61,61004
pk-hfad-1_application(request).landmarks-mediapipe-world.csv,pk-hfad-1_application(request),61,61003
pk-hfad-1_application(request).landmarks-mediapipe-world.csv,pk-hfad-1_application(request),61,61005
pk-hfad-1_application(request).landmarks-mediapipe-world.csv,pk-hfad-1_application(request),61,61001
pk-hfad-1_approval.landmarks-mediapipe-world.csv,pk-hfad-1_approval,62,-1
pk-hfad-1_approval.landmarks-mediapipe-world.csv,pk-hfad-1_approval,62,62007
pk-hfad-1_approval.landmarks-mediapipe-world.csv,pk-hfad-1_approval,62,62004
pk-hfad-1_approval.landmarks-mediapipe-world.csv,pk-hfad-1_approval,62,62008
pk-hfad-1_approval.landmarks-mediapipe-world.csv,pk-hfad-1_approval,62,62011
pk-hfad-1_approval.landmarks-mediapipe-world.csv,pk-hfad-1_approval,62,62009
pk-hfad-1_approval.landmarks-mediapipe-world.csv,pk-hfad-1_approval,62,62006
pk-hfad-1_approval.landmarks-mediapipe-world.csv,pk-hfad-1_approval,62,62010
pk-hfad-1_apricot.landmarks-mediapipe-world.csv,pk-hfad-1_apricot,63,-1
pk-hfad-1_apricot.landmarks-mediapipe-world.csv,pk-hfad-1_apricot,63,63004
pk-hfad-1_apricot.landmarks-mediapipe-world.csv,pk-hfad-1_apricot,63,63001
pk-hfad-1_apricot.landmarks-mediapipe-world.csv,pk-hfad-1_apricot,63,63009
pk-hfad-1_apricot.landmarks-mediapipe-world.csv,pk-hfad-1_apricot,63,63003
pk-hfad-1_apricot.landmarks-mediapipe-world.csv,pk-hfad-1_apricot,63,63008
pk-hfad-1_apricot.landmarks-mediapipe-world.csv,pk-hfad-1_apricot,63,63007
pk-hfad-1_apricot.landmarks-mediapipe-world.csv,pk-hfad-1_apricot,63,63002
pk-hfad-1_april(month).landmarks-mediapipe-world.csv,pk-hfad-1_april(month),64,-1
pk-hfad-1_april(month).landmarks-mediapipe-world.csv,pk-hfad-1_april(month),64,64005
pk-hfad-1_april(month).landmarks-mediapipe-world.csv,pk-hfad-1_april(month),64,64008
pk-hfad-1_april(month).landmarks-mediapipe-world.csv,pk-hfad-1_april(month),64,64003
pk-hfad-1_april(month).landmarks-mediapipe-world.csv,pk-hfad-1_april(month),64,64002
pk-hfad-1_april(month).landmarks-mediapipe-world.csv,pk-hfad-1_april(month),64,64004
pk-hfad-1_april(month).landmarks-mediapipe-world.csv,pk-hfad-1_april(month),64,64006
pk-hfad-1_april(month).landmarks-mediapipe-world.csv,pk-hfad-1_april(month),64,64009
pk-hfad-1_are.landmarks-mediapipe-world.csv,pk-hfad-1_are,65,-1
pk-hfad-1_are.landmarks-mediapipe-world.csv,pk-hfad-1_are,65,65001
pk-hfad-1_are.landmarks-mediapipe-world.csv,pk-hfad-1_are,65,65007
pk-hfad-1_are.landmarks-mediapipe-world.csv,pk-hfad-1_are,65,65006
pk-hfad-1_are.landmarks-mediapipe-world.csv,pk-hfad-1_are,65,65010
pk-hfad-1_are.landmarks-mediapipe-world.csv,pk-hfad-1_are,65,65004
pk-hfad-1_are.landmarks-mediapipe-world.csv,pk-hfad-1_are,65,65005
pk-hfad-1_are.landmarks-mediapipe-world.csv,pk-hfad-1_are,65,65003
pk-hfad-1_arrogance.landmarks-mediapipe-world.csv,pk-hfad-1_arrogance,66,-1
pk-hfad-1_arrogance.landmarks-mediapipe-world.csv,pk-hfad-1_arrogance,66,66006
pk-hfad-1_arrogance.landmarks-mediapipe-world.csv,pk-hfad-1_arrogance,66,66005
pk-hfad-1_arrogance.landmarks-mediapipe-world.csv,pk-hfad-1_arrogance,66,66009
pk-hfad-1_arrogance.landmarks-mediapipe-world.csv,pk-hfad-1_arrogance,66,66003
pk-hfad-1_arrogance.landmarks-mediapipe-world.csv,pk-hfad-1_arrogance,66,66011
pk-hfad-1_arrogance.landmarks-mediapipe-world.csv,pk-hfad-1_arrogance,66,66004
pk-hfad-1_arrogance.landmarks-mediapipe-world.csv,pk-hfad-1_arrogance,66,66008
pk-hfad-1_art.landmarks-mediapipe-world.csv,pk-hfad-1_art,67,-1
pk-hfad-1_art.landmarks-mediapipe-world.csv,pk-hfad-1_art,67,67004
pk-hfad-1_art.landmarks-mediapipe-world.csv,pk-hfad-1_art,67,67001
pk-hfad-1_art.landmarks-mediapipe-world.csv,pk-hfad-1_art,67,67006
pk-hfad-1_art.landmarks-mediapipe-world.csv,pk-hfad-1_art,67,67002
pk-hfad-1_art.landmarks-mediapipe-world.csv,pk-hfad-1_art,67,67003
pk-hfad-1_art.landmarks-mediapipe-world.csv,pk-hfad-1_art,67,67011
pk-hfad-1_art.landmarks-mediapipe-world.csv,pk-hfad-1_art,67,67008
pk-hfad-1_asr.landmarks-mediapipe-world.csv,pk-hfad-1_asr,68,-1
pk-hfad-1_asr.landmarks-mediapipe-world.csv,pk-hfad-1_asr,68,68002
pk-hfad-1_asr.landmarks-mediapipe-world.csv,pk-hfad-1_asr,68,68005
pk-hfad-1_asr.landmarks-mediapipe-world.csv,pk-hfad-1_asr,68,68006
pk-hfad-1_asr.landmarks-mediapipe-world.csv,pk-hfad-1_asr,68,68008
pk-hfad-1_asr.landmarks-mediapipe-world.csv,pk-hfad-1_asr,68,68009
pk-hfad-1_asr.landmarks-mediapipe-world.csv,pk-hfad-1_asr,68,68001
pk-hfad-1_asr.landmarks-mediapipe-world.csv,pk-hfad-1_asr,68,68004
pk-hfad-1_assembly(congregation).landmarks-mediapipe-world.csv,pk-hfad-1_assembly(congregation),69,-1
pk-hfad-1_assembly(congregation).landmarks-mediapipe-world.csv,pk-hfad-1_assembly(congregation),69,69011
pk-hfad-1_assembly(congregation).landmarks-mediapipe-world.csv,pk-hfad-1_assembly(congregation),69,69010
pk-hfad-1_assembly(congregation).landmarks-mediapipe-world.csv,pk-hfad-1_assembly(congregation),69,69007
pk-hfad-1_assembly(congregation).landmarks-mediapipe-world.csv,pk-hfad-1_assembly(congregation),69,69003
pk-hfad-1_assembly(congregation).landmarks-mediapipe-world.csv,pk-hfad-1_assembly(congregation),69,69006
pk-hfad-1_assembly(congregation).landmarks-mediapipe-world.csv,pk-hfad-1_assembly(congregation),69,69008
pk-hfad-1_assembly(congregation).landmarks-mediapipe-world.csv,pk-hfad-1_assembly(congregation),69,69002
pk-hfad-1_at.landmarks-mediapipe-world.csv,pk-hfad-1_at,70,-1
pk-hfad-1_at.landmarks-mediapipe-world.csv,pk-hfad-1_at,70,70008
pk-hfad-1_at.landmarks-mediapipe-world.csv,pk-hfad-1_at,70,70004
pk-hfad-1_at.landmarks-mediapipe-world.csv,pk-hfad-1_at,70,70011
pk-hfad-1_at.landmarks-mediapipe-world.csv,pk-hfad-1_at,70,70010
pk-hfad-1_at.landmarks-mediapipe-world.csv,pk-hfad-1_at,70,70005
pk-hfad-1_at.landmarks-mediapipe-world.csv,pk-hfad-1_at,70,70001
pk-hfad-1_at.landmarks-mediapipe-world.csv,pk-hfad-1_at,70,70009
pk-hfad-1_august(month).landmarks-mediapipe-world.csv,pk-hfad-1_august(month),71,-1
pk-hfad-1_august(month).landmarks-mediapipe-world.csv,pk-hfad-1_august(month),71,71009
pk-hfad-1_august(month).landmarks-mediapipe-world.csv,pk-hfad-1_august(month),71,71006
pk-hfad-1_august(month).landmarks-mediapipe-world.csv,pk-hfad-1_august(month),71,71008
pk-hfad-1_august(month).landmarks-mediapipe-world.csv,pk-hfad-1_august(month),71,71001
pk-hfad-1_august(month).landmarks-mediapipe-world.csv,pk-hfad-1_august(month),71,71003
pk-hfad-1_august(month).landmarks-mediapipe-world.csv,pk-hfad-1_august(month),71,71007
pk-hfad-1_august(month).landmarks-mediapipe-world.csv,pk-hfad-1_august(month),71,71011
pk-hfad-1_australia.landmarks-mediapipe-world.csv,pk-hfad-1_australia,72,-1
pk-hfad-1_australia.landmarks-mediapipe-world.csv,pk-hfad-1_australia,72,72011
pk-hfad-1_australia.landmarks-mediapipe-world.csv,pk-hfad-1_australia,72,72006
pk-hfad-1_australia.landmarks-mediapipe-world.csv,pk-hfad-1_australia,72,72008
pk-hfad-1_australia.landmarks-mediapipe-world.csv,pk-hfad-1_australia,72,72007
pk-hfad-1_australia.landmarks-mediapipe-world.csv,pk-hfad-1_australia,72,72009
pk-hfad-1_australia.landmarks-mediapipe-world.csv,pk-hfad-1_australia,72,72004
pk-hfad-1_australia.landmarks-mediapipe-world.csv,pk-hfad-1_australia,72,72001
pk-hfad-1_autumn.landmarks-mediapipe-world.csv,pk-hfad-1_autumn,73,-1
pk-hfad-1_autumn.landmarks-mediapipe-world.csv,pk-hfad-1_autumn,73,73002
pk-hfad-1_autumn.landmarks-mediapipe-world.csv,pk-hfad-1_autumn,73,73006
pk-hfad-1_autumn.landmarks-mediapipe-world.csv,pk-hfad-1_autumn,73,73010
pk-hfad-1_autumn.landmarks-mediapipe-world.csv,pk-hfad-1_autumn,73,73001
pk-hfad-1_autumn.landmarks-mediapipe-world.csv,pk-hfad-1_autumn,73,73007
pk-hfad-1_autumn.landmarks-mediapipe-world.csv,pk-hfad-1_autumn,73,73003
pk-hfad-1_autumn.landmarks-mediapipe-world.csv,pk-hfad-1_autumn,73,73008
pk-hfad-1_b(double-handed-letter).landmarks-mediapipe-world.csv,pk-hfad-1_b(double-handed-letter),74,-1
pk-hfad-1_b(double-handed-letter).landmarks-mediapipe-world.csv,pk-hfad-1_b(double-handed-letter),74,74005
pk-hfad-1_b(double-handed-letter).landmarks-mediapipe-world.csv,pk-hfad-1_b(double-handed-letter),74,74002
pk-hfad-1_b(double-handed-letter).landmarks-mediapipe-world.csv,pk-hfad-1_b(double-handed-letter),74,74007
pk-hfad-1_b(double-handed-letter).landmarks-mediapipe-world.csv,pk-hfad-1_b(double-handed-letter),74,74006
pk-hfad-1_b(double-handed-letter).landmarks-mediapipe-world.csv,pk-hfad-1_b(double-handed-letter),74,74011
pk-hfad-1_b(double-handed-letter).landmarks-mediapipe-world.csv,pk-hfad-1_b(double-handed-letter),74,74004
pk-hfad-1_b(double-handed-letter).landmarks-mediapipe-world.csv,pk-hfad-1_b(double-handed-letter),74,74008
pk-hfad-1_b(single-handed-letter).landmarks-mediapipe-world.csv,pk-hfad-1_b(single-handed-letter),75,-1
pk-hfad-1_b(single-handed-letter).landmarks-mediapipe-world.csv,pk-hfad-1_b(single-handed-letter),75,75008
pk-hfad-1_b(single-handed-letter).landmarks-mediapipe-world.csv,pk-hfad-1_b(single-handed-letter),75,75004
pk-hfad-1_b(single-handed-letter).landmarks-mediapipe-world.csv,pk-hfad-1_b(single-handed-letter),75,75006
pk-hfad-1_b(single-handed-letter).landmarks-mediapipe-world.csv,pk-hfad-1_b(single-handed-letter),75,75001
pk-hfad-1_b(single-handed-letter).landmarks-mediapipe-world.csv,pk-hfad-1_b(single-handed-letter),75,75007
pk-hfad-1_b(single-handed-letter).landmarks-mediapipe-world.csv,pk-hfad-1_b(single-handed-letter),75,75005
pk-hfad-1_b(single-handed-letter).landmarks-mediapipe-world.csv,pk-hfad-1_b(single-handed-letter),75,75009
pk-hfad-1_backbiting.landmarks-mediapipe-world.csv,pk-hfad-1_backbiting,76,-1
pk-hfad-1_backbiting.landmarks-mediapipe-world.csv,pk-hfad-1_backbiting,76,76002
pk-hfad-1_backbiting.landmarks-mediapipe-world.csv,pk-hfad-1_backbiting,76,76003
pk-hfad-1_backbiting.landmarks-mediapipe-world.csv,pk-hfad-1_backbiting,76,76007
pk-hfad-1_backbiting.landmarks-mediapipe-world.csv,pk-hfad-1_backbiting,76,76004
pk-hfad-1_backbiting.landmarks-mediapipe-world.csv,pk-hfad-1_backbiting,76,76011
pk-hfad-1_backbiting.landmarks-mediapipe-world.csv,pk-hfad-1_backbiting,76,76005
pk-hfad-1_backbiting.landmarks-mediapipe-world.csv,pk-hfad-1_backbiting,76,76008
pk-hfad-1_badshahi-mosque.landmarks-mediapipe-world.csv,pk-hfad-1_badshahi-mosque,77,-1
pk-hfad-1_badshahi-mosque.landmarks-mediapipe-world.csv,pk-hfad-1_badshahi-mosque,77,77008
pk-hfad-1_badshahi-mosque.landmarks-mediapipe-world.csv,pk-hfad-1_badshahi-mosque,77,77006
pk-hfad-1_badshahi-mosque.landmarks-mediapipe-world.csv,pk-hfad-1_badshahi-mosque,77,77004
pk-hfad-1_badshahi-mosque.landmarks-mediapipe-world.csv,pk-hfad-1_badshahi-mosque,77,77003
pk-hfad-1_badshahi-mosque.landmarks-mediapipe-world.csv,pk-hfad-1_badshahi-mosque,77,77001
pk-hfad-1_badshahi-mosque.landmarks-mediapipe-world.csv,pk-hfad-1_badshahi-mosque,77,77009
pk-hfad-1_badshahi-mosque.landmarks-mediapipe-world.csv,pk-hfad-1_badshahi-mosque,77,77010
pk-hfad-1_bag(noun).landmarks-mediapipe-world.csv,pk-hfad-1_bag(noun),78,-1
pk-hfad-1_bag(noun).landmarks-mediapipe-world.csv,pk-hfad-1_bag(noun),78,78010
pk-hfad-1_bag(noun).landmarks-mediapipe-world.csv,pk-hfad-1_bag(noun),78,78001
pk-hfad-1_bag(noun).landmarks-mediapipe-world.csv,pk-hfad-1_bag(noun),78,78003
pk-hfad-1_bag(noun).landmarks-mediapipe-world.csv,pk-hfad-1_bag(noun),78,78004
pk-hfad-1_bag(noun).landmarks-mediapipe-world.csv,pk-hfad-1_bag(noun),78,78007
pk-hfad-1_bag(noun).landmarks-mediapipe-world.csv,pk-hfad-1_bag(noun),78,78005
pk-hfad-1_bag(noun).landmarks-mediapipe-world.csv,pk-hfad-1_bag(noun),78,78011
pk-hfad-1_ballpoint.landmarks-mediapipe-world.csv,pk-hfad-1_ballpoint,79,-1
pk-hfad-1_ballpoint.landmarks-mediapipe-world.csv,pk-hfad-1_ballpoint,79,79004
pk-hfad-1_ballpoint.landmarks-mediapipe-world.csv,pk-hfad-1_ballpoint,79,79005
pk-hfad-1_ballpoint.landmarks-mediapipe-world.csv,pk-hfad-1_ballpoint,79,79007
pk-hfad-1_ballpoint.landmarks-mediapipe-world.csv,pk-hfad-1_ballpoint,79,79006
pk-hfad-1_ballpoint.landmarks-mediapipe-world.csv,pk-hfad-1_ballpoint,79,79003
pk-hfad-1_ballpoint.landmarks-mediapipe-world.csv,pk-hfad-1_ballpoint,79,79002
pk-hfad-1_ballpoint.landmarks-mediapipe-world.csv,pk-hfad-1_ballpoint,79,79011
pk-hfad-1_balochistan.landmarks-mediapipe-world.csv,pk-hfad-1_balochistan,80,-1
pk-hfad-1_balochistan.landmarks-mediapipe-world.csv,pk-hfad-1_balochistan,80,80009
pk-hfad-1_balochistan.landmarks-mediapipe-world.csv,pk-hfad-1_balochistan,80,80002
pk-hfad-1_balochistan.landmarks-mediapipe-world.csv,pk-hfad-1_balochistan,80,80001
pk-hfad-1_balochistan.landmarks-mediapipe-world.csv,pk-hfad-1_balochistan,80,80003
pk-hfad-1_balochistan.landmarks-mediapipe-world.csv,pk-hfad-1_balochistan,80,80004
pk-hfad-1_balochistan.landmarks-mediapipe-world.csv,pk-hfad-1_balochistan,80,80007
pk-hfad-1_balochistan.landmarks-mediapipe-world.csv,pk-hfad-1_balochistan,80,80011
pk-hfad-1_banana.landmarks-mediapipe-world.csv,pk-hfad-1_banana,81,-1
pk-hfad-1_banana.landmarks-mediapipe-world.csv,pk-hfad-1_banana,81,81010
pk-hfad-1_banana.landmarks-mediapipe-world.csv,pk-hfad-1_banana,81,81011
pk-hfad-1_banana.landmarks-mediapipe-world.csv,pk-hfad-1_banana,81,81007
pk-hfad-1_banana.landmarks-mediapipe-world.csv,pk-hfad-1_banana,81,81001
pk-hfad-1_banana.landmarks-mediapipe-world.csv,pk-hfad-1_banana,81,81003
pk-hfad-1_banana.landmarks-mediapipe-world.csv,pk-hfad-1_banana,81,81004
pk-hfad-1_banana.landmarks-mediapipe-world.csv,pk-hfad-1_banana,81,81009
pk-hfad-1_bangladesh.landmarks-mediapipe-world.csv,pk-hfad-1_bangladesh,82,-1
pk-hfad-1_bangladesh.landmarks-mediapipe-world.csv,pk-hfad-1_bangladesh,82,82002
pk-hfad-1_bangladesh.landmarks-mediapipe-world.csv,pk-hfad-1_bangladesh,82,82004
pk-hfad-1_bangladesh.landmarks-mediapipe-world.csv,pk-hfad-1_bangladesh,82,82010
pk-hfad-1_bangladesh.landmarks-mediapipe-world.csv,pk-hfad-1_bangladesh,82,82011
pk-hfad-1_bangladesh.landmarks-mediapipe-world.csv,pk-hfad-1_bangladesh,82,82006
pk-hfad-1_bangladesh.landmarks-mediapipe-world.csv,pk-hfad-1_bangladesh,82,82008
pk-hfad-1_bangladesh.landmarks-mediapipe-world.csv,pk-hfad-1_bangladesh,82,82005
pk-hfad-1_bank(institution).landmarks-mediapipe-world.csv,pk-hfad-1_bank(institution),83,-1
pk-hfad-1_bank(institution).landmarks-mediapipe-world.csv,pk-hfad-1_bank(institution),83,83005
pk-hfad-1_bank(institution).landmarks-mediapipe-world.csv,pk-hfad-1_bank(institution),83,83010
pk-hfad-1_bank(institution).landmarks-mediapipe-world.csv,pk-hfad-1_bank(institution),83,83003
pk-hfad-1_bank(institution).landmarks-mediapipe-world.csv,pk-hfad-1_bank(institution),83,83007
pk-hfad-1_bank(institution).landmarks-mediapipe-world.csv,pk-hfad-1_bank(institution),83,83008
pk-hfad-1_bank(institution).landmarks-mediapipe-world.csv,pk-hfad-1_bank(institution),83,83002
pk-hfad-1_bank(institution).landmarks-mediapipe-world.csv,pk-hfad-1_bank(institution),83,83006
pk-hfad-1_beautiful.landmarks-mediapipe-world.csv,pk-hfad-1_beautiful,84,-1
pk-hfad-1_beautiful.landmarks-mediapipe-world.csv,pk-hfad-1_beautiful,84,84011
pk-hfad-1_beautiful.landmarks-mediapipe-world.csv,pk-hfad-1_beautiful,84,84005
pk-hfad-1_beautiful.landmarks-mediapipe-world.csv,pk-hfad-1_beautiful,84,84008
pk-hfad-1_beautiful.landmarks-mediapipe-world.csv,pk-hfad-1_beautiful,84,84010
pk-hfad-1_beautiful.landmarks-mediapipe-world.csv,pk-hfad-1_beautiful,84,84002
pk-hfad-1_beautiful.landmarks-mediapipe-world.csv,pk-hfad-1_beautiful,84,84001
pk-hfad-1_beautiful.landmarks-mediapipe-world.csv,pk-hfad-1_beautiful,84,84007
pk-hfad-1_before.landmarks-mediapipe-world.csv,pk-hfad-1_before,85,-1
pk-hfad-1_before.landmarks-mediapipe-world.csv,pk-hfad-1_before,85,85003
pk-hfad-1_before.landmarks-mediapipe-world.csv,pk-hfad-1_before,85,85002
pk-hfad-1_before.landmarks-mediapipe-world.csv,pk-hfad-1_before,85,85005
pk-hfad-1_before.landmarks-mediapipe-world.csv,pk-hfad-1_before,85,85004
pk-hfad-1_before.landmarks-mediapipe-world.csv,pk-hfad-1_before,85,85010
pk-hfad-1_before.landmarks-mediapipe-world.csv,pk-hfad-1_before,85,85008
pk-hfad-1_before.landmarks-mediapipe-world.csv,pk-hfad-1_before,85,85009
pk-hfad-1_beg.landmarks-mediapipe-world.csv,pk-hfad-1_beg,86,-1
pk-hfad-1_beg.landmarks-mediapipe-world.csv,pk-hfad-1_beg,86,86008
pk-hfad-1_beg.landmarks-mediapipe-world.csv,pk-hfad-1_beg,86,86011
pk-hfad-1_beg.landmarks-mediapipe-world.csv,pk-hfad-1_beg,86,86005
pk-hfad-1_beg.landmarks-mediapipe-world.csv,pk-hfad-1_beg,86,86006
pk-hfad-1_beg.landmarks-mediapipe-world.csv,pk-hfad-1_beg,86,86004
pk-hfad-1_beg.landmarks-mediapipe-world.csv,pk-hfad-1_beg,86,86010
pk-hfad-1_beg.landmarks-mediapipe-world.csv,pk-hfad-1_beg,86,86002
pk-hfad-1_beggar.landmarks-mediapipe-world.csv,pk-hfad-1_beggar,87,-1
pk-hfad-1_beggar.landmarks-mediapipe-world.csv,pk-hfad-1_beggar,87,87004
pk-hfad-1_beggar.landmarks-mediapipe-world.csv,pk-hfad-1_beggar,87,87007
pk-hfad-1_beggar.landmarks-mediapipe-world.csv,pk-hfad-1_beggar,87,87001
pk-hfad-1_beggar.landmarks-mediapipe-world.csv,pk-hfad-1_beggar,87,87003
pk-hfad-1_beggar.landmarks-mediapipe-world.csv,pk-hfad-1_beggar,87,87008
pk-hfad-1_beggar.landmarks-mediapipe-world.csv,pk-hfad-1_beggar,87,87010
pk-hfad-1_beggar.landmarks-mediapipe-world.csv,pk-hfad-1_beggar,87,87002
pk-hfad-1_bell.landmarks-mediapipe-world.csv,pk-hfad-1_bell,88,-1
pk-hfad-1_bell.landmarks-mediapipe-world.csv,pk-hfad-1_bell,88,88008
pk-hfad-1_bell.landmarks-mediapipe-world.csv,pk-hfad-1_bell,88,88001
pk-hfad-1_bell.landmarks-mediapipe-world.csv,pk-hfad-1_bell,88,88003
pk-hfad-1_bell.landmarks-mediapipe-world.csv,pk-hfad-1_bell,88,88004
pk-hfad-1_bell.landmarks-mediapipe-world.csv,pk-hfad-1_bell,88,88006
pk-hfad-1_bell.landmarks-mediapipe-world.csv,pk-hfad-1_bell,88,88005
pk-hfad-1_bell.landmarks-mediapipe-world.csv,pk-hfad-1_bell,88,88009
pk-hfad-1_benefit.landmarks-mediapipe-world.csv,pk-hfad-1_benefit,89,-1
pk-hfad-1_benefit.landmarks-mediapipe-world.csv,pk-hfad-1_benefit,89,89005
pk-hfad-1_benefit.landmarks-mediapipe-world.csv,pk-hfad-1_benefit,89,89001
pk-hfad-1_benefit.landmarks-mediapipe-world.csv,pk-hfad-1_benefit,89,89011
pk-hfad-1_benefit.landmarks-mediapipe-world.csv,pk-hfad-1_benefit,89,89007
pk-hfad-1_benefit.landmarks-mediapipe-world.csv,pk-hfad-1_benefit,89,89008
pk-hfad-1_benefit.landmarks-mediapipe-world.csv,pk-hfad-1_benefit,89,89010
pk-hfad-1_benefit.landmarks-mediapipe-world.csv,pk-hfad-1_benefit,89,89004
pk-hfad-1_beverage.landmarks-mediapipe-world.csv,pk-hfad-1_beverage,90,-1
pk-hfad-1_beverage.landmarks-mediapipe-world.csv,pk-hfad-1_beverage,90,90005
pk-hfad-1_beverage.landmarks-mediapipe-world.csv,pk-hfad-1_beverage,90,90004
pk-hfad-1_beverage.landmarks-mediapipe-world.csv,pk-hfad-1_beverage,90,90006
pk-hfad-1_beverage.landmarks-mediapipe-world.csv,pk-hfad-1_beverage,90,90011
pk-hfad-1_beverage.landmarks-mediapipe-world.csv,pk-hfad-1_beverage,90,90008
pk-hfad-1_beverage.landmarks-mediapipe-world.csv,pk-hfad-1_beverage,90,90010
pk-hfad-1_beverage.landmarks-mediapipe-world.csv,pk-hfad-1_beverage,90,90009
pk-hfad-1_birthday.landmarks-mediapipe-world.csv,pk-hfad-1_birthday,91,-1
pk-hfad-1_birthday.landmarks-mediapipe-world.csv,pk-hfad-1_birthday,91,91001
pk-hfad-1_birthday.landmarks-mediapipe-world.csv,pk-hfad-1_birthday,91,91005
pk-hfad-1_birthday.landmarks-mediapipe-world.csv,pk-hfad-1_birthday,91,91011
pk-hfad-1_birthday.landmarks-mediapipe-world.csv,pk-hfad-1_birthday,91,91008
pk-hfad-1_birthday.landmarks-mediapipe-world.csv,pk-hfad-1_birthday,91,91010
pk-hfad-1_birthday.landmarks-mediapipe-world.csv,pk-hfad-1_birthday,91,91003
pk-hfad-1_birthday.landmarks-mediapipe-world.csv,pk-hfad-1_birthday,91,91007
pk-hfad-1_biscuit.landmarks-mediapipe-world.csv,pk-hfad-1_biscuit,92,-1
pk-hfad-1_biscuit.landmarks-mediapipe-world.csv,pk-hfad-1_biscuit,92,92002
pk-hfad-1_biscuit.landmarks-mediapipe-world.csv,pk-hfad-1_biscuit,92,92008
pk-hfad-1_biscuit.landmarks-mediapipe-world.csv,pk-hfad-1_biscuit,92,92007
pk-hfad-1_biscuit.landmarks-mediapipe-world.csv,pk-hfad-1_biscuit,92,92005
pk-hfad-1_biscuit.landmarks-mediapipe-world.csv,pk-hfad-1_biscuit,92,92006
pk-hfad-1_biscuit.landmarks-mediapipe-world.csv,pk-hfad-1_biscuit,92,92011
pk-hfad-1_biscuit.landmarks-mediapipe-world.csv,pk-hfad-1_biscuit,92,92004
pk-hfad-1_black.landmarks-mediapipe-world.csv,pk-hfad-1_black,93,-1
pk-hfad-1_black.landmarks-mediapipe-world.csv,pk-hfad-1_black,93,93006
pk-hfad-1_black.landmarks-mediapipe-world.csv,pk-hfad-1_black,93,93007
pk-hfad-1_black.landmarks-mediapipe-world.csv,pk-hfad-1_black,93,93010
pk-hfad-1_black.landmarks-mediapipe-world.csv,pk-hfad-1_black,93,93003
pk-hfad-1_black.landmarks-mediapipe-world.csv,pk-hfad-1_black,93,93011
pk-hfad-1_black.landmarks-mediapipe-world.csv,pk-hfad-1_black,93,93009
pk-hfad-1_black.landmarks-mediapipe-world.csv,pk-hfad-1_black,93,93001
pk-hfad-1_blessing.landmarks-mediapipe-world.csv,pk-hfad-1_blessing,94,-1
pk-hfad-1_blessing.landmarks-mediapipe-world.csv,pk-hfad-1_blessing,94,94010
pk-hfad-1_blessing.landmarks-mediapipe-world.csv,pk-hfad-1_blessing,94,94009
pk-hfad-1_blessing.landmarks-mediapipe-world.csv,pk-hfad-1_blessing,94,94005
pk-hfad-1_blessing.landmarks-mediapipe-world.csv,pk-hfad-1_blessing,94,94008
pk-hfad-1_blessing.landmarks-mediapipe-world.csv,pk-hfad-1_blessing,94,94004
pk-hfad-1_blessing.landmarks-mediapipe-world.csv,pk-hfad-1_blessing,94,94002
pk-hfad-1_blessing.landmarks-mediapipe-world.csv,pk-hfad-1_blessing,94,94003
pk-hfad-1_blue.landmarks-mediapipe-world.csv,pk-hfad-1_blue,95,-1
pk-hfad-1_blue.landmarks-mediapipe-world.csv,pk-hfad-1_blue,95,95010
pk-hfad-1_blue.landmarks-mediapipe-world.csv,pk-hfad-1_blue,95,95006
pk-hfad-1_blue.landmarks-mediapipe-world.csv,pk-hfad-1_blue,95,95003
pk-hfad-1_blue.landmarks-mediapipe-world.csv,pk-hfad-1_blue,95,95008
pk-hfad-1_blue.landmarks-mediapipe-world.csv,pk-hfad-1_blue,95,95005
pk-hfad-1_blue.landmarks-mediapipe-world.csv,pk-hfad-1_blue,95,95007
pk-hfad-1_blue.landmarks-mediapipe-world.csv,pk-hfad-1_blue,95,95001
pk-hfad-1_book.landmarks-mediapipe-world.csv,pk-hfad-1_book,96,-1
pk-hfad-1_book.landmarks-mediapipe-world.csv,pk-hfad-1_book,96,96007
pk-hfad-1_book.landmarks-mediapipe-world.csv,pk-hfad-1_book,96,96005
pk-hfad-1_book.landmarks-mediapipe-world.csv,pk-hfad-1_book,96,96010
pk-hfad-1_book.landmarks-mediapipe-world.csv,pk-hfad-1_book,96,96003
pk-hfad-1_book.landmarks-mediapipe-world.csv,pk-hfad-1_book,96,96008
pk-hfad-1_book.landmarks-mediapipe-world.csv,pk-hfad-1_book,96,96009
pk-hfad-1_book.landmarks-mediapipe-world.csv,pk-hfad-1_book,96,96002
pk-hfad-1_bookshop.landmarks-mediapipe-world.csv,pk-hfad-1_bookshop,97,-1
pk-hfad-1_bookshop.landmarks-mediapipe-world.csv,pk-hfad-1_bookshop,97,97004
pk-hfad-1_bookshop.landmarks-mediapipe-world.csv,pk-hfad-1_bookshop,97,97010
pk-hfad-1_bookshop.landmarks-mediapipe-world.csv,pk-hfad-1_bookshop,97,97007
pk-hfad-1_bookshop.landmarks-mediapipe-world.csv,pk-hfad-1_bookshop,97,97002
pk-hfad-1_bookshop.landmarks-mediapipe-world.csv,pk-hfad-1_bookshop,97,97005
pk-hfad-1_bookshop.landmarks-mediapipe-world.csv,pk-hfad-1_bookshop,97,97009
pk-hfad-1_bookshop.landmarks-mediapipe-world.csv,pk-hfad-1_bookshop,97,97003
pk-hfad-1_bottle(noun).landmarks-mediapipe-world.csv,pk-hfad-1_bottle(noun),98,-1
pk-hfad-1_bottle(noun).landmarks-mediapipe-world.csv,pk-hfad-1_bottle(noun),98,98003
pk-hfad-1_bottle(noun).landmarks-mediapipe-world.csv,pk-hfad-1_bottle(noun),98,98008
pk-hfad-1_bottle(noun).landmarks-mediapipe-world.csv,pk-hfad-1_bottle(noun),98,98004
pk-hfad-1_bottle(noun).landmarks-mediapipe-world.csv,pk-hfad-1_bottle(noun),98,98005
pk-hfad-1_bottle(noun).landmarks-mediapipe-world.csv,pk-hfad-1_bottle(noun),98,98009
pk-hfad-1_bottle(noun).landmarks-mediapipe-world.csv,pk-hfad-1_bottle(noun),98,98011
pk-hfad-1_bottle(noun).landmarks-mediapipe-world.csv,pk-hfad-1_bottle(noun),98,98002
pk-hfad-1_boy.landmarks-mediapipe-world.csv,pk-hfad-1_boy,99,-1
pk-hfad-1_boy.landmarks-mediapipe-world.csv,pk-hfad-1_boy,99,99008
pk-hfad-1_boy.landmarks-mediapipe-world.csv,pk-hfad-1_boy,99,99006
pk-hfad-1_boy.landmarks-mediapipe-world.csv,pk-hfad-1_boy,99,99004
pk-hfad-1_boy.landmarks-mediapipe-world.csv,pk-hfad-1_boy,99,99011
pk-hfad-1_boy.landmarks-mediapipe-world.csv,pk-hfad-1_boy,99,99001
pk-hfad-1_boy.landmarks-mediapipe-world.csv,pk-hfad-1_boy,99,99010
pk-hfad-1_boy.landmarks-mediapipe-world.csv,pk-hfad-1_boy,99,99005
pk-hfad-1_bread.landmarks-mediapipe-world.csv,pk-hfad-1_bread,100,-1
pk-hfad-1_bread.landmarks-mediapipe-world.csv,pk-hfad-1_bread,100,100001
pk-hfad-1_bread.landmarks-mediapipe-world.csv,pk-hfad-1_bread,100,100007
pk-hfad-1_bread.landmarks-mediapipe-world.csv,pk-hfad-1_bread,100,100010
pk-hfad-1_bread.landmarks-mediapipe-world.csv,pk-hfad-1_bread,100,100003
pk-hfad-1_bread.landmarks-mediapipe-world.csv,pk-hfad-1_bread,100,100006
pk-hfad-1_bread.landmarks-mediapipe-world.csv,pk-hfad-1_bread,100,100002
pk-hfad-1_bread.landmarks-mediapipe-world.csv,pk-hfad-1_bread,100,100004
pk-hfad-1_break(pause).landmarks-mediapipe-world.csv,pk-hfad-1_break(pause),101,-1
pk-hfad-1_break(pause).landmarks-mediapipe-world.csv,pk-hfad-1_break(pause),101,101001
pk-hfad-1_break(pause).landmarks-mediapipe-world.csv,pk-hfad-1_break(pause),101,101002
pk-hfad-1_break(pause).landmarks-mediapipe-world.csv,pk-hfad-1_break(pause),101,101011
pk-hfad-1_break(pause).landmarks-mediapipe-world.csv,pk-hfad-1_break(pause),101,101005
pk-hfad-1_break(pause).landmarks-mediapipe-world.csv,pk-hfad-1_break(pause),101,101006
pk-hfad-1_break(pause).landmarks-mediapipe-world.csv,pk-hfad-1_break(pause),101,101007
pk-hfad-1_break(pause).landmarks-mediapipe-world.csv,pk-hfad-1_break(pause),101,101003
pk-hfad-1_bribery.landmarks-mediapipe-world.csv,pk-hfad-1_bribery,102,-1
pk-hfad-1_bribery.landmarks-mediapipe-world.csv,pk-hfad-1_bribery,102,102006
pk-hfad-1_bribery.landmarks-mediapipe-world.csv,pk-hfad-1_bribery,102,102003
pk-hfad-1_bribery.landmarks-mediapipe-world.csv,pk-hfad-1_bribery,102,102007
pk-hfad-1_bribery.landmarks-mediapipe-world.csv,pk-hfad-1_bribery,102,102002
pk-hfad-1_bribery.landmarks-mediapipe-world.csv,pk-hfad-1_bribery,102,102009
pk-hfad-1_bribery.landmarks-mediapipe-world.csv,pk-hfad-1_bribery,102,102005
pk-hfad-1_bribery.landmarks-mediapipe-world.csv,pk-hfad-1_bribery,102,102011
pk-hfad-1_brother.landmarks-mediapipe-world.csv,pk-hfad-1_brother,103,-1
pk-hfad-1_brother.landmarks-mediapipe-world.csv,pk-hfad-1_brother,103,103001
pk-hfad-1_brother.landmarks-mediapipe-world.csv,pk-hfad-1_brother,103,103008
pk-hfad-1_brother.landmarks-mediapipe-world.csv,pk-hfad-1_brother,103,103006
pk-hfad-1_brother.landmarks-mediapipe-world.csv,pk-hfad-1_brother,103,103003
pk-hfad-1_brother.landmarks-mediapipe-world.csv,pk-hfad-1_brother,103,103005
pk-hfad-1_brother.landmarks-mediapipe-world.csv,pk-hfad-1_brother,103,103002
pk-hfad-1_brother.landmarks-mediapipe-world.csv,pk-hfad-1_brother,103,103009
pk-hfad-1_brothers-daughter.landmarks-mediapipe-world.csv,pk-hfad-1_brothers-daughter,104,-1
pk-hfad-1_brothers-daughter.landmarks-mediapipe-world.csv,pk-hfad-1_brothers-daughter,104,104002
pk-hfad-1_brothers-daughter.landmarks-mediapipe-world.csv,pk-hfad-1_brothers-daughter,104,104005
pk-hfad-1_brothers-daughter.landmarks-mediapipe-world.csv,pk-hfad-1_brothers-daughter,104,104007
pk-hfad-1_brothers-daughter.landmarks-mediapipe-world.csv,pk-hfad-1_brothers-daughter,104,104011
pk-hfad-1_brothers-daughter.landmarks-mediapipe-world.csv,pk-hfad-1_brothers-daughter,104,104003
pk-hfad-1_brothers-daughter.landmarks-mediapipe-world.csv,pk-hfad-1_brothers-daughter,104,104004
pk-hfad-1_brothers-daughter.landmarks-mediapipe-world.csv,pk-hfad-1_brothers-daughter,104,104001
pk-hfad-1_brothers-son.landmarks-mediapipe-world.csv,pk-hfad-1_brothers-son,105,-1
pk-hfad-1_brothers-son.landmarks-mediapipe-world.csv,pk-hfad-1_brothers-son,105,105001
pk-hfad-1_brothers-son.landmarks-mediapipe-world.csv,pk-hfad-1_brothers-son,105,105005
pk-hfad-1_brothers-son.landmarks-mediapipe-world.csv,pk-hfad-1_brothers-son,105,105010
pk-hfad-1_brothers-son.landmarks-mediapipe-world.csv,pk-hfad-1_brothers-son,105,105009
pk-hfad-1_brothers-son.landmarks-mediapipe-world.csv,pk-hfad-1_brothers-son,105,105006
pk-hfad-1_brothers-son.landmarks-mediapipe-world.csv,pk-hfad-1_brothers-son,105,105011
pk-hfad-1_brothers-son.landmarks-mediapipe-world.csv,pk-hfad-1_brothers-son,105,105003
pk-hfad-1_brothers-wife.landmarks-mediapipe-world.csv,pk-hfad-1_brothers-wife,106,-1
pk-hfad-1_brothers-wife.landmarks-mediapipe-world.csv,pk-hfad-1_brothers-wife,106,106004
pk-hfad-1_brothers-wife.landmarks-mediapipe-world.csv,pk-hfad-1_brothers-wife,106,106011
pk-hfad-1_brothers-wife.landmarks-mediapipe-world.csv,pk-hfad-1_brothers-wife,106,106006
pk-hfad-1_brothers-wife.landmarks-mediapipe-world.csv,pk-hfad-1_brothers-wife,106,106002
pk-hfad-1_brothers-wife.landmarks-mediapipe-world.csv,pk-hfad-1_brothers-wife,106,106005
pk-hfad-1_brothers-wife.landmarks-mediapipe-world.csv,pk-hfad-1_brothers-wife,106,106003
pk-hfad-1_brothers-wife.landmarks-mediapipe-world.csv,pk-hfad-1_brothers-wife,106,106008
pk-hfad-1_brown.landmarks-mediapipe-world.csv,pk-hfad-1_brown,107,-1
pk-hfad-1_brown.landmarks-mediapipe-world.csv,pk-hfad-1_brown,107,107002
pk-hfad-1_brown.landmarks-mediapipe-world.csv,pk-hfad-1_brown,107,107008
pk-hfad-1_brown.landmarks-mediapipe-world.csv,pk-hfad-1_brown,107,107007
pk-hfad-1_brown.landmarks-mediapipe-world.csv,pk-hfad-1_brown,107,107005
pk-hfad-1_brown.landmarks-mediapipe-world.csv,pk-hfad-1_brown,107,107011
pk-hfad-1_brown.landmarks-mediapipe-world.csv,pk-hfad-1_brown,107,107009
pk-hfad-1_brown.landmarks-mediapipe-world.csv,pk-hfad-1_brown,107,107001
pk-hfad-1_bunny.landmarks-mediapipe-world.csv,pk-hfad-1_bunny,108,-1
pk-hfad-1_bunny.landmarks-mediapipe-world.csv,pk-hfad-1_bunny,108,108011
pk-hfad-1_bunny.landmarks-mediapipe-world.csv,pk-hfad-1_bunny,108,108007
pk-hfad-1_bunny.landmarks-mediapipe-world.csv,pk-hfad-1_bunny,108,108001
pk-hfad-1_bunny.landmarks-mediapipe-world.csv,pk-hfad-1_bunny,108,108003
pk-hfad-1_bunny.landmarks-mediapipe-world.csv,pk-hfad-1_bunny,108,108010
pk-hfad-1_bunny.landmarks-mediapipe-world.csv,pk-hfad-1_bunny,108,108004
pk-hfad-1_bunny.landmarks-mediapipe-world.csv,pk-hfad-1_bunny,108,108005
pk-hfad-1_burger.landmarks-mediapipe-world.csv,pk-hfad-1_burger,109,-1
pk-hfad-1_burger.landmarks-mediapipe-world.csv,pk-hfad-1_burger,109,109009
pk-hfad-1_burger.landmarks-mediapipe-world.csv,pk-hfad-1_burger,109,109008
pk-hfad-1_burger.landmarks-mediapipe-world.csv,pk-hfad-1_burger,109,109002
pk-hfad-1_burger.landmarks-mediapipe-world.csv,pk-hfad-1_burger,109,109001
pk-hfad-1_burger.landmarks-mediapipe-world.csv,pk-hfad-1_burger,109,109006
pk-hfad-1_burger.landmarks-mediapipe-world.csv,pk-hfad-1_burger,109,109007
pk-hfad-1_burger.landmarks-mediapipe-world.csv,pk-hfad-1_burger,109,109003
pk-hfad-1_bus-stop.landmarks-mediapipe-world.csv,pk-hfad-1_bus-stop,111,-1
pk-hfad-1_bus-stop.landmarks-mediapipe-world.csv,pk-hfad-1_bus-stop,111,111010
pk-hfad-1_bus-stop.landmarks-mediapipe-world.csv,pk-hfad-1_bus-stop,111,111006
pk-hfad-1_bus-stop.landmarks-mediapipe-world.csv,pk-hfad-1_bus-stop,111,111004
pk-hfad-1_bus-stop.landmarks-mediapipe-world.csv,pk-hfad-1_bus-stop,111,111007
pk-hfad-1_bus-stop.landmarks-mediapipe-world.csv,pk-hfad-1_bus-stop,111,111002
pk-hfad-1_bus-stop.landmarks-mediapipe-world.csv,pk-hfad-1_bus-stop,111,111001
pk-hfad-1_bus-stop.landmarks-mediapipe-world.csv,pk-hfad-1_bus-stop,111,111003
pk-hfad-1_bus.landmarks-mediapipe-world.csv,pk-hfad-1_bus,110,-1
pk-hfad-1_bus.landmarks-mediapipe-world.csv,pk-hfad-1_bus,110,110007
pk-hfad-1_bus.landmarks-mediapipe-world.csv,pk-hfad-1_bus,110,110003
pk-hfad-1_bus.landmarks-mediapipe-world.csv,pk-hfad-1_bus,110,110006
pk-hfad-1_bus.landmarks-mediapipe-world.csv,pk-hfad-1_bus,110,110002
pk-hfad-1_bus.landmarks-mediapipe-world.csv,pk-hfad-1_bus,110,110008
pk-hfad-1_bus.landmarks-mediapipe-world.csv,pk-hfad-1_bus,110,110001
pk-hfad-1_bus.landmarks-mediapipe-world.csv,pk-hfad-1_bus,110,110011
pk-hfad-1_busy.landmarks-mediapipe-world.csv,pk-hfad-1_busy,112,-1
pk-hfad-1_busy.landmarks-mediapipe-world.csv,pk-hfad-1_busy,112,112001
pk-hfad-1_busy.landmarks-mediapipe-world.csv,pk-hfad-1_busy,112,112008
pk-hfad-1_busy.landmarks-mediapipe-world.csv,pk-hfad-1_busy,112,112002
pk-hfad-1_busy.landmarks-mediapipe-world.csv,pk-hfad-1_busy,112,112009
pk-hfad-1_busy.landmarks-mediapipe-world.csv,pk-hfad-1_busy,112,112007
pk-hfad-1_busy.landmarks-mediapipe-world.csv,pk-hfad-1_busy,112,112011
pk-hfad-1_busy.landmarks-mediapipe-world.csv,pk-hfad-1_busy,112,112010
pk-hfad-1_butter.landmarks-mediapipe-world.csv,pk-hfad-1_butter,113,-1
pk-hfad-1_butter.landmarks-mediapipe-world.csv,pk-hfad-1_butter,113,113010
pk-hfad-1_butter.landmarks-mediapipe-world.csv,pk-hfad-1_butter,113,113001
pk-hfad-1_butter.landmarks-mediapipe-world.csv,pk-hfad-1_butter,113,113007
pk-hfad-1_butter.landmarks-mediapipe-world.csv,pk-hfad-1_butter,113,113006
pk-hfad-1_butter.landmarks-mediapipe-world.csv,pk-hfad-1_butter,113,113009
pk-hfad-1_butter.landmarks-mediapipe-world.csv,pk-hfad-1_butter,113,113005
pk-hfad-1_butter.landmarks-mediapipe-world.csv,pk-hfad-1_butter,113,113004
pk-hfad-1_c(double-handed-letter).landmarks-mediapipe-world.csv,pk-hfad-1_c(double-handed-letter),114,-1
pk-hfad-1_c(double-handed-letter).landmarks-mediapipe-world.csv,pk-hfad-1_c(double-handed-letter),114,114011
pk-hfad-1_c(double-handed-letter).landmarks-mediapipe-world.csv,pk-hfad-1_c(double-handed-letter),114,114007
pk-hfad-1_c(double-handed-letter).landmarks-mediapipe-world.csv,pk-hfad-1_c(double-handed-letter),114,114001
pk-hfad-1_c(double-handed-letter).landmarks-mediapipe-world.csv,pk-hfad-1_c(double-handed-letter),114,114005
pk-hfad-1_c(double-handed-letter).landmarks-mediapipe-world.csv,pk-hfad-1_c(double-handed-letter),114,114004
pk-hfad-1_c(double-handed-letter).landmarks-mediapipe-world.csv,pk-hfad-1_c(double-handed-letter),114,114003
pk-hfad-1_c(double-handed-letter).landmarks-mediapipe-world.csv,pk-hfad-1_c(double-handed-letter),114,114009
pk-hfad-1_c(single-handed-letter).landmarks-mediapipe-world.csv,pk-hfad-1_c(single-handed-letter),115,-1
pk-hfad-1_c(single-handed-letter).landmarks-mediapipe-world.csv,pk-hfad-1_c(single-handed-letter),115,115001
pk-hfad-1_c(single-handed-letter).landmarks-mediapipe-world.csv,pk-hfad-1_c(single-handed-letter),115,115004
pk-hfad-1_c(single-handed-letter).landmarks-mediapipe-world.csv,pk-hfad-1_c(single-handed-letter),115,115003
pk-hfad-1_c(single-handed-letter).landmarks-mediapipe-world.csv,pk-hfad-1_c(single-handed-letter),115,115005
pk-hfad-1_c(single-handed-letter).landmarks-mediapipe-world.csv,pk-hfad-1_c(single-handed-letter),115,115006
pk-hfad-1_c(single-handed-letter).landmarks-mediapipe-world.csv,pk-hfad-1_c(single-handed-letter),115,115010
pk-hfad-1_c(single-handed-letter).landmarks-mediapipe-world.csv,pk-hfad-1_c(single-handed-letter),115,115011
pk-hfad-1_cake.landmarks-mediapipe-world.csv,pk-hfad-1_cake,116,-1
pk-hfad-1_cake.landmarks-mediapipe-world.csv,pk-hfad-1_cake,116,116011
pk-hfad-1_cake.landmarks-mediapipe-world.csv,pk-hfad-1_cake,116,116008
pk-hfad-1_cake.landmarks-mediapipe-world.csv,pk-hfad-1_cake,116,116006
pk-hfad-1_cake.landmarks-mediapipe-world.csv,pk-hfad-1_cake,116,116007
pk-hfad-1_cake.landmarks-mediapipe-world.csv,pk-hfad-1_cake,116,116002
pk-hfad-1_cake.landmarks-mediapipe-world.csv,pk-hfad-1_cake,116,116009
pk-hfad-1_cake.landmarks-mediapipe-world.csv,pk-hfad-1_cake,116,116005
pk-hfad-1_calculator.landmarks-mediapipe-world.csv,pk-hfad-1_calculator,117,-1
pk-hfad-1_calculator.landmarks-mediapipe-world.csv,pk-hfad-1_calculator,117,117004
pk-hfad-1_calculator.landmarks-mediapipe-world.csv,pk-hfad-1_calculator,117,117010
pk-hfad-1_calculator.landmarks-mediapipe-world.csv,pk-hfad-1_calculator,117,117007
pk-hfad-1_calculator.landmarks-mediapipe-world.csv,pk-hfad-1_calculator,117,117003
pk-hfad-1_calculator.landmarks-mediapipe-world.csv,pk-hfad-1_calculator,117,117002
pk-hfad-1_calculator.landmarks-mediapipe-world.csv,pk-hfad-1_calculator,117,117009
pk-hfad-1_calculator.landmarks-mediapipe-world.csv,pk-hfad-1_calculator,117,117001
pk-hfad-1_calendar.landmarks-mediapipe-world.csv,pk-hfad-1_calendar,118,-1
pk-hfad-1_calendar.landmarks-mediapipe-world.csv,pk-hfad-1_calendar,118,118003
pk-hfad-1_calendar.landmarks-mediapipe-world.csv,pk-hfad-1_calendar,118,118007
pk-hfad-1_calendar.landmarks-mediapipe-world.csv,pk-hfad-1_calendar,118,118005
pk-hfad-1_calendar.landmarks-mediapipe-world.csv,pk-hfad-1_calendar,118,118006
pk-hfad-1_calendar.landmarks-mediapipe-world.csv,pk-hfad-1_calendar,118,118001
pk-hfad-1_calendar.landmarks-mediapipe-world.csv,pk-hfad-1_calendar,118,118011
pk-hfad-1_calendar.landmarks-mediapipe-world.csv,pk-hfad-1_calendar,118,118008
pk-hfad-1_calm.landmarks-mediapipe-world.csv,pk-hfad-1_calm,119,-1
pk-hfad-1_calm.landmarks-mediapipe-world.csv,pk-hfad-1_calm,119,119008
pk-hfad-1_calm.landmarks-mediapipe-world.csv,pk-hfad-1_calm,119,119011
pk-hfad-1_calm.landmarks-mediapipe-world.csv,pk-hfad-1_calm,119,119002
pk-hfad-1_calm.landmarks-mediapipe-world.csv,pk-hfad-1_calm,119,119004
pk-hfad-1_calm.landmarks-mediapipe-world.csv,pk-hfad-1_calm,119,119006
pk-hfad-1_calm.landmarks-mediapipe-world.csv,pk-hfad-1_calm,119,119007
pk-hfad-1_calm.landmarks-mediapipe-world.csv,pk-hfad-1_calm,119,119005
pk-hfad-1_came-and-went.landmarks-mediapipe-world.csv,pk-hfad-1_came-and-went,120,-1
pk-hfad-1_came-and-went.landmarks-mediapipe-world.csv,pk-hfad-1_came-and-went,120,120010
pk-hfad-1_came-and-went.landmarks-mediapipe-world.csv,pk-hfad-1_came-and-went,120,120004
pk-hfad-1_came-and-went.landmarks-mediapipe-world.csv,pk-hfad-1_came-and-went,120,120003
pk-hfad-1_came-and-went.landmarks-mediapipe-world.csv,pk-hfad-1_came-and-went,120,120009
pk-hfad-1_came-and-went.landmarks-mediapipe-world.csv,pk-hfad-1_came-and-went,120,120001
pk-hfad-1_came-and-went.landmarks-mediapipe-world.csv,pk-hfad-1_came-and-went,120,120011
pk-hfad-1_came-and-went.landmarks-mediapipe-world.csv,pk-hfad-1_came-and-went,120,120007
pk-hfad-1_camel.landmarks-mediapipe-world.csv,pk-hfad-1_camel,121,-1
pk-hfad-1_camel.landmarks-mediapipe-world.csv,pk-hfad-1_camel,121,121005
pk-hfad-1_camel.landmarks-mediapipe-world.csv,pk-hfad-1_camel,121,121009
pk-hfad-1_camel.landmarks-mediapipe-world.csv,pk-hfad-1_camel,121,121006
pk-hfad-1_camel.landmarks-mediapipe-world.csv,pk-hfad-1_camel,121,121002
pk-hfad-1_camel.landmarks-mediapipe-world.csv,pk-hfad-1_camel,121,121008
pk-hfad-1_camel.landmarks-mediapipe-world.csv,pk-hfad-1_camel,121,121011
pk-hfad-1_camel.landmarks-mediapipe-world.csv,pk-hfad-1_camel,121,121004
pk-hfad-1_camera.landmarks-mediapipe-world.csv,pk-hfad-1_camera,122,-1
pk-hfad-1_camera.landmarks-mediapipe-world.csv,pk-hfad-1_camera,122,122005
pk-hfad-1_camera.landmarks-mediapipe-world.csv,pk-hfad-1_camera,122,122004
pk-hfad-1_camera.landmarks-mediapipe-world.csv,pk-hfad-1_camera,122,122002
pk-hfad-1_camera.landmarks-mediapipe-world.csv,pk-hfad-1_camera,122,122003
pk-hfad-1_camera.landmarks-mediapipe-world.csv,pk-hfad-1_camera,122,122008
pk-hfad-1_camera.landmarks-mediapipe-world.csv,pk-hfad-1_camera,122,122001
pk-hfad-1_camera.landmarks-mediapipe-world.csv,pk-hfad-1_camera,122,122010
pk-hfad-1_canal.landmarks-mediapipe-world.csv,pk-hfad-1_canal,123,-1
pk-hfad-1_canal.landmarks-mediapipe-world.csv,pk-hfad-1_canal,123,123008
pk-hfad-1_canal.landmarks-mediapipe-world.csv,pk-hfad-1_canal,123,123005
pk-hfad-1_canal.landmarks-mediapipe-world.csv,pk-hfad-1_canal,123,123007
pk-hfad-1_canal.landmarks-mediapipe-world.csv,pk-hfad-1_canal,123,123006
pk-hfad-1_canal.landmarks-mediapipe-world.csv,pk-hfad-1_canal,123,123004
pk-hfad-1_canal.landmarks-mediapipe-world.csv,pk-hfad-1_canal,123,123010
pk-hfad-1_canal.landmarks-mediapipe-world.csv,pk-hfad-1_canal,123,123002
pk-hfad-1_car.landmarks-mediapipe-world.csv,pk-hfad-1_car,124,-1
pk-hfad-1_car.landmarks-mediapipe-world.csv,pk-hfad-1_car,124,124010
pk-hfad-1_car.landmarks-mediapipe-world.csv,pk-hfad-1_car,124,124005
pk-hfad-1_car.landmarks-mediapipe-world.csv,pk-hfad-1_car,124,124001
pk-hfad-1_car.landmarks-mediapipe-world.csv,pk-hfad-1_car,124,124009
pk-hfad-1_car.landmarks-mediapipe-world.csv,pk-hfad-1_car,124,124011
pk-hfad-1_car.landmarks-mediapipe-world.csv,pk-hfad-1_car,124,124004
pk-hfad-1_car.landmarks-mediapipe-world.csv,pk-hfad-1_car,124,124006
pk-hfad-1_carrot.landmarks-mediapipe-world.csv,pk-hfad-1_carrot,125,-1
pk-hfad-1_carrot.landmarks-mediapipe-world.csv,pk-hfad-1_carrot,125,125004
pk-hfad-1_carrot.landmarks-mediapipe-world.csv,pk-hfad-1_carrot,125,125001
pk-hfad-1_carrot.landmarks-mediapipe-world.csv,pk-hfad-1_carrot,125,125008
pk-hfad-1_carrot.landmarks-mediapipe-world.csv,pk-hfad-1_carrot,125,125002
pk-hfad-1_carrot.landmarks-mediapipe-world.csv,pk-hfad-1_carrot,125,125010
pk-hfad-1_carrot.landmarks-mediapipe-world.csv,pk-hfad-1_carrot,125,125011
pk-hfad-1_carrot.landmarks-mediapipe-world.csv,pk-hfad-1_carrot,125,125007
pk-hfad-1_cartoon.landmarks-mediapipe-world.csv,pk-hfad-1_cartoon,126,-1
pk-hfad-1_cartoon.landmarks-mediapipe-world.csv,pk-hfad-1_cartoon,126,126009
pk-hfad-1_cartoon.landmarks-mediapipe-world.csv,pk-hfad-1_cartoon,126,126003
pk-hfad-1_cartoon.landmarks-mediapipe-world.csv,pk-hfad-1_cartoon,126,126006
pk-hfad-1_cartoon.landmarks-mediapipe-world.csv,pk-hfad-1_cartoon,126,126005
pk-hfad-1_cartoon.landmarks-mediapipe-world.csv,pk-hfad-1_cartoon,126,126010
pk-hfad-1_cartoon.landmarks-mediapipe-world.csv,pk-hfad-1_cartoon,126,126001
pk-hfad-1_cartoon.landmarks-mediapipe-world.csv,pk-hfad-1_cartoon,126,126004
pk-hfad-1_castle.landmarks-mediapipe-world.csv,pk-hfad-1_castle,127,-1
pk-hfad-1_castle.landmarks-mediapipe-world.csv,pk-hfad-1_castle,127,127007
pk-hfad-1_castle.landmarks-mediapipe-world.csv,pk-hfad-1_castle,127,127006
pk-hfad-1_castle.landmarks-mediapipe-world.csv,pk-hfad-1_castle,127,127005
pk-hfad-1_castle.landmarks-mediapipe-world.csv,pk-hfad-1_castle,127,127008
pk-hfad-1_castle.landmarks-mediapipe-world.csv,pk-hfad-1_castle,127,127003
pk-hfad-1_castle.landmarks-mediapipe-world.csv,pk-hfad-1_castle,127,127001
pk-hfad-1_castle.landmarks-mediapipe-world.csv,pk-hfad-1_castle,127,127011
pk-hfad-1_cat.landmarks-mediapipe-world.csv,pk-hfad-1_cat,128,-1
pk-hfad-1_cat.landmarks-mediapipe-world.csv,pk-hfad-1_cat,128,128010
pk-hfad-1_cat.landmarks-mediapipe-world.csv,pk-hfad-1_cat,128,128003
pk-hfad-1_cat.landmarks-mediapipe-world.csv,pk-hfad-1_cat,128,128001
pk-hfad-1_cat.landmarks-mediapipe-world.csv,pk-hfad-1_cat,128,128007
pk-hfad-1_cat.landmarks-mediapipe-world.csv,pk-hfad-1_cat,128,128002
pk-hfad-1_cat.landmarks-mediapipe-world.csv,pk-hfad-1_cat,128,128004
pk-hfad-1_cat.landmarks-mediapipe-world.csv,pk-hfad-1_cat,128,128008
pk-hfad-1_cauliflower.landmarks-mediapipe-world.csv,pk-hfad-1_cauliflower,129,-1
pk-hfad-1_cauliflower.landmarks-mediapipe-world.csv,pk-hfad-1_cauliflower,129,129009
pk-hfad-1_cauliflower.landmarks-mediapipe-world.csv,pk-hfad-1_cauliflower,129,129006
pk-hfad-1_cauliflower.landmarks-mediapipe-world.csv,pk-hfad-1_cauliflower,129,129003
pk-hfad-1_cauliflower.landmarks-mediapipe-world.csv,pk-hfad-1_cauliflower,129,129007
pk-hfad-1_cauliflower.landmarks-mediapipe-world.csv,pk-hfad-1_cauliflower,129,129002
pk-hfad-1_cauliflower.landmarks-mediapipe-world.csv,pk-hfad-1_cauliflower,129,129011
pk-hfad-1_cauliflower.landmarks-mediapipe-world.csv,pk-hfad-1_cauliflower,129,129010
pk-hfad-1_celebration.landmarks-mediapipe-world.csv,pk-hfad-1_celebration,130,-1
pk-hfad-1_celebration.landmarks-mediapipe-world.csv,pk-hfad-1_celebration,130,130009
pk-hfad-1_celebration.landmarks-mediapipe-world.csv,pk-hfad-1_celebration,130,130008
pk-hfad-1_celebration.landmarks-mediapipe-world.csv,pk-hfad-1_celebration,130,130011
pk-hfad-1_celebration.landmarks-mediapipe-world.csv,pk-hfad-1_celebration,130,130006
pk-hfad-1_celebration.landmarks-mediapipe-world.csv,pk-hfad-1_celebration,130,130007
pk-hfad-1_celebration.landmarks-mediapipe-world.csv,pk-hfad-1_celebration,130,130005
pk-hfad-1_celebration.landmarks-mediapipe-world.csv,pk-hfad-1_celebration,130,130003
pk-hfad-1_cey.landmarks-mediapipe-world.csv,pk-hfad-1_cey,131,-1
pk-hfad-1_cey.landmarks-mediapipe-world.csv,pk-hfad-1_cey,131,131003
pk-hfad-1_cey.landmarks-mediapipe-world.csv,pk-hfad-1_cey,131,131002
pk-hfad-1_cey.landmarks-mediapipe-world.csv,pk-hfad-1_cey,131,131007
pk-hfad-1_cey.landmarks-mediapipe-world.csv,pk-hfad-1_cey,131,131006
pk-hfad-1_cey.landmarks-mediapipe-world.csv,pk-hfad-1_cey,131,131009
pk-hfad-1_cey.landmarks-mediapipe-world.csv,pk-hfad-1_cey,131,131008
pk-hfad-1_cey.landmarks-mediapipe-world.csv,pk-hfad-1_cey,131,131011
pk-hfad-1_chair.landmarks-mediapipe-world.csv,pk-hfad-1_chair,132,-1
pk-hfad-1_chair.landmarks-mediapipe-world.csv,pk-hfad-1_chair,132,132011
pk-hfad-1_chair.landmarks-mediapipe-world.csv,pk-hfad-1_chair,132,132003
pk-hfad-1_chair.landmarks-mediapipe-world.csv,pk-hfad-1_chair,132,132004
pk-hfad-1_chair.landmarks-mediapipe-world.csv,pk-hfad-1_chair,132,132007
pk-hfad-1_chair.landmarks-mediapipe-world.csv,pk-hfad-1_chair,132,132001
pk-hfad-1_chair.landmarks-mediapipe-world.csv,pk-hfad-1_chair,132,132008
pk-hfad-1_chair.landmarks-mediapipe-world.csv,pk-hfad-1_chair,132,132009
pk-hfad-1_chairman.landmarks-mediapipe-world.csv,pk-hfad-1_chairman,133,-1
pk-hfad-1_chairman.landmarks-mediapipe-world.csv,pk-hfad-1_chairman,133,133006
pk-hfad-1_chairman.landmarks-mediapipe-world.csv,pk-hfad-1_chairman,133,133005
pk-hfad-1_chairman.landmarks-mediapipe-world.csv,pk-hfad-1_chairman,133,133010
pk-hfad-1_chairman.landmarks-mediapipe-world.csv,pk-hfad-1_chairman,133,133009
pk-hfad-1_chairman.landmarks-mediapipe-world.csv,pk-hfad-1_chairman,133,133007
pk-hfad-1_chairman.landmarks-mediapipe-world.csv,pk-hfad-1_chairman,133,133004
pk-hfad-1_chairman.landmarks-mediapipe-world.csv,pk-hfad-1_chairman,133,133001
pk-hfad-1_chakwal.landmarks-mediapipe-world.csv,pk-hfad-1_chakwal,134,-1
pk-hfad-1_chakwal.landmarks-mediapipe-world.csv,pk-hfad-1_chakwal,134,134006
pk-hfad-1_chakwal.landmarks-mediapipe-world.csv,pk-hfad-1_chakwal,134,134004
pk-hfad-1_chakwal.landmarks-mediapipe-world.csv,pk-hfad-1_chakwal,134,134005
pk-hfad-1_chakwal.landmarks-mediapipe-world.csv,pk-hfad-1_chakwal,134,134007
pk-hfad-1_chakwal.landmarks-mediapipe-world.csv,pk-hfad-1_chakwal,134,134003
pk-hfad-1_chakwal.landmarks-mediapipe-world.csv,pk-hfad-1_chakwal,134,134002
pk-hfad-1_chakwal.landmarks-mediapipe-world.csv,pk-hfad-1_chakwal,134,134011
pk-hfad-1_chana-chaat.landmarks-mediapipe-world.csv,pk-hfad-1_chana-chaat,135,-1
pk-hfad-1_chana-chaat.landmarks-mediapipe-world.csv,pk-hfad-1_chana-chaat,135,135007
pk-hfad-1_chana-chaat.landmarks-mediapipe-world.csv,pk-hfad-1_chana-chaat,135,135004
pk-hfad-1_chana-chaat.landmarks-mediapipe-world.csv,pk-hfad-1_chana-chaat,135,135010
pk-hfad-1_chana-chaat.landmarks-mediapipe-world.csv,pk-hfad-1_chana-chaat,135,135003
pk-hfad-1_chana-chaat.landmarks-mediapipe-world.csv,pk-hfad-1_chana-chaat,135,135009
pk-hfad-1_chana-chaat.landmarks-mediapipe-world.csv,pk-hfad-1_chana-chaat,135,135011
pk-hfad-1_chana-chaat.landmarks-mediapipe-world.csv,pk-hfad-1_chana-chaat,135,135002
pk-hfad-1_chauburji.landmarks-mediapipe-world.csv,pk-hfad-1_chauburji,136,-1
pk-hfad-1_chauburji.landmarks-mediapipe-world.csv,pk-hfad-1_chauburji,136,136008
pk-hfad-1_chauburji.landmarks-mediapipe-world.csv,pk-hfad-1_chauburji,136,136010
pk-hfad-1_chauburji.landmarks-mediapipe-world.csv,pk-hfad-1_chauburji,136,136001
pk-hfad-1_chauburji.landmarks-mediapipe-world.csv,pk-hfad-1_chauburji,136,136009
pk-hfad-1_chauburji.landmarks-mediapipe-world.csv,pk-hfad-1_chauburji,136,136011
pk-hfad-1_chauburji.landmarks-mediapipe-world.csv,pk-hfad-1_chauburji,136,136002
pk-hfad-1_chauburji.landmarks-mediapipe-world.csv,pk-hfad-1_chauburji,136,136003
pk-hfad-1_chaudhary.landmarks-mediapipe-world.csv,pk-hfad-1_chaudhary,137,-1
pk-hfad-1_chaudhary.landmarks-mediapipe-world.csv,pk-hfad-1_chaudhary,137,137007
pk-hfad-1_chaudhary.landmarks-mediapipe-world.csv,pk-hfad-1_chaudhary,137,137011
pk-hfad-1_chaudhary.landmarks-mediapipe-world.csv,pk-hfad-1_chaudhary,137,137001
pk-hfad-1_chaudhary.landmarks-mediapipe-world.csv,pk-hfad-1_chaudhary,137,137006
pk-hfad-1_chaudhary.landmarks-mediapipe-world.csv,pk-hfad-1_chaudhary,137,137008
pk-hfad-1_chaudhary.landmarks-mediapipe-world.csv,pk-hfad-1_chaudhary,137,137002
pk-hfad-1_chaudhary.landmarks-mediapipe-world.csv,pk-hfad-1_chaudhary,137,137010
pk-hfad-1_chcha.landmarks-mediapipe-world.csv,pk-hfad-1_chcha,138,-1
pk-hfad-1_chcha.landmarks-mediapipe-world.csv,pk-hfad-1_chcha,138,138011
pk-hfad-1_chcha.landmarks-mediapipe-world.csv,pk-hfad-1_chcha,138,138001
pk-hfad-1_chcha.landmarks-mediapipe-world.csv,pk-hfad-1_chcha,138,138005
pk-hfad-1_chcha.landmarks-mediapipe-world.csv,pk-hfad-1_chcha,138,138009
pk-hfad-1_chcha.landmarks-mediapipe-world.csv,pk-hfad-1_chcha,138,138002
pk-hfad-1_chcha.landmarks-mediapipe-world.csv,pk-hfad-1_chcha,138,138004
pk-hfad-1_chcha.landmarks-mediapipe-world.csv,pk-hfad-1_chcha,138,138008
pk-hfad-1_chchi.landmarks-mediapipe-world.csv,pk-hfad-1_chchi,139,-1
pk-hfad-1_chchi.landmarks-mediapipe-world.csv,pk-hfad-1_chchi,139,139007
pk-hfad-1_chchi.landmarks-mediapipe-world.csv,pk-hfad-1_chchi,139,139002
pk-hfad-1_chchi.landmarks-mediapipe-world.csv,pk-hfad-1_chchi,139,139004
pk-hfad-1_chchi.landmarks-mediapipe-world.csv,pk-hfad-1_chchi,139,139011
pk-hfad-1_chchi.landmarks-mediapipe-world.csv,pk-hfad-1_chchi,139,139008
pk-hfad-1_chchi.landmarks-mediapipe-world.csv,pk-hfad-1_chchi,139,139006
pk-hfad-1_chchi.landmarks-mediapipe-world.csv,pk-hfad-1_chchi,139,139010
pk-hfad-1_cheif.landmarks-mediapipe-world.csv,pk-hfad-1_cheif,140,-1
pk-hfad-1_cheif.landmarks-mediapipe-world.csv,pk-hfad-1_cheif,140,140006
pk-hfad-1_cheif.landmarks-mediapipe-world.csv,pk-hfad-1_cheif,140,140011
pk-hfad-1_cheif.landmarks-mediapipe-world.csv,pk-hfad-1_cheif,140,140004
pk-hfad-1_cheif.landmarks-mediapipe-world.csv,pk-hfad-1_cheif,140,140007
pk-hfad-1_cheif.landmarks-mediapipe-world.csv,pk-hfad-1_cheif,140,140002
pk-hfad-1_cheif.landmarks-mediapipe-world.csv,pk-hfad-1_cheif,140,140005
pk-hfad-1_cheif.landmarks-mediapipe-world.csv,pk-hfad-1_cheif,140,140010
pk-hfad-1_chey.landmarks-mediapipe-world.csv,pk-hfad-1_chey,141,-1
pk-hfad-1_chey.landmarks-mediapipe-world.csv,pk-hfad-1_chey,141,141004
pk-hfad-1_chey.landmarks-mediapipe-world.csv,pk-hfad-1_chey,141,141010
pk-hfad-1_chey.landmarks-mediapipe-world.csv,pk-hfad-1_chey,141,141006
pk-hfad-1_chey.landmarks-mediapipe-world.csv,pk-hfad-1_chey,141,141005
pk-hfad-1_chey.landmarks-mediapipe-world.csv,pk-hfad-1_chey,141,141001
pk-hfad-1_chey.landmarks-mediapipe-world.csv,pk-hfad-1_chey,141,141003
pk-hfad-1_chey.landmarks-mediapipe-world.csv,pk-hfad-1_chey,141,141007
pk-hfad-1_chicken-meat.landmarks-mediapipe-world.csv,pk-hfad-1_chicken-meat,143,-1
pk-hfad-1_chicken-meat.landmarks-mediapipe-world.csv,pk-hfad-1_chicken-meat,143,143008
pk-hfad-1_chicken-meat.landmarks-mediapipe-world.csv,pk-hfad-1_chicken-meat,143,143005
pk-hfad-1_chicken-meat.landmarks-mediapipe-world.csv,pk-hfad-1_chicken-meat,143,143007
pk-hfad-1_chicken-meat.landmarks-mediapipe-world.csv,pk-hfad-1_chicken-meat,143,143002
pk-hfad-1_chicken-meat.landmarks-mediapipe-world.csv,pk-hfad-1_chicken-meat,143,143004
pk-hfad-1_chicken-meat.landmarks-mediapipe-world.csv,pk-hfad-1_chicken-meat,143,143001
pk-hfad-1_chicken-meat.landmarks-mediapipe-world.csv,pk-hfad-1_chicken-meat,143,143010
pk-hfad-1_chicken.landmarks-mediapipe-world.csv,pk-hfad-1_chicken,142,-1
pk-hfad-1_chicken.landmarks-mediapipe-world.csv,pk-hfad-1_chicken,142,142009
pk-hfad-1_chicken.landmarks-mediapipe-world.csv,pk-hfad-1_chicken,142,142008
pk-hfad-1_chicken.landmarks-mediapipe-world.csv,pk-hfad-1_chicken,142,142010
pk-hfad-1_chicken.landmarks-mediapipe-world.csv,pk-hfad-1_chicken,142,142007
pk-hfad-1_chicken.landmarks-mediapipe-world.csv,pk-hfad-1_chicken,142,142003
pk-hfad-1_chicken.landmarks-mediapipe-world.csv,pk-hfad-1_chicken,142,142001
pk-hfad-1_chicken.landmarks-mediapipe-world.csv,pk-hfad-1_chicken,142,142011
pk-hfad-1_china-clay.landmarks-mediapipe-world.csv,pk-hfad-1_china-clay,145,-1
pk-hfad-1_china-clay.landmarks-mediapipe-world.csv,pk-hfad-1_china-clay,145,145009
pk-hfad-1_china-clay.landmarks-mediapipe-world.csv,pk-hfad-1_china-clay,145,145006
pk-hfad-1_china-clay.landmarks-mediapipe-world.csv,pk-hfad-1_china-clay,145,145003
pk-hfad-1_china-clay.landmarks-mediapipe-world.csv,pk-hfad-1_china-clay,145,145008
pk-hfad-1_china-clay.landmarks-mediapipe-world.csv,pk-hfad-1_china-clay,145,145004
pk-hfad-1_china-clay.landmarks-mediapipe-world.csv,pk-hfad-1_china-clay,145,145007
pk-hfad-1_china-clay.landmarks-mediapipe-world.csv,pk-hfad-1_china-clay,145,145001
pk-hfad-1_china.landmarks-mediapipe-world.csv,pk-hfad-1_china,144,-1
pk-hfad-1_china.landmarks-mediapipe-world.csv,pk-hfad-1_china,144,144004
pk-hfad-1_china.landmarks-mediapipe-world.csv,pk-hfad-1_china,144,144010
pk-hfad-1_china.landmarks-mediapipe-world.csv,pk-hfad-1_china,144,144003
pk-hfad-1_china.landmarks-mediapipe-world.csv,pk-hfad-1_china,144,144006
pk-hfad-1_china.landmarks-mediapipe-world.csv,pk-hfad-1_china,144,144005
pk-hfad-1_china.landmarks-mediapipe-world.csv,pk-hfad-1_china,144,144001
pk-hfad-1_china.landmarks-mediapipe-world.csv,pk-hfad-1_china,144,144008
pk-hfad-1_chips(fries).landmarks-mediapipe-world.csv,pk-hfad-1_chips(fries),146,-1
pk-hfad-1_chips(fries).landmarks-mediapipe-world.csv,pk-hfad-1_chips(fries),146,146009
pk-hfad-1_chips(fries).landmarks-mediapipe-world.csv,pk-hfad-1_chips(fries),146,146003
pk-hfad-1_chips(fries).landmarks-mediapipe-world.csv,pk-hfad-1_chips(fries),146,146002
pk-hfad-1_chips(fries).landmarks-mediapipe-world.csv,pk-hfad-1_chips(fries),146,146001
pk-hfad-1_chips(fries).landmarks-mediapipe-world.csv,pk-hfad-1_chips(fries),146,146010
pk-hfad-1_chips(fries).landmarks-mediapipe-world.csv,pk-hfad-1_chips(fries),146,146004
pk-hfad-1_chips(fries).landmarks-mediapipe-world.csv,pk-hfad-1_chips(fries),146,146006
pk-hfad-1_christian.landmarks-mediapipe-world.csv,pk-hfad-1_christian,147,-1
pk-hfad-1_christian.landmarks-mediapipe-world.csv,pk-hfad-1_christian,147,147005
pk-hfad-1_christian.landmarks-mediapipe-world.csv,pk-hfad-1_christian,147,147007
pk-hfad-1_christian.landmarks-mediapipe-world.csv,pk-hfad-1_christian,147,147006
pk-hfad-1_christian.landmarks-mediapipe-world.csv,pk-hfad-1_christian,147,147003
pk-hfad-1_christian.landmarks-mediapipe-world.csv,pk-hfad-1_christian,147,147008
pk-hfad-1_christian.landmarks-mediapipe-world.csv,pk-hfad-1_christian,147,147011
pk-hfad-1_christian.landmarks-mediapipe-world.csv,pk-hfad-1_christian,147,147002
pk-hfad-1_chuky(have).landmarks-mediapipe-world.csv,pk-hfad-1_chuky(have),148,-1
pk-hfad-1_chuky(have).landmarks-mediapipe-world.csv,pk-hfad-1_chuky(have),148,148003
pk-hfad-1_chuky(have).landmarks-mediapipe-world.csv,pk-hfad-1_chuky(have),148,148006
pk-hfad-1_chuky(have).landmarks-mediapipe-world.csv,pk-hfad-1_chuky(have),148,148009
pk-hfad-1_chuky(have).landmarks-mediapipe-world.csv,pk-hfad-1_chuky(have),148,148002
pk-hfad-1_chuky(have).landmarks-mediapipe-world.csv,pk-hfad-1_chuky(have),148,148001
pk-hfad-1_chuky(have).landmarks-mediapipe-world.csv,pk-hfad-1_chuky(have),148,148007
pk-hfad-1_chuky(have).landmarks-mediapipe-world.csv,pk-hfad-1_chuky(have),148,148011
pk-hfad-1_city.landmarks-mediapipe-world.csv,pk-hfad-1_city,149,-1
pk-hfad-1_city.landmarks-mediapipe-world.csv,pk-hfad-1_city,149,149004
pk-hfad-1_city.landmarks-mediapipe-world.csv,pk-hfad-1_city,149,149011
pk-hfad-1_city.landmarks-mediapipe-world.csv,pk-hfad-1_city,149,149007
pk-hfad-1_city.landmarks-mediapipe-world.csv,pk-hfad-1_city,149,149006
pk-hfad-1_city.landmarks-mediapipe-world.csv,pk-hfad-1_city,149,149005
pk-hfad-1_city.landmarks-mediapipe-world.csv,pk-hfad-1_city,149,149010
pk-hfad-1_city.landmarks-mediapipe-world.csv,pk-hfad-1_city,149,149003
pk-hfad-1_classroom.landmarks-mediapipe-world.csv,pk-hfad-1_classroom,150,-1
pk-hfad-1_classroom.landmarks-mediapipe-world.csv,pk-hfad-1_classroom,150,150007
pk-hfad-1_classroom.landmarks-mediapipe-world.csv,pk-hfad-1_classroom,150,150002
pk-hfad-1_classroom.landmarks-mediapipe-world.csv,pk-hfad-1_classroom,150,150005
pk-hfad-1_classroom.landmarks-mediapipe-world.csv,pk-hfad-1_classroom,150,150001
pk-hfad-1_classroom.landmarks-mediapipe-world.csv,pk-hfad-1_classroom,150,150006
pk-hfad-1_classroom.landmarks-mediapipe-world.csv,pk-hfad-1_classroom,150,150008
pk-hfad-1_classroom.landmarks-mediapipe-world.csv,pk-hfad-1_classroom,150,150011
pk-hfad-1_clay.landmarks-mediapipe-world.csv,pk-hfad-1_clay,151,-1
pk-hfad-1_clay.landmarks-mediapipe-world.csv,pk-hfad-1_clay,151,151004
pk-hfad-1_clay.landmarks-mediapipe-world.csv,pk-hfad-1_clay,151,151002
pk-hfad-1_clay.landmarks-mediapipe-world.csv,pk-hfad-1_clay,151,151005
pk-hfad-1_clay.landmarks-mediapipe-world.csv,pk-hfad-1_clay,151,151009
pk-hfad-1_clay.landmarks-mediapipe-world.csv,pk-hfad-1_clay,151,151008
pk-hfad-1_clay.landmarks-mediapipe-world.csv,pk-hfad-1_clay,151,151001
pk-hfad-1_clay.landmarks-mediapipe-world.csv,pk-hfad-1_clay,151,151010
pk-hfad-1_closet.landmarks-mediapipe-world.csv,pk-hfad-1_closet,152,-1
pk-hfad-1_closet.landmarks-mediapipe-world.csv,pk-hfad-1_closet,152,152002
pk-hfad-1_closet.landmarks-mediapipe-world.csv,pk-hfad-1_closet,152,152006
pk-hfad-1_closet.landmarks-mediapipe-world.csv,pk-hfad-1_closet,152,152005
pk-hfad-1_closet.landmarks-mediapipe-world.csv,pk-hfad-1_closet,152,152008
pk-hfad-1_closet.landmarks-mediapipe-world.csv,pk-hfad-1_closet,152,152003
pk-hfad-1_closet.landmarks-mediapipe-world.csv,pk-hfad-1_closet,152,152007
pk-hfad-1_closet.landmarks-mediapipe-world.csv,pk-hfad-1_closet,152,152001
pk-hfad-1_coal.landmarks-mediapipe-world.csv,pk-hfad-1_coal,153,-1
pk-hfad-1_coal.landmarks-mediapipe-world.csv,pk-hfad-1_coal,153,153007
pk-hfad-1_coal.landmarks-mediapipe-world.csv,pk-hfad-1_coal,153,153002
pk-hfad-1_coal.landmarks-mediapipe-world.csv,pk-hfad-1_coal,153,153010
pk-hfad-1_coal.landmarks-mediapipe-world.csv,pk-hfad-1_coal,153,153009
pk-hfad-1_coal.landmarks-mediapipe-world.csv,pk-hfad-1_coal,153,153004
pk-hfad-1_coal.landmarks-mediapipe-world.csv,pk-hfad-1_coal,153,153006
pk-hfad-1_coal.landmarks-mediapipe-world.csv,pk-hfad-1_coal,153,153005
pk-hfad-1_coconut.landmarks-mediapipe-world.csv,pk-hfad-1_coconut,154,-1
pk-hfad-1_coconut.landmarks-mediapipe-world.csv,pk-hfad-1_coconut,154,154007
pk-hfad-1_coconut.landmarks-mediapipe-world.csv,pk-hfad-1_coconut,154,154005
pk-hfad-1_coconut.landmarks-mediapipe-world.csv,pk-hfad-1_coconut,154,154006
pk-hfad-1_coconut.landmarks-mediapipe-world.csv,pk-hfad-1_coconut,154,154003
pk-hfad-1_coconut.landmarks-mediapipe-world.csv,pk-hfad-1_coconut,154,154004
pk-hfad-1_coconut.landmarks-mediapipe-world.csv,pk-hfad-1_coconut,154,154001
pk-hfad-1_coconut.landmarks-mediapipe-world.csv,pk-hfad-1_coconut,154,154002
pk-hfad-1_coffee.landmarks-mediapipe-world.csv,pk-hfad-1_coffee,155,-1
pk-hfad-1_coffee.landmarks-mediapipe-world.csv,pk-hfad-1_coffee,155,155008
pk-hfad-1_coffee.landmarks-mediapipe-world.csv,pk-hfad-1_coffee,155,155007
pk-hfad-1_coffee.landmarks-mediapipe-world.csv,pk-hfad-1_coffee,155,155001
pk-hfad-1_coffee.landmarks-mediapipe-world.csv,pk-hfad-1_coffee,155,155003
pk-hfad-1_coffee.landmarks-mediapipe-world.csv,pk-hfad-1_coffee,155,155009
pk-hfad-1_coffee.landmarks-mediapipe-world.csv,pk-hfad-1_coffee,155,155010
pk-hfad-1_coffee.landmarks-mediapipe-world.csv,pk-hfad-1_coffee,155,155005
pk-hfad-1_cold.landmarks-mediapipe-world.csv,pk-hfad-1_cold,156,-1
pk-hfad-1_cold.landmarks-mediapipe-world.csv,pk-hfad-1_cold,156,156009
pk-hfad-1_cold.landmarks-mediapipe-world.csv,pk-hfad-1_cold,156,156010
pk-hfad-1_cold.landmarks-mediapipe-world.csv,pk-hfad-1_cold,156,156003
pk-hfad-1_cold.landmarks-mediapipe-world.csv,pk-hfad-1_cold,156,156004
pk-hfad-1_cold.landmarks-mediapipe-world.csv,pk-hfad-1_cold,156,156005
pk-hfad-1_cold.landmarks-mediapipe-world.csv,pk-hfad-1_cold,156,156011
pk-hfad-1_cold.landmarks-mediapipe-world.csv,pk-hfad-1_cold,156,156002
pk-hfad-1_collection.landmarks-mediapipe-world.csv,pk-hfad-1_collection,157,-1
pk-hfad-1_collection.landmarks-mediapipe-world.csv,pk-hfad-1_collection,157,157009
pk-hfad-1_collection.landmarks-mediapipe-world.csv,pk-hfad-1_collection,157,157001
pk-hfad-1_collection.landmarks-mediapipe-world.csv,pk-hfad-1_collection,157,157011
pk-hfad-1_collection.landmarks-mediapipe-world.csv,pk-hfad-1_collection,157,157010
pk-hfad-1_collection.landmarks-mediapipe-world.csv,pk-hfad-1_collection,157,157007
pk-hfad-1_collection.landmarks-mediapipe-world.csv,pk-hfad-1_collection,157,157008
pk-hfad-1_collection.landmarks-mediapipe-world.csv,pk-hfad-1_collection,157,157002
pk-hfad-1_college.landmarks-mediapipe-world.csv,pk-hfad-1_college,158,-1
pk-hfad-1_college.landmarks-mediapipe-world.csv,pk-hfad-1_college,158,158009
pk-hfad-1_college.landmarks-mediapipe-world.csv,pk-hfad-1_college,158,158006
pk-hfad-1_college.landmarks-mediapipe-world.csv,pk-hfad-1_college,158,158003
pk-hfad-1_college.landmarks-mediapipe-world.csv,pk-hfad-1_college,158,158004
pk-hfad-1_college.landmarks-mediapipe-world.csv,pk-hfad-1_college,158,158008
pk-hfad-1_college.landmarks-mediapipe-world.csv,pk-hfad-1_college,158,158002
pk-hfad-1_college.landmarks-mediapipe-world.csv,pk-hfad-1_college,158,158005
pk-hfad-1_color.landmarks-mediapipe-world.csv,pk-hfad-1_color,159,-1
pk-hfad-1_color.landmarks-mediapipe-world.csv,pk-hfad-1_color,159,159002
pk-hfad-1_color.landmarks-mediapipe-world.csv,pk-hfad-1_color,159,159001
pk-hfad-1_color.landmarks-mediapipe-world.csv,pk-hfad-1_color,159,159004
pk-hfad-1_color.landmarks-mediapipe-world.csv,pk-hfad-1_color,159,159005
pk-hfad-1_color.landmarks-mediapipe-world.csv,pk-hfad-1_color,159,159006
pk-hfad-1_color.landmarks-mediapipe-world.csv,pk-hfad-1_color,159,159007
pk-hfad-1_color.landmarks-mediapipe-world.csv,pk-hfad-1_color,159,159010
pk-hfad-1_company(corporation).landmarks-mediapipe-world.csv,pk-hfad-1_company(corporation),160,-1
pk-hfad-1_company(corporation).landmarks-mediapipe-world.csv,pk-hfad-1_company(corporation),160,160001
pk-hfad-1_company(corporation).landmarks-mediapipe-world.csv,pk-hfad-1_company(corporation),160,160008
pk-hfad-1_company(corporation).landmarks-mediapipe-world.csv,pk-hfad-1_company(corporation),160,160009
pk-hfad-1_company(corporation).landmarks-mediapipe-world.csv,pk-hfad-1_company(corporation),160,160005
pk-hfad-1_company(corporation).landmarks-mediapipe-world.csv,pk-hfad-1_company(corporation),160,160006
pk-hfad-1_company(corporation).landmarks-mediapipe-world.csv,pk-hfad-1_company(corporation),160,160002
pk-hfad-1_company(corporation).landmarks-mediapipe-world.csv,pk-hfad-1_company(corporation),160,160007
pk-hfad-1_competition.landmarks-mediapipe-world.csv,pk-hfad-1_competition,161,-1
pk-hfad-1_competition.landmarks-mediapipe-world.csv,pk-hfad-1_competition,161,161011
pk-hfad-1_competition.landmarks-mediapipe-world.csv,pk-hfad-1_competition,161,161009
pk-hfad-1_competition.landmarks-mediapipe-world.csv,pk-hfad-1_competition,161,161002
pk-hfad-1_competition.landmarks-mediapipe-world.csv,pk-hfad-1_competition,161,161004
pk-hfad-1_competition.landmarks-mediapipe-world.csv,pk-hfad-1_competition,161,161010
pk-hfad-1_competition.landmarks-mediapipe-world.csv,pk-hfad-1_competition,161,161003
pk-hfad-1_competition.landmarks-mediapipe-world.csv,pk-hfad-1_competition,161,161008
pk-hfad-1_complaint.landmarks-mediapipe-world.csv,pk-hfad-1_complaint,162,-1
pk-hfad-1_complaint.landmarks-mediapipe-world.csv,pk-hfad-1_complaint,162,162001
pk-hfad-1_complaint.landmarks-mediapipe-world.csv,pk-hfad-1_complaint,162,162008
pk-hfad-1_complaint.landmarks-mediapipe-world.csv,pk-hfad-1_complaint,162,162007
pk-hfad-1_complaint.landmarks-mediapipe-world.csv,pk-hfad-1_complaint,162,162009
pk-hfad-1_complaint.landmarks-mediapipe-world.csv,pk-hfad-1_complaint,162,162002
pk-hfad-1_complaint.landmarks-mediapipe-world.csv,pk-hfad-1_complaint,162,162003
pk-hfad-1_complaint.landmarks-mediapipe-world.csv,pk-hfad-1_complaint,162,162006
pk-hfad-1_complete.landmarks-mediapipe-world.csv,pk-hfad-1_complete,163,-1
pk-hfad-1_complete.landmarks-mediapipe-world.csv,pk-hfad-1_complete,163,163008
pk-hfad-1_complete.landmarks-mediapipe-world.csv,pk-hfad-1_complete,163,163003
pk-hfad-1_complete.landmarks-mediapipe-world.csv,pk-hfad-1_complete,163,163004
pk-hfad-1_complete.landmarks-mediapipe-world.csv,pk-hfad-1_complete,163,163001
pk-hfad-1_complete.landmarks-mediapipe-world.csv,pk-hfad-1_complete,163,163005
pk-hfad-1_complete.landmarks-mediapipe-world.csv,pk-hfad-1_complete,163,163011
pk-hfad-1_complete.landmarks-mediapipe-world.csv,pk-hfad-1_complete,163,163007
pk-hfad-1_continent.landmarks-mediapipe-world.csv,pk-hfad-1_continent,164,-1
pk-hfad-1_continent.landmarks-mediapipe-world.csv,pk-hfad-1_continent,164,164001
pk-hfad-1_continent.landmarks-mediapipe-world.csv,pk-hfad-1_continent,164,164004
pk-hfad-1_continent.landmarks-mediapipe-world.csv,pk-hfad-1_continent,164,164008
pk-hfad-1_continent.landmarks-mediapipe-world.csv,pk-hfad-1_continent,164,164011
pk-hfad-1_continent.landmarks-mediapipe-world.csv,pk-hfad-1_continent,164,164002
pk-hfad-1_continent.landmarks-mediapipe-world.csv,pk-hfad-1_continent,164,164003
pk-hfad-1_continent.landmarks-mediapipe-world.csv,pk-hfad-1_continent,164,164006
pk-hfad-1_conversation.landmarks-mediapipe-world.csv,pk-hfad-1_conversation,165,-1
pk-hfad-1_conversation.landmarks-mediapipe-world.csv,pk-hfad-1_conversation,165,165011
pk-hfad-1_conversation.landmarks-mediapipe-world.csv,pk-hfad-1_conversation,165,165005
pk-hfad-1_conversation.landmarks-mediapipe-world.csv,pk-hfad-1_conversation,165,165006
pk-hfad-1_conversation.landmarks-mediapipe-world.csv,pk-hfad-1_conversation,165,165007
pk-hfad-1_conversation.landmarks-mediapipe-world.csv,pk-hfad-1_conversation,165,165004
pk-hfad-1_conversation.landmarks-mediapipe-world.csv,pk-hfad-1_conversation,165,165003
pk-hfad-1_conversation.landmarks-mediapipe-world.csv,pk-hfad-1_conversation,165,165009
pk-hfad-1_coriander.landmarks-mediapipe-world.csv,pk-hfad-1_coriander,166,-1
pk-hfad-1_coriander.landmarks-mediapipe-world.csv,pk-hfad-1_coriander,166,166003
pk-hfad-1_coriander.landmarks-mediapipe-world.csv,pk-hfad-1_coriander,166,166002
pk-hfad-1_coriander.landmarks-mediapipe-world.csv,pk-hfad-1_coriander,166,166007
pk-hfad-1_coriander.landmarks-mediapipe-world.csv,pk-hfad-1_coriander,166,166006
pk-hfad-1_coriander.landmarks-mediapipe-world.csv,pk-hfad-1_coriander,166,166009
pk-hfad-1_coriander.landmarks-mediapipe-world.csv,pk-hfad-1_coriander,166,166004
pk-hfad-1_coriander.landmarks-mediapipe-world.csv,pk-hfad-1_coriander,166,166008
pk-hfad-1_country(homeland).landmarks-mediapipe-world.csv,pk-hfad-1_country(homeland),167,-1
pk-hfad-1_country(homeland).landmarks-mediapipe-world.csv,pk-hfad-1_country(homeland),167,167006
pk-hfad-1_country(homeland).landmarks-mediapipe-world.csv,pk-hfad-1_country(homeland),167,167010
pk-hfad-1_country(homeland).landmarks-mediapipe-world.csv,pk-hfad-1_country(homeland),167,167004
pk-hfad-1_country(homeland).landmarks-mediapipe-world.csv,pk-hfad-1_country(homeland),167,167011
pk-hfad-1_country(homeland).landmarks-mediapipe-world.csv,pk-hfad-1_country(homeland),167,167001
pk-hfad-1_country(homeland).landmarks-mediapipe-world.csv,pk-hfad-1_country(homeland),167,167008
pk-hfad-1_country(homeland).landmarks-mediapipe-world.csv,pk-hfad-1_country(homeland),167,167002
pk-hfad-1_cow-meat.landmarks-mediapipe-world.csv,pk-hfad-1_cow-meat,169,-1
pk-hfad-1_cow-meat.landmarks-mediapipe-world.csv,pk-hfad-1_cow-meat,169,169003
pk-hfad-1_cow-meat.landmarks-mediapipe-world.csv,pk-hfad-1_cow-meat,169,169006
pk-hfad-1_cow-meat.landmarks-mediapipe-world.csv,pk-hfad-1_cow-meat,169,169010
pk-hfad-1_cow-meat.landmarks-mediapipe-world.csv,pk-hfad-1_cow-meat,169,169001
pk-hfad-1_cow-meat.landmarks-mediapipe-world.csv,pk-hfad-1_cow-meat,169,169007
pk-hfad-1_cow-meat.landmarks-mediapipe-world.csv,pk-hfad-1_cow-meat,169,169004
pk-hfad-1_cow-meat.landmarks-mediapipe-world.csv,pk-hfad-1_cow-meat,169,169011
pk-hfad-1_cow.landmarks-mediapipe-world.csv,pk-hfad-1_cow,168,-1
pk-hfad-1_cow.landmarks-mediapipe-world.csv,pk-hfad-1_cow,168,168006
pk-hfad-1_cow.landmarks-mediapipe-world.csv,pk-hfad-1_cow,168,168010
pk-hfad-1_cow.landmarks-mediapipe-world.csv,pk-hfad-1_cow,168,168007
pk-hfad-1_cow.landmarks-mediapipe-world.csv,pk-hfad-1_cow,168,168003
pk-hfad-1_cow.landmarks-mediapipe-world.csv,pk-hfad-1_cow,168,168002
pk-hfad-1_cow.landmarks-mediapipe-world.csv,pk-hfad-1_cow,168,168008
pk-hfad-1_cow.landmarks-mediapipe-world.csv,pk-hfad-1_cow,168,168011
pk-hfad-1_crocodile.landmarks-mediapipe-world.csv,pk-hfad-1_crocodile,170,-1
pk-hfad-1_crocodile.landmarks-mediapipe-world.csv,pk-hfad-1_crocodile,170,170008
pk-hfad-1_crocodile.landmarks-mediapipe-world.csv,pk-hfad-1_crocodile,170,170001
pk-hfad-1_crocodile.landmarks-mediapipe-world.csv,pk-hfad-1_crocodile,170,170007
pk-hfad-1_crocodile.landmarks-mediapipe-world.csv,pk-hfad-1_crocodile,170,170009
pk-hfad-1_crocodile.landmarks-mediapipe-world.csv,pk-hfad-1_crocodile,170,170010
pk-hfad-1_crocodile.landmarks-mediapipe-world.csv,pk-hfad-1_crocodile,170,170002
pk-hfad-1_crocodile.landmarks-mediapipe-world.csv,pk-hfad-1_crocodile,170,170004
pk-hfad-1_crow.landmarks-mediapipe-world.csv,pk-hfad-1_crow,171,-1
pk-hfad-1_crow.landmarks-mediapipe-world.csv,pk-hfad-1_crow,171,171006
pk-hfad-1_crow.landmarks-mediapipe-world.csv,pk-hfad-1_crow,171,171003
pk-hfad-1_crow.landmarks-mediapipe-world.csv,pk-hfad-1_crow,171,171011
pk-hfad-1_crow.landmarks-mediapipe-world.csv,pk-hfad-1_crow,171,171005
pk-hfad-1_crow.landmarks-mediapipe-world.csv,pk-hfad-1_crow,171,171009
pk-hfad-1_crow.landmarks-mediapipe-world.csv,pk-hfad-1_crow,171,171007
pk-hfad-1_crow.landmarks-mediapipe-world.csv,pk-hfad-1_crow,171,171002
pk-hfad-1_crowd.landmarks-mediapipe-world.csv,pk-hfad-1_crowd,172,-1
pk-hfad-1_crowd.landmarks-mediapipe-world.csv,pk-hfad-1_crowd,172,172011
pk-hfad-1_crowd.landmarks-mediapipe-world.csv,pk-hfad-1_crowd,172,172007
pk-hfad-1_crowd.landmarks-mediapipe-world.csv,pk-hfad-1_crowd,172,172008
pk-hfad-1_crowd.landmarks-mediapipe-world.csv,pk-hfad-1_crowd,172,172001
pk-hfad-1_crowd.landmarks-mediapipe-world.csv,pk-hfad-1_crowd,172,172003
pk-hfad-1_crowd.landmarks-mediapipe-world.csv,pk-hfad-1_crowd,172,172004
pk-hfad-1_crowd.landmarks-mediapipe-world.csv,pk-hfad-1_crowd,172,172006
pk-hfad-1_cruelty.landmarks-mediapipe-world.csv,pk-hfad-1_cruelty,173,-1
pk-hfad-1_cruelty.landmarks-mediapipe-world.csv,pk-hfad-1_cruelty,173,173001
pk-hfad-1_cruelty.landmarks-mediapipe-world.csv,pk-hfad-1_cruelty,173,173009
pk-hfad-1_cruelty.landmarks-mediapipe-world.csv,pk-hfad-1_cruelty,173,173007
pk-hfad-1_cruelty.landmarks-mediapipe-world.csv,pk-hfad-1_cruelty,173,173011
pk-hfad-1_cruelty.landmarks-mediapipe-world.csv,pk-hfad-1_cruelty,173,173006
pk-hfad-1_cruelty.landmarks-mediapipe-world.csv,pk-hfad-1_cruelty,173,173004
pk-hfad-1_cruelty.landmarks-mediapipe-world.csv,pk-hfad-1_cruelty,173,173010
pk-hfad-1_cucumber.landmarks-mediapipe-world.csv,pk-hfad-1_cucumber,174,-1
pk-hfad-1_cucumber.landmarks-mediapipe-world.csv,pk-hfad-1_cucumber,174,174004
pk-hfad-1_cucumber.landmarks-mediapipe-world.csv,pk-hfad-1_cucumber,174,174003
pk-hfad-1_cucumber.landmarks-mediapipe-world.csv,pk-hfad-1_cucumber,174,174010
pk-hfad-1_cucumber.landmarks-mediapipe-world.csv,pk-hfad-1_cucumber,174,174005
pk-hfad-1_cucumber.landmarks-mediapipe-world.csv,pk-hfad-1_cucumber,174,174001
pk-hfad-1_cucumber.landmarks-mediapipe-world.csv,pk-hfad-1_cucumber,174,174002
pk-hfad-1_cucumber.landmarks-mediapipe-world.csv,pk-hfad-1_cucumber,174,174007
pk-hfad-1_cunning.landmarks-mediapipe-world.csv,pk-hfad-1_cunning,175,-1
pk-hfad-1_cunning.landmarks-mediapipe-world.csv,pk-hfad-1_cunning,175,175007
pk-hfad-1_cunning.landmarks-mediapipe-world.csv,pk-hfad-1_cunning,175,175004
pk-hfad-1_cunning.landmarks-mediapipe-world.csv,pk-hfad-1_cunning,175,175010
pk-hfad-1_cunning.landmarks-mediapipe-world.csv,pk-hfad-1_cunning,175,175011
pk-hfad-1_cunning.landmarks-mediapipe-world.csv,pk-hfad-1_cunning,175,175002
pk-hfad-1_cunning.landmarks-mediapipe-world.csv,pk-hfad-1_cunning,175,175001
pk-hfad-1_cunning.landmarks-mediapipe-world.csv,pk-hfad-1_cunning,175,175005
pk-hfad-1_d(double-handed-letter).landmarks-mediapipe-world.csv,pk-hfad-1_d(double-handed-letter),176,-1
pk-hfad-1_d(double-handed-letter).landmarks-mediapipe-world.csv,pk-hfad-1_d(double-handed-letter),176,176002
pk-hfad-1_d(double-handed-letter).landmarks-mediapipe-world.csv,pk-hfad-1_d(double-handed-letter),176,176007
pk-hfad-1_d(double-handed-letter).landmarks-mediapipe-world.csv,pk-hfad-1_d(double-handed-letter),176,176010
pk-hfad-1_d(double-handed-letter).landmarks-mediapipe-world.csv,pk-hfad-1_d(double-handed-letter),176,176006
pk-hfad-1_d(double-handed-letter).landmarks-mediapipe-world.csv,pk-hfad-1_d(double-handed-letter),176,176004
pk-hfad-1_d(double-handed-letter).landmarks-mediapipe-world.csv,pk-hfad-1_d(double-handed-letter),176,176009
pk-hfad-1_d(double-handed-letter).landmarks-mediapipe-world.csv,pk-hfad-1_d(double-handed-letter),176,176008
pk-hfad-1_d(single-handed-letter).landmarks-mediapipe-world.csv,pk-hfad-1_d(single-handed-letter),177,-1
pk-hfad-1_d(single-handed-letter).landmarks-mediapipe-world.csv,pk-hfad-1_d(single-handed-letter),177,177003
pk-hfad-1_d(single-handed-letter).landmarks-mediapipe-world.csv,pk-hfad-1_d(single-handed-letter),177,177005
pk-hfad-1_d(single-handed-letter).landmarks-mediapipe-world.csv,pk-hfad-1_d(single-handed-letter),177,177006
pk-hfad-1_d(single-handed-letter).landmarks-mediapipe-world.csv,pk-hfad-1_d(single-handed-letter),177,177001
pk-hfad-1_d(single-handed-letter).landmarks-mediapipe-world.csv,pk-hfad-1_d(single-handed-letter),177,177008
pk-hfad-1_d(single-handed-letter).landmarks-mediapipe-world.csv,pk-hfad-1_d(single-handed-letter),177,177011
pk-hfad-1_d(single-handed-letter).landmarks-mediapipe-world.csv,pk-hfad-1_d(single-handed-letter),177,177010
pk-hfad-1_dacoit.landmarks-mediapipe-world.csv,pk-hfad-1_dacoit,178,-1
pk-hfad-1_dacoit.landmarks-mediapipe-world.csv,pk-hfad-1_dacoit,178,178010
pk-hfad-1_dacoit.landmarks-mediapipe-world.csv,pk-hfad-1_dacoit,178,178003
pk-hfad-1_dacoit.landmarks-mediapipe-world.csv,pk-hfad-1_dacoit,178,178001
pk-hfad-1_dacoit.landmarks-mediapipe-world.csv,pk-hfad-1_dacoit,178,178004
pk-hfad-1_dacoit.landmarks-mediapipe-world.csv,pk-hfad-1_dacoit,178,178008
pk-hfad-1_dacoit.landmarks-mediapipe-world.csv,pk-hfad-1_dacoit,178,178006
pk-hfad-1_dacoit.landmarks-mediapipe-world.csv,pk-hfad-1_dacoit,178,178011
pk-hfad-1_dahi-bhally.landmarks-mediapipe-world.csv,pk-hfad-1_dahi-bhally,179,-1
pk-hfad-1_dahi-bhally.landmarks-mediapipe-world.csv,pk-hfad-1_dahi-bhally,179,179006
pk-hfad-1_dahi-bhally.landmarks-mediapipe-world.csv,pk-hfad-1_dahi-bhally,179,179007
pk-hfad-1_dahi-bhally.landmarks-mediapipe-world.csv,pk-hfad-1_dahi-bhally,179,179005
pk-hfad-1_dahi-bhally.landmarks-mediapipe-world.csv,pk-hfad-1_dahi-bhally,179,179011
pk-hfad-1_dahi-bhally.landmarks-mediapipe-world.csv,pk-hfad-1_dahi-bhally,179,179008
pk-hfad-1_dahi-bhally.landmarks-mediapipe-world.csv,pk-hfad-1_dahi-bhally,179,179003
pk-hfad-1_dahi-bhally.landmarks-mediapipe-world.csv,pk-hfad-1_dahi-bhally,179,179009
pk-hfad-1_damage.landmarks-mediapipe-world.csv,pk-hfad-1_damage,180,-1
pk-hfad-1_damage.landmarks-mediapipe-world.csv,pk-hfad-1_damage,180,180004
pk-hfad-1_damage.landmarks-mediapipe-world.csv,pk-hfad-1_damage,180,180009
pk-hfad-1_damage.landmarks-mediapipe-world.csv,pk-hfad-1_damage,180,180008
pk-hfad-1_damage.landmarks-mediapipe-world.csv,pk-hfad-1_damage,180,180005
pk-hfad-1_damage.landmarks-mediapipe-world.csv,pk-hfad-1_damage,180,180003
pk-hfad-1_damage.landmarks-mediapipe-world.csv,pk-hfad-1_damage,180,180006
pk-hfad-1_damage.landmarks-mediapipe-world.csv,pk-hfad-1_damage,180,180002
pk-hfad-1_date(calendar).landmarks-mediapipe-world.csv,pk-hfad-1_date(calendar),181,-1
pk-hfad-1_date(calendar).landmarks-mediapipe-world.csv,pk-hfad-1_date(calendar),181,181005
pk-hfad-1_date(calendar).landmarks-mediapipe-world.csv,pk-hfad-1_date(calendar),181,181010
pk-hfad-1_date(calendar).landmarks-mediapipe-world.csv,pk-hfad-1_date(calendar),181,181004
pk-hfad-1_date(calendar).landmarks-mediapipe-world.csv,pk-hfad-1_date(calendar),181,181003
pk-hfad-1_date(calendar).landmarks-mediapipe-world.csv,pk-hfad-1_date(calendar),181,181007
pk-hfad-1_date(calendar).landmarks-mediapipe-world.csv,pk-hfad-1_date(calendar),181,181006
pk-hfad-1_date(calendar).landmarks-mediapipe-world.csv,pk-hfad-1_date(calendar),181,181002
pk-hfad-1_daughter.landmarks-mediapipe-world.csv,pk-hfad-1_daughter,182,-1
pk-hfad-1_daughter.landmarks-mediapipe-world.csv,pk-hfad-1_daughter,182,182003
pk-hfad-1_daughter.landmarks-mediapipe-world.csv,pk-hfad-1_daughter,182,182011
pk-hfad-1_daughter.landmarks-mediapipe-world.csv,pk-hfad-1_daughter,182,182005
pk-hfad-1_daughter.landmarks-mediapipe-world.csv,pk-hfad-1_daughter,182,182001
pk-hfad-1_daughter.landmarks-mediapipe-world.csv,pk-hfad-1_daughter,182,182007
pk-hfad-1_daughter.landmarks-mediapipe-world.csv,pk-hfad-1_daughter,182,182004
pk-hfad-1_daughter.landmarks-mediapipe-world.csv,pk-hfad-1_daughter,182,182006
pk-hfad-1_day-after-tomorrow.landmarks-mediapipe-world.csv,pk-hfad-1_day-after-tomorrow,184,-1
pk-hfad-1_day-after-tomorrow.landmarks-mediapipe-world.csv,pk-hfad-1_day-after-tomorrow,184,184001
pk-hfad-1_day-after-tomorrow.landmarks-mediapipe-world.csv,pk-hfad-1_day-after-tomorrow,184,184009
pk-hfad-1_day-after-tomorrow.landmarks-mediapipe-world.csv,pk-hfad-1_day-after-tomorrow,184,184007
pk-hfad-1_day-after-tomorrow.landmarks-mediapipe-world.csv,pk-hfad-1_day-after-tomorrow,184,184008
pk-hfad-1_day-after-tomorrow.landmarks-mediapipe-world.csv,pk-hfad-1_day-after-tomorrow,184,184011
pk-hfad-1_day-after-tomorrow.landmarks-mediapipe-world.csv,pk-hfad-1_day-after-tomorrow,184,184002
pk-hfad-1_day-after-tomorrow.landmarks-mediapipe-world.csv,pk-hfad-1_day-after-tomorrow,184,184010
pk-hfad-1_day.landmarks-mediapipe-world.csv,pk-hfad-1_day,183,-1
pk-hfad-1_day.landmarks-mediapipe-world.csv,pk-hfad-1_day,183,183010
pk-hfad-1_day.landmarks-mediapipe-world.csv,pk-hfad-1_day,183,183008
pk-hfad-1_day.landmarks-mediapipe-world.csv,pk-hfad-1_day,183,183004
pk-hfad-1_day.landmarks-mediapipe-world.csv,pk-hfad-1_day,183,183005
pk-hfad-1_day.landmarks-mediapipe-world.csv,pk-hfad-1_day,183,183001
pk-hfad-1_day.landmarks-mediapipe-world.csv,pk-hfad-1_day,183,183009
pk-hfad-1_day.landmarks-mediapipe-world.csv,pk-hfad-1_day,183,183003
pk-hfad-1_december.landmarks-mediapipe-world.csv,pk-hfad-1_december,185,-1
pk-hfad-1_december.landmarks-mediapipe-world.csv,pk-hfad-1_december,185,185002
pk-hfad-1_december.landmarks-mediapipe-world.csv,pk-hfad-1_december,185,185004
pk-hfad-1_december.landmarks-mediapipe-world.csv,pk-hfad-1_december,185,185001
pk-hfad-1_december.landmarks-mediapipe-world.csv,pk-hfad-1_december,185,185007
pk-hfad-1_december.landmarks-mediapipe-world.csv,pk-hfad-1_december,185,185005
pk-hfad-1_december.landmarks-mediapipe-world.csv,pk-hfad-1_december,185,185006
pk-hfad-1_december.landmarks-mediapipe-world.csv,pk-hfad-1_december,185,185003
pk-hfad-1_decent.landmarks-mediapipe-world.csv,pk-hfad-1_decent,186,-1
pk-hfad-1_decent.landmarks-mediapipe-world.csv,pk-hfad-1_decent,186,186004
pk-hfad-1_decent.landmarks-mediapipe-world.csv,pk-hfad-1_decent,186,186001
pk-hfad-1_decent.landmarks-mediapipe-world.csv,pk-hfad-1_decent,186,186008
pk-hfad-1_decent.landmarks-mediapipe-world.csv,pk-hfad-1_decent,186,186007
pk-hfad-1_decent.landmarks-mediapipe-world.csv,pk-hfad-1_decent,186,186002
pk-hfad-1_decent.landmarks-mediapipe-world.csv,pk-hfad-1_decent,186,186003
pk-hfad-1_decent.landmarks-mediapipe-world.csv,pk-hfad-1_decent,186,186009
pk-hfad-1_decorated.landmarks-mediapipe-world.csv,pk-hfad-1_decorated,187,-1
pk-hfad-1_decorated.landmarks-mediapipe-world.csv,pk-hfad-1_decorated,187,187002
pk-hfad-1_decorated.landmarks-mediapipe-world.csv,pk-hfad-1_decorated,187,187004
pk-hfad-1_decorated.landmarks-mediapipe-world.csv,pk-hfad-1_decorated,187,187009
pk-hfad-1_decorated.landmarks-mediapipe-world.csv,pk-hfad-1_decorated,187,187006
pk-hfad-1_decorated.landmarks-mediapipe-world.csv,pk-hfad-1_decorated,187,187007
pk-hfad-1_decorated.landmarks-mediapipe-world.csv,pk-hfad-1_decorated,187,187001
pk-hfad-1_decorated.landmarks-mediapipe-world.csv,pk-hfad-1_decorated,187,187003
pk-hfad-1_defamation.landmarks-mediapipe-world.csv,pk-hfad-1_defamation,188,-1
pk-hfad-1_defamation.landmarks-mediapipe-world.csv,pk-hfad-1_defamation,188,188001
pk-hfad-1_defamation.landmarks-mediapipe-world.csv,pk-hfad-1_defamation,188,188010
pk-hfad-1_defamation.landmarks-mediapipe-world.csv,pk-hfad-1_defamation,188,188006
pk-hfad-1_defamation.landmarks-mediapipe-world.csv,pk-hfad-1_defamation,188,188002
pk-hfad-1_defamation.landmarks-mediapipe-world.csv,pk-hfad-1_defamation,188,188004
pk-hfad-1_defamation.landmarks-mediapipe-world.csv,pk-hfad-1_defamation,188,188003
pk-hfad-1_defamation.landmarks-mediapipe-world.csv,pk-hfad-1_defamation,188,188005
pk-hfad-1_dekhein.landmarks-mediapipe-world.csv,pk-hfad-1_dekhein,189,-1
pk-hfad-1_dekhein.landmarks-mediapipe-world.csv,pk-hfad-1_dekhein,189,189007
pk-hfad-1_dekhein.landmarks-mediapipe-world.csv,pk-hfad-1_dekhein,189,189004
pk-hfad-1_dekhein.landmarks-mediapipe-world.csv,pk-hfad-1_dekhein,189,189002
pk-hfad-1_dekhein.landmarks-mediapipe-world.csv,pk-hfad-1_dekhein,189,189005
pk-hfad-1_dekhein.landmarks-mediapipe-world.csv,pk-hfad-1_dekhein,189,189010
pk-hfad-1_dekhein.landmarks-mediapipe-world.csv,pk-hfad-1_dekhein,189,189003
pk-hfad-1_dekhein.landmarks-mediapipe-world.csv,pk-hfad-1_dekhein,189,189008
pk-hfad-1_dekhi.landmarks-mediapipe-world.csv,pk-hfad-1_dekhi,190,-1
pk-hfad-1_dekhi.landmarks-mediapipe-world.csv,pk-hfad-1_dekhi,190,190005
pk-hfad-1_dekhi.landmarks-mediapipe-world.csv,pk-hfad-1_dekhi,190,190009
pk-hfad-1_dekhi.landmarks-mediapipe-world.csv,pk-hfad-1_dekhi,190,190008
pk-hfad-1_dekhi.landmarks-mediapipe-world.csv,pk-hfad-1_dekhi,190,190006
pk-hfad-1_dekhi.landmarks-mediapipe-world.csv,pk-hfad-1_dekhi,190,190001
pk-hfad-1_dekhi.landmarks-mediapipe-world.csv,pk-hfad-1_dekhi,190,190002
pk-hfad-1_dekhi.landmarks-mediapipe-world.csv,pk-hfad-1_dekhi,190,190004
pk-hfad-1_dekho.landmarks-mediapipe-world.csv,pk-hfad-1_dekho,191,-1
pk-hfad-1_dekho.landmarks-mediapipe-world.csv,pk-hfad-1_dekho,191,191002
pk-hfad-1_dekho.landmarks-mediapipe-world.csv,pk-hfad-1_dekho,191,191009
pk-hfad-1_dekho.landmarks-mediapipe-world.csv,pk-hfad-1_dekho,191,191010
pk-hfad-1_dekho.landmarks-mediapipe-world.csv,pk-hfad-1_dekho,191,191004
pk-hfad-1_dekho.landmarks-mediapipe-world.csv,pk-hfad-1_dekho,191,191008
pk-hfad-1_dekho.landmarks-mediapipe-world.csv,pk-hfad-1_dekho,191,191011
pk-hfad-1_dekho.landmarks-mediapipe-world.csv,pk-hfad-1_dekho,191,191001
pk-hfad-1_dekhun.landmarks-mediapipe-world.csv,pk-hfad-1_dekhun,192,-1
pk-hfad-1_dekhun.landmarks-mediapipe-world.csv,pk-hfad-1_dekhun,192,192010
pk-hfad-1_dekhun.landmarks-mediapipe-world.csv,pk-hfad-1_dekhun,192,192004
pk-hfad-1_dekhun.landmarks-mediapipe-world.csv,pk-hfad-1_dekhun,192,192008
pk-hfad-1_dekhun.landmarks-mediapipe-world.csv,pk-hfad-1_dekhun,192,192002
pk-hfad-1_dekhun.landmarks-mediapipe-world.csv,pk-hfad-1_dekhun,192,192007
pk-hfad-1_dekhun.landmarks-mediapipe-world.csv,pk-hfad-1_dekhun,192,192001
pk-hfad-1_dekhun.landmarks-mediapipe-world.csv,pk-hfad-1_dekhun,192,192011
pk-hfad-1_dekhy.landmarks-mediapipe-world.csv,pk-hfad-1_dekhy,193,-1
pk-hfad-1_dekhy.landmarks-mediapipe-world.csv,pk-hfad-1_dekhy,193,193010
pk-hfad-1_dekhy.landmarks-mediapipe-world.csv,pk-hfad-1_dekhy,193,193003
pk-hfad-1_dekhy.landmarks-mediapipe-world.csv,pk-hfad-1_dekhy,193,193005
pk-hfad-1_dekhy.landmarks-mediapipe-world.csv,pk-hfad-1_dekhy,193,193002
pk-hfad-1_dekhy.landmarks-mediapipe-world.csv,pk-hfad-1_dekhy,193,193006
pk-hfad-1_dekhy.landmarks-mediapipe-world.csv,pk-hfad-1_dekhy,193,193001
pk-hfad-1_dekhy.landmarks-mediapipe-world.csv,pk-hfad-1_dekhy,193,193008
pk-hfad-1_deserted.landmarks-mediapipe-world.csv,pk-hfad-1_deserted,194,-1
pk-hfad-1_deserted.landmarks-mediapipe-world.csv,pk-hfad-1_deserted,194,194011
pk-hfad-1_deserted.landmarks-mediapipe-world.csv,pk-hfad-1_deserted,194,194001
pk-hfad-1_deserted.landmarks-mediapipe-world.csv,pk-hfad-1_deserted,194,194005
pk-hfad-1_deserted.landmarks-mediapipe-world.csv,pk-hfad-1_deserted,194,194007
pk-hfad-1_deserted.landmarks-mediapipe-world.csv,pk-hfad-1_deserted,194,194006
pk-hfad-1_deserted.landmarks-mediapipe-world.csv,pk-hfad-1_deserted,194,194010
pk-hfad-1_deserted.landmarks-mediapipe-world.csv,pk-hfad-1_deserted,194,194003
pk-hfad-1_desire.landmarks-mediapipe-world.csv,pk-hfad-1_desire,195,-1
pk-hfad-1_desire.landmarks-mediapipe-world.csv,pk-hfad-1_desire,195,195005
pk-hfad-1_desire.landmarks-mediapipe-world.csv,pk-hfad-1_desire,195,195003
pk-hfad-1_desire.landmarks-mediapipe-world.csv,pk-hfad-1_desire,195,195001
pk-hfad-1_desire.landmarks-mediapipe-world.csv,pk-hfad-1_desire,195,195009
pk-hfad-1_desire.landmarks-mediapipe-world.csv,pk-hfad-1_desire,195,195007
pk-hfad-1_desire.landmarks-mediapipe-world.csv,pk-hfad-1_desire,195,195011
pk-hfad-1_desire.landmarks-mediapipe-world.csv,pk-hfad-1_desire,195,195010
pk-hfad-1_desk.landmarks-mediapipe-world.csv,pk-hfad-1_desk,196,-1
pk-hfad-1_desk.landmarks-mediapipe-world.csv,pk-hfad-1_desk,196,196006
pk-hfad-1_desk.landmarks-mediapipe-world.csv,pk-hfad-1_desk,196,196001
pk-hfad-1_desk.landmarks-mediapipe-world.csv,pk-hfad-1_desk,196,196011
pk-hfad-1_desk.landmarks-mediapipe-world.csv,pk-hfad-1_desk,196,196005
pk-hfad-1_desk.landmarks-mediapipe-world.csv,pk-hfad-1_desk,196,196007
pk-hfad-1_desk.landmarks-mediapipe-world.csv,pk-hfad-1_desk,196,196010
pk-hfad-1_desk.landmarks-mediapipe-world.csv,pk-hfad-1_desk,196,196009
pk-hfad-1_diary.landmarks-mediapipe-world.csv,pk-hfad-1_diary,197,-1
pk-hfad-1_diary.landmarks-mediapipe-world.csv,pk-hfad-1_diary,197,197007
pk-hfad-1_diary.landmarks-mediapipe-world.csv,pk-hfad-1_diary,197,197005
pk-hfad-1_diary.landmarks-mediapipe-world.csv,pk-hfad-1_diary,197,197010
pk-hfad-1_diary.landmarks-mediapipe-world.csv,pk-hfad-1_diary,197,197004
pk-hfad-1_diary.landmarks-mediapipe-world.csv,pk-hfad-1_diary,197,197008
pk-hfad-1_diary.landmarks-mediapipe-world.csv,pk-hfad-1_diary,197,197001
pk-hfad-1_diary.landmarks-mediapipe-world.csv,pk-hfad-1_diary,197,197009
pk-hfad-1_difficult.landmarks-mediapipe-world.csv,pk-hfad-1_difficult,198,-1
pk-hfad-1_difficult.landmarks-mediapipe-world.csv,pk-hfad-1_difficult,198,198009
pk-hfad-1_difficult.landmarks-mediapipe-world.csv,pk-hfad-1_difficult,198,198007
pk-hfad-1_difficult.landmarks-mediapipe-world.csv,pk-hfad-1_difficult,198,198010
pk-hfad-1_difficult.landmarks-mediapipe-world.csv,pk-hfad-1_difficult,198,198004
pk-hfad-1_difficult.landmarks-mediapipe-world.csv,pk-hfad-1_difficult,198,198002
pk-hfad-1_difficult.landmarks-mediapipe-world.csv,pk-hfad-1_difficult,198,198001
pk-hfad-1_difficult.landmarks-mediapipe-world.csv,pk-hfad-1_difficult,198,198005
pk-hfad-1_dikha.landmarks-mediapipe-world.csv,pk-hfad-1_dikha,199,-1
pk-hfad-1_dikha.landmarks-mediapipe-world.csv,pk-hfad-1_dikha,199,199005
pk-hfad-1_dikha.landmarks-mediapipe-world.csv,pk-hfad-1_dikha,199,199001
pk-hfad-1_dikha.landmarks-mediapipe-world.csv,pk-hfad-1_dikha,199,199006
pk-hfad-1_dikha.landmarks-mediapipe-world.csv,pk-hfad-1_dikha,199,199011
pk-hfad-1_dikha.landmarks-mediapipe-world.csv,pk-hfad-1_dikha,199,199007
pk-hfad-1_dikha.landmarks-mediapipe-world.csv,pk-hfad-1_dikha,199,199004
pk-hfad-1_dikha.landmarks-mediapipe-world.csv,pk-hfad-1_dikha,199,199009
pk-hfad-1_discipline.landmarks-mediapipe-world.csv,pk-hfad-1_discipline,200,-1
pk-hfad-1_discipline.landmarks-mediapipe-world.csv,pk-hfad-1_discipline,200,200005
pk-hfad-1_discipline.landmarks-mediapipe-world.csv,pk-hfad-1_discipline,200,200006
pk-hfad-1_discipline.landmarks-mediapipe-world.csv,pk-hfad-1_discipline,200,200002
pk-hfad-1_discipline.landmarks-mediapipe-world.csv,pk-hfad-1_discipline,200,200001
pk-hfad-1_discipline.landmarks-mediapipe-world.csv,pk-hfad-1_discipline,200,200009
pk-hfad-1_discipline.landmarks-mediapipe-world.csv,pk-hfad-1_discipline,200,200010
pk-hfad-1_discipline.landmarks-mediapipe-world.csv,pk-hfad-1_discipline,200,200004
pk-hfad-1_do-chashmi-heh.landmarks-mediapipe-world.csv,pk-hfad-1_do-chashmi-heh,201,-1
pk-hfad-1_do-chashmi-heh.landmarks-mediapipe-world.csv,pk-hfad-1_do-chashmi-heh,201,201010
pk-hfad-1_do-chashmi-heh.landmarks-mediapipe-world.csv,pk-hfad-1_do-chashmi-heh,201,201003
pk-hfad-1_do-chashmi-heh.landmarks-mediapipe-world.csv,pk-hfad-1_do-chashmi-heh,201,201007
pk-hfad-1_do-chashmi-heh.landmarks-mediapipe-world.csv,pk-hfad-1_do-chashmi-heh,201,201009
pk-hfad-1_do-chashmi-heh.landmarks-mediapipe-world.csv,pk-hfad-1_do-chashmi-heh,201,201002
pk-hfad-1_do-chashmi-heh.landmarks-mediapipe-world.csv,pk-hfad-1_do-chashmi-heh,201,201005
pk-hfad-1_do-chashmi-heh.landmarks-mediapipe-world.csv,pk-hfad-1_do-chashmi-heh,201,201004
pk-hfad-1_doctor(physician).landmarks-mediapipe-world.csv,pk-hfad-1_doctor(physician),202,-1
pk-hfad-1_doctor(physician).landmarks-mediapipe-world.csv,pk-hfad-1_doctor(physician),202,202007
pk-hfad-1_doctor(physician).landmarks-mediapipe-world.csv,pk-hfad-1_doctor(physician),202,202006
pk-hfad-1_doctor(physician).landmarks-mediapipe-world.csv,pk-hfad-1_doctor(physician),202,202002
pk-hfad-1_doctor(physician).landmarks-mediapipe-world.csv,pk-hfad-1_doctor(physician),202,202009
pk-hfad-1_doctor(physician).landmarks-mediapipe-world.csv,pk-hfad-1_doctor(physician),202,202011
pk-hfad-1_doctor(physician).landmarks-mediapipe-world.csv,pk-hfad-1_doctor(physician),202,202005
pk-hfad-1_doctor(physician).landmarks-mediapipe-world.csv,pk-hfad-1_doctor(physician),202,202008
pk-hfad-1_does(krta).landmarks-mediapipe-world.csv,pk-hfad-1_does(krta),203,-1
pk-hfad-1_does(krta).landmarks-mediapipe-world.csv,pk-hfad-1_does(krta),203,203011
pk-hfad-1_does(krta).landmarks-mediapipe-world.csv,pk-hfad-1_does(krta),203,203003
pk-hfad-1_does(krta).landmarks-mediapipe-world.csv,pk-hfad-1_does(krta),203,203010
pk-hfad-1_does(krta).landmarks-mediapipe-world.csv,pk-hfad-1_does(krta),203,203005
pk-hfad-1_does(krta).landmarks-mediapipe-world.csv,pk-hfad-1_does(krta),203,203002
pk-hfad-1_does(krta).landmarks-mediapipe-world.csv,pk-hfad-1_does(krta),203,203001
pk-hfad-1_does(krta).landmarks-mediapipe-world.csv,pk-hfad-1_does(krta),203,203007
pk-hfad-1_does(krti).landmarks-mediapipe-world.csv,pk-hfad-1_does(krti),204,-1
pk-hfad-1_does(krti).landmarks-mediapipe-world.csv,pk-hfad-1_does(krti),204,204011
pk-hfad-1_does(krti).landmarks-mediapipe-world.csv,pk-hfad-1_does(krti),204,204008
pk-hfad-1_does(krti).landmarks-mediapipe-world.csv,pk-hfad-1_does(krti),204,204009
pk-hfad-1_does(krti).landmarks-mediapipe-world.csv,pk-hfad-1_does(krti),204,204006
pk-hfad-1_does(krti).landmarks-mediapipe-world.csv,pk-hfad-1_does(krti),204,204010
pk-hfad-1_does(krti).landmarks-mediapipe-world.csv,pk-hfad-1_does(krti),204,204005
pk-hfad-1_does(krti).landmarks-mediapipe-world.csv,pk-hfad-1_does(krti),204,204007
pk-hfad-1_dog.landmarks-mediapipe-world.csv,pk-hfad-1_dog,205,-1
pk-hfad-1_dog.landmarks-mediapipe-world.csv,pk-hfad-1_dog,205,205001
pk-hfad-1_dog.landmarks-mediapipe-world.csv,pk-hfad-1_dog,205,205010
pk-hfad-1_dog.landmarks-mediapipe-world.csv,pk-hfad-1_dog,205,205009
pk-hfad-1_dog.landmarks-mediapipe-world.csv,pk-hfad-1_dog,205,205002
pk-hfad-1_dog.landmarks-mediapipe-world.csv,pk-hfad-1_dog,205,205003
pk-hfad-1_dog.landmarks-mediapipe-world.csv,pk-hfad-1_dog,205,205011
pk-hfad-1_dog.landmarks-mediapipe-world.csv,pk-hfad-1_dog,205,205007
pk-hfad-1_donkey-cart.landmarks-mediapipe-world.csv,pk-hfad-1_donkey-cart,207,-1
pk-hfad-1_donkey-cart.landmarks-mediapipe-world.csv,pk-hfad-1_donkey-cart,207,207009
pk-hfad-1_donkey-cart.landmarks-mediapipe-world.csv,pk-hfad-1_donkey-cart,207,207002
pk-hfad-1_donkey-cart.landmarks-mediapipe-world.csv,pk-hfad-1_donkey-cart,207,207001
pk-hfad-1_donkey-cart.landmarks-mediapipe-world.csv,pk-hfad-1_donkey-cart,207,207008
pk-hfad-1_donkey-cart.landmarks-mediapipe-world.csv,pk-hfad-1_donkey-cart,207,207004
pk-hfad-1_donkey-cart.landmarks-mediapipe-world.csv,pk-hfad-1_donkey-cart,207,207007
pk-hfad-1_donkey-cart.landmarks-mediapipe-world.csv,pk-hfad-1_donkey-cart,207,207011
pk-hfad-1_donkey.landmarks-mediapipe-world.csv,pk-hfad-1_donkey,206,-1
pk-hfad-1_donkey.landmarks-mediapipe-world.csv,pk-hfad-1_donkey,206,206002
pk-hfad-1_donkey.landmarks-mediapipe-world.csv,pk-hfad-1_donkey,206,206010
pk-hfad-1_donkey.landmarks-mediapipe-world.csv,pk-hfad-1_donkey,206,206005
pk-hfad-1_donkey.landmarks-mediapipe-world.csv,pk-hfad-1_donkey,206,206011
pk-hfad-1_donkey.landmarks-mediapipe-world.csv,pk-hfad-1_donkey,206,206006
pk-hfad-1_donkey.landmarks-mediapipe-world.csv,pk-hfad-1_donkey,206,206003
pk-hfad-1_donkey.landmarks-mediapipe-world.csv,pk-hfad-1_donkey,206,206001
pk-hfad-1_drama.landmarks-mediapipe-world.csv,pk-hfad-1_drama,208,-1
pk-hfad-1_drama.landmarks-mediapipe-world.csv,pk-hfad-1_drama,208,208005
pk-hfad-1_drama.landmarks-mediapipe-world.csv,pk-hfad-1_drama,208,208004
pk-hfad-1_drama.landmarks-mediapipe-world.csv,pk-hfad-1_drama,208,208009
pk-hfad-1_drama.landmarks-mediapipe-world.csv,pk-hfad-1_drama,208,208010
pk-hfad-1_drama.landmarks-mediapipe-world.csv,pk-hfad-1_drama,208,208008
pk-hfad-1_drama.landmarks-mediapipe-world.csv,pk-hfad-1_drama,208,208002
pk-hfad-1_drama.landmarks-mediapipe-world.csv,pk-hfad-1_drama,208,208003
pk-hfad-1_dream.landmarks-mediapipe-world.csv,pk-hfad-1_dream,209,-1
pk-hfad-1_dream.landmarks-mediapipe-world.csv,pk-hfad-1_dream,209,209011
pk-hfad-1_dream.landmarks-mediapipe-world.csv,pk-hfad-1_dream,209,209002
pk-hfad-1_dream.landmarks-mediapipe-world.csv,pk-hfad-1_dream,209,209004
pk-hfad-1_dream.landmarks-mediapipe-world.csv,pk-hfad-1_dream,209,209001
pk-hfad-1_dream.landmarks-mediapipe-world.csv,pk-hfad-1_dream,209,209010
pk-hfad-1_dream.landmarks-mediapipe-world.csv,pk-hfad-1_dream,209,209008
pk-hfad-1_dream.landmarks-mediapipe-world.csv,pk-hfad-1_dream,209,209007
pk-hfad-1_dubai.landmarks-mediapipe-world.csv,pk-hfad-1_dubai,210,-1
pk-hfad-1_dubai.landmarks-mediapipe-world.csv,pk-hfad-1_dubai,210,210010
pk-hfad-1_dubai.landmarks-mediapipe-world.csv,pk-hfad-1_dubai,210,210009
pk-hfad-1_dubai.landmarks-mediapipe-world.csv,pk-hfad-1_dubai,210,210006
pk-hfad-1_dubai.landmarks-mediapipe-world.csv,pk-hfad-1_dubai,210,210011
pk-hfad-1_dubai.landmarks-mediapipe-world.csv,pk-hfad-1_dubai,210,210008
pk-hfad-1_dubai.landmarks-mediapipe-world.csv,pk-hfad-1_dubai,210,210002
pk-hfad-1_dubai.landmarks-mediapipe-world.csv,pk-hfad-1_dubai,210,210003
pk-hfad-1_duck.landmarks-mediapipe-world.csv,pk-hfad-1_duck,211,-1
pk-hfad-1_duck.landmarks-mediapipe-world.csv,pk-hfad-1_duck,211,211009
pk-hfad-1_duck.landmarks-mediapipe-world.csv,pk-hfad-1_duck,211,211011
pk-hfad-1_duck.landmarks-mediapipe-world.csv,pk-hfad-1_duck,211,211002
pk-hfad-1_duck.landmarks-mediapipe-world.csv,pk-hfad-1_duck,211,211005
pk-hfad-1_duck.landmarks-mediapipe-world.csv,pk-hfad-1_duck,211,211007
pk-hfad-1_duck.landmarks-mediapipe-world.csv,pk-hfad-1_duck,211,211004
pk-hfad-1_duck.landmarks-mediapipe-world.csv,pk-hfad-1_duck,211,211001
pk-hfad-1_duplicate.landmarks-mediapipe-world.csv,pk-hfad-1_duplicate,212,-1
pk-hfad-1_duplicate.landmarks-mediapipe-world.csv,pk-hfad-1_duplicate,212,212006
pk-hfad-1_duplicate.landmarks-mediapipe-world.csv,pk-hfad-1_duplicate,212,212009
pk-hfad-1_duplicate.landmarks-mediapipe-world.csv,pk-hfad-1_duplicate,212,212002
pk-hfad-1_duplicate.landmarks-mediapipe-world.csv,pk-hfad-1_duplicate,212,212007
pk-hfad-1_duplicate.landmarks-mediapipe-world.csv,pk-hfad-1_duplicate,212,212001
pk-hfad-1_duplicate.landmarks-mediapipe-world.csv,pk-hfad-1_duplicate,212,212003
pk-hfad-1_duplicate.landmarks-mediapipe-world.csv,pk-hfad-1_duplicate,212,212011
pk-hfad-1_duty.landmarks-mediapipe-world.csv,pk-hfad-1_duty,213,-1
pk-hfad-1_duty.landmarks-mediapipe-world.csv,pk-hfad-1_duty,213,213006
pk-hfad-1_duty.landmarks-mediapipe-world.csv,pk-hfad-1_duty,213,213008
pk-hfad-1_duty.landmarks-mediapipe-world.csv,pk-hfad-1_duty,213,213002
pk-hfad-1_duty.landmarks-mediapipe-world.csv,pk-hfad-1_duty,213,213001
pk-hfad-1_duty.landmarks-mediapipe-world.csv,pk-hfad-1_duty,213,213007
pk-hfad-1_duty.landmarks-mediapipe-world.csv,pk-hfad-1_duty,213,213009
pk-hfad-1_duty.landmarks-mediapipe-world.csv,pk-hfad-1_duty,213,213005
pk-hfad-1_e(double-handed-letter).landmarks-mediapipe-world.csv,pk-hfad-1_e(double-handed-letter),214,-1
pk-hfad-1_e(double-handed-letter).landmarks-mediapipe-world.csv,pk-hfad-1_e(double-handed-letter),214,214008
pk-hfad-1_e(double-handed-letter).landmarks-mediapipe-world.csv,pk-hfad-1_e(double-handed-letter),214,214009
pk-hfad-1_e(double-handed-letter).landmarks-mediapipe-world.csv,pk-hfad-1_e(double-handed-letter),214,214006
pk-hfad-1_e(double-handed-letter).landmarks-mediapipe-world.csv,pk-hfad-1_e(double-handed-letter),214,214001
pk-hfad-1_e(double-handed-letter).landmarks-mediapipe-world.csv,pk-hfad-1_e(double-handed-letter),214,214002
pk-hfad-1_e(double-handed-letter).landmarks-mediapipe-world.csv,pk-hfad-1_e(double-handed-letter),214,214005
pk-hfad-1_e(double-handed-letter).landmarks-mediapipe-world.csv,pk-hfad-1_e(double-handed-letter),214,214011
pk-hfad-1_e(single-handed-letter).landmarks-mediapipe-world.csv,pk-hfad-1_e(single-handed-letter),215,-1
pk-hfad-1_e(single-handed-letter).landmarks-mediapipe-world.csv,pk-hfad-1_e(single-handed-letter),215,215008
pk-hfad-1_e(single-handed-letter).landmarks-mediapipe-world.csv,pk-hfad-1_e(single-handed-letter),215,215005
pk-hfad-1_e(single-handed-letter).landmarks-mediapipe-world.csv,pk-hfad-1_e(single-handed-letter),215,215002
pk-hfad-1_e(single-handed-letter).landmarks-mediapipe-world.csv,pk-hfad-1_e(single-handed-letter),215,215006
pk-hfad-1_e(single-handed-letter).landmarks-mediapipe-world.csv,pk-hfad-1_e(single-handed-letter),215,215010
pk-hfad-1_e(single-handed-letter).landmarks-mediapipe-world.csv,pk-hfad-1_e(single-handed-letter),215,215001
pk-hfad-1_e(single-handed-letter).landmarks-mediapipe-world.csv,pk-hfad-1_e(single-handed-letter),215,215009
pk-hfad-1_easy.landmarks-mediapipe-world.csv,pk-hfad-1_easy,216,-1
pk-hfad-1_easy.landmarks-mediapipe-world.csv,pk-hfad-1_easy,216,216010
pk-hfad-1_easy.landmarks-mediapipe-world.csv,pk-hfad-1_easy,216,216004
pk-hfad-1_easy.landmarks-mediapipe-world.csv,pk-hfad-1_easy,216,216005
pk-hfad-1_easy.landmarks-mediapipe-world.csv,pk-hfad-1_easy,216,216003
pk-hfad-1_easy.landmarks-mediapipe-world.csv,pk-hfad-1_easy,216,216006
pk-hfad-1_easy.landmarks-mediapipe-world.csv,pk-hfad-1_easy,216,216007
pk-hfad-1_easy.landmarks-mediapipe-world.csv,pk-hfad-1_easy,216,216011
pk-hfad-1_egg.landmarks-mediapipe-world.csv,pk-hfad-1_egg,217,-1
pk-hfad-1_egg.landmarks-mediapipe-world.csv,pk-hfad-1_egg,217,217006
pk-hfad-1_egg.landmarks-mediapipe-world.csv,pk-hfad-1_egg,217,217008
pk-hfad-1_egg.landmarks-mediapipe-world.csv,pk-hfad-1_egg,217,217005
pk-hfad-1_egg.landmarks-mediapipe-world.csv,pk-hfad-1_egg,217,217009
pk-hfad-1_egg.landmarks-mediapipe-world.csv,pk-hfad-1_egg,217,217011
pk-hfad-1_egg.landmarks-mediapipe-world.csv,pk-hfad-1_egg,217,217007
pk-hfad-1_egg.landmarks-mediapipe-world.csv,pk-hfad-1_egg,217,217002
pk-hfad-1_eggplant.landmarks-mediapipe-world.csv,pk-hfad-1_eggplant,218,-1
pk-hfad-1_eggplant.landmarks-mediapipe-world.csv,pk-hfad-1_eggplant,218,218005
pk-hfad-1_eggplant.landmarks-mediapipe-world.csv,pk-hfad-1_eggplant,218,218001
pk-hfad-1_eggplant.landmarks-mediapipe-world.csv,pk-hfad-1_eggplant,218,218011
pk-hfad-1_eggplant.landmarks-mediapipe-world.csv,pk-hfad-1_eggplant,218,218010
pk-hfad-1_eggplant.landmarks-mediapipe-world.csv,pk-hfad-1_eggplant,218,218008
pk-hfad-1_eggplant.landmarks-mediapipe-world.csv,pk-hfad-1_eggplant,218,218003
pk-hfad-1_eggplant.landmarks-mediapipe-world.csv,pk-hfad-1_eggplant,218,218009
pk-hfad-1_election.landmarks-mediapipe-world.csv,pk-hfad-1_election,219,-1
pk-hfad-1_election.landmarks-mediapipe-world.csv,pk-hfad-1_election,219,219005
pk-hfad-1_election.landmarks-mediapipe-world.csv,pk-hfad-1_election,219,219008
pk-hfad-1_election.landmarks-mediapipe-world.csv,pk-hfad-1_election,219,219009
pk-hfad-1_election.landmarks-mediapipe-world.csv,pk-hfad-1_election,219,219004
pk-hfad-1_election.landmarks-mediapipe-world.csv,pk-hfad-1_election,219,219001
pk-hfad-1_election.landmarks-mediapipe-world.csv,pk-hfad-1_election,219,219007
pk-hfad-1_election.landmarks-mediapipe-world.csv,pk-hfad-1_election,219,219003
pk-hfad-1_elephant.landmarks-mediapipe-world.csv,pk-hfad-1_elephant,220,-1
pk-hfad-1_elephant.landmarks-mediapipe-world.csv,pk-hfad-1_elephant,220,220005
pk-hfad-1_elephant.landmarks-mediapipe-world.csv,pk-hfad-1_elephant,220,220008
pk-hfad-1_elephant.landmarks-mediapipe-world.csv,pk-hfad-1_elephant,220,220002
pk-hfad-1_elephant.landmarks-mediapipe-world.csv,pk-hfad-1_elephant,220,220007
pk-hfad-1_elephant.landmarks-mediapipe-world.csv,pk-hfad-1_elephant,220,220006
pk-hfad-1_elephant.landmarks-mediapipe-world.csv,pk-hfad-1_elephant,220,220004
pk-hfad-1_elephant.landmarks-mediapipe-world.csv,pk-hfad-1_elephant,220,220009
pk-hfad-1_embarrassed.landmarks-mediapipe-world.csv,pk-hfad-1_embarrassed,221,-1
pk-hfad-1_embarrassed.landmarks-mediapipe-world.csv,pk-hfad-1_embarrassed,221,221011
pk-hfad-1_embarrassed.landmarks-mediapipe-world.csv,pk-hfad-1_embarrassed,221,221006
pk-hfad-1_embarrassed.landmarks-mediapipe-world.csv,pk-hfad-1_embarrassed,221,221009
pk-hfad-1_embarrassed.landmarks-mediapipe-world.csv,pk-hfad-1_embarrassed,221,221007
pk-hfad-1_embarrassed.landmarks-mediapipe-world.csv,pk-hfad-1_embarrassed,221,221001
pk-hfad-1_embarrassed.landmarks-mediapipe-world.csv,pk-hfad-1_embarrassed,221,221010
pk-hfad-1_embarrassed.landmarks-mediapipe-world.csv,pk-hfad-1_embarrassed,221,221003
pk-hfad-1_emergency.landmarks-mediapipe-world.csv,pk-hfad-1_emergency,222,-1
pk-hfad-1_emergency.landmarks-mediapipe-world.csv,pk-hfad-1_emergency,222,222005
pk-hfad-1_emergency.landmarks-mediapipe-world.csv,pk-hfad-1_emergency,222,222003
pk-hfad-1_emergency.landmarks-mediapipe-world.csv,pk-hfad-1_emergency,222,222010
pk-hfad-1_emergency.landmarks-mediapipe-world.csv,pk-hfad-1_emergency,222,222008
pk-hfad-1_emergency.landmarks-mediapipe-world.csv,pk-hfad-1_emergency,222,222002
pk-hfad-1_emergency.landmarks-mediapipe-world.csv,pk-hfad-1_emergency,222,222009
pk-hfad-1_emergency.landmarks-mediapipe-world.csv,pk-hfad-1_emergency,222,222007
pk-hfad-1_enemy.landmarks-mediapipe-world.csv,pk-hfad-1_enemy,223,-1
pk-hfad-1_enemy.landmarks-mediapipe-world.csv,pk-hfad-1_enemy,223,223011
pk-hfad-1_enemy.landmarks-mediapipe-world.csv,pk-hfad-1_enemy,223,223006
pk-hfad-1_enemy.landmarks-mediapipe-world.csv,pk-hfad-1_enemy,223,223008
pk-hfad-1_enemy.landmarks-mediapipe-world.csv,pk-hfad-1_enemy,223,223001
pk-hfad-1_enemy.landmarks-mediapipe-world.csv,pk-hfad-1_enemy,223,223010
pk-hfad-1_enemy.landmarks-mediapipe-world.csv,pk-hfad-1_enemy,223,223003
pk-hfad-1_enemy.landmarks-mediapipe-world.csv,pk-hfad-1_enemy,223,223005
pk-hfad-1_england.landmarks-mediapipe-world.csv,pk-hfad-1_england,224,-1
pk-hfad-1_england.landmarks-mediapipe-world.csv,pk-hfad-1_england,224,224005
pk-hfad-1_england.landmarks-mediapipe-world.csv,pk-hfad-1_england,224,224003
pk-hfad-1_england.landmarks-mediapipe-world.csv,pk-hfad-1_england,224,224006
pk-hfad-1_england.landmarks-mediapipe-world.csv,pk-hfad-1_england,224,224008
pk-hfad-1_england.landmarks-mediapipe-world.csv,pk-hfad-1_england,224,224004
pk-hfad-1_england.landmarks-mediapipe-world.csv,pk-hfad-1_england,224,224011
pk-hfad-1_england.landmarks-mediapipe-world.csv,pk-hfad-1_england,224,224007
pk-hfad-1_english(language).landmarks-mediapipe-world.csv,pk-hfad-1_english(language),225,-1
pk-hfad-1_english(language).landmarks-mediapipe-world.csv,pk-hfad-1_english(language),225,225006
pk-hfad-1_english(language).landmarks-mediapipe-world.csv,pk-hfad-1_english(language),225,225001
pk-hfad-1_english(language).landmarks-mediapipe-world.csv,pk-hfad-1_english(language),225,225004
pk-hfad-1_english(language).landmarks-mediapipe-world.csv,pk-hfad-1_english(language),225,225011
pk-hfad-1_english(language).landmarks-mediapipe-world.csv,pk-hfad-1_english(language),225,225009
pk-hfad-1_english(language).landmarks-mediapipe-world.csv,pk-hfad-1_english(language),225,225010
pk-hfad-1_english(language).landmarks-mediapipe-world.csv,pk-hfad-1_english(language),225,225002
pk-hfad-1_eraser.landmarks-mediapipe-world.csv,pk-hfad-1_eraser,226,-1
pk-hfad-1_eraser.landmarks-mediapipe-world.csv,pk-hfad-1_eraser,226,226001
pk-hfad-1_eraser.landmarks-mediapipe-world.csv,pk-hfad-1_eraser,226,226007
pk-hfad-1_eraser.landmarks-mediapipe-world.csv,pk-hfad-1_eraser,226,226010
pk-hfad-1_eraser.landmarks-mediapipe-world.csv,pk-hfad-1_eraser,226,226002
pk-hfad-1_eraser.landmarks-mediapipe-world.csv,pk-hfad-1_eraser,226,226008
pk-hfad-1_eraser.landmarks-mediapipe-world.csv,pk-hfad-1_eraser,226,226005
pk-hfad-1_eraser.landmarks-mediapipe-world.csv,pk-hfad-1_eraser,226,226009
pk-hfad-1_ethnicity.landmarks-mediapipe-world.csv,pk-hfad-1_ethnicity,227,-1
pk-hfad-1_ethnicity.landmarks-mediapipe-world.csv,pk-hfad-1_ethnicity,227,227002
pk-hfad-1_ethnicity.landmarks-mediapipe-world.csv,pk-hfad-1_ethnicity,227,227004
pk-hfad-1_ethnicity.landmarks-mediapipe-world.csv,pk-hfad-1_ethnicity,227,227005
pk-hfad-1_ethnicity.landmarks-mediapipe-world.csv,pk-hfad-1_ethnicity,227,227007
pk-hfad-1_ethnicity.landmarks-mediapipe-world.csv,pk-hfad-1_ethnicity,227,227010
pk-hfad-1_ethnicity.landmarks-mediapipe-world.csv,pk-hfad-1_ethnicity,227,227008
pk-hfad-1_ethnicity.landmarks-mediapipe-world.csv,pk-hfad-1_ethnicity,227,227003
pk-hfad-1_eve(first-woman).landmarks-mediapipe-world.csv,pk-hfad-1_eve(first-woman),228,-1
pk-hfad-1_eve(first-woman).landmarks-mediapipe-world.csv,pk-hfad-1_eve(first-woman),228,228004
pk-hfad-1_eve(first-woman).landmarks-mediapipe-world.csv,pk-hfad-1_eve(first-woman),228,228009
pk-hfad-1_eve(first-woman).landmarks-mediapipe-world.csv,pk-hfad-1_eve(first-woman),228,228006
pk-hfad-1_eve(first-woman).landmarks-mediapipe-world.csv,pk-hfad-1_eve(first-woman),228,228008
pk-hfad-1_eve(first-woman).landmarks-mediapipe-world.csv,pk-hfad-1_eve(first-woman),228,228005
pk-hfad-1_eve(first-woman).landmarks-mediapipe-world.csv,pk-hfad-1_eve(first-woman),228,228002
pk-hfad-1_eve(first-woman).landmarks-mediapipe-world.csv,pk-hfad-1_eve(first-woman),228,228003
pk-hfad-1_evening.landmarks-mediapipe-world.csv,pk-hfad-1_evening,229,-1
pk-hfad-1_evening.landmarks-mediapipe-world.csv,pk-hfad-1_evening,229,229008
pk-hfad-1_evening.landmarks-mediapipe-world.csv,pk-hfad-1_evening,229,229010
pk-hfad-1_evening.landmarks-mediapipe-world.csv,pk-hfad-1_evening,229,229011
pk-hfad-1_evening.landmarks-mediapipe-world.csv,pk-hfad-1_evening,229,229007
pk-hfad-1_evening.landmarks-mediapipe-world.csv,pk-hfad-1_evening,229,229005
pk-hfad-1_evening.landmarks-mediapipe-world.csv,pk-hfad-1_evening,229,229002
pk-hfad-1_evening.landmarks-mediapipe-world.csv,pk-hfad-1_evening,229,229003
pk-hfad-1_examination.landmarks-mediapipe-world.csv,pk-hfad-1_examination,230,-1
pk-hfad-1_examination.landmarks-mediapipe-world.csv,pk-hfad-1_examination,230,230001
pk-hfad-1_examination.landmarks-mediapipe-world.csv,pk-hfad-1_examination,230,230002
pk-hfad-1_examination.landmarks-mediapipe-world.csv,pk-hfad-1_examination,230,230011
pk-hfad-1_examination.landmarks-mediapipe-world.csv,pk-hfad-1_examination,230,230003
pk-hfad-1_examination.landmarks-mediapipe-world.csv,pk-hfad-1_examination,230,230009
pk-hfad-1_examination.landmarks-mediapipe-world.csv,pk-hfad-1_examination,230,230010
pk-hfad-1_examination.landmarks-mediapipe-world.csv,pk-hfad-1_examination,230,230005
pk-hfad-1_excuse(justification).landmarks-mediapipe-world.csv,pk-hfad-1_excuse(justification),231,-1
pk-hfad-1_excuse(justification).landmarks-mediapipe-world.csv,pk-hfad-1_excuse(justification),231,231005
pk-hfad-1_excuse(justification).landmarks-mediapipe-world.csv,pk-hfad-1_excuse(justification),231,231011
pk-hfad-1_excuse(justification).landmarks-mediapipe-world.csv,pk-hfad-1_excuse(justification),231,231001
pk-hfad-1_excuse(justification).landmarks-mediapipe-world.csv,pk-hfad-1_excuse(justification),231,231004
pk-hfad-1_excuse(justification).landmarks-mediapipe-world.csv,pk-hfad-1_excuse(justification),231,231002
pk-hfad-1_excuse(justification).landmarks-mediapipe-world.csv,pk-hfad-1_excuse(justification),231,231006
pk-hfad-1_excuse(justification).landmarks-mediapipe-world.csv,pk-hfad-1_excuse(justification),231,231007
pk-hfad-1_exhibition.landmarks-mediapipe-world.csv,pk-hfad-1_exhibition,232,-1
pk-hfad-1_exhibition.landmarks-mediapipe-world.csv,pk-hfad-1_exhibition,232,232007
pk-hfad-1_exhibition.landmarks-mediapipe-world.csv,pk-hfad-1_exhibition,232,232004
pk-hfad-1_exhibition.landmarks-mediapipe-world.csv,pk-hfad-1_exhibition,232,232010
pk-hfad-1_exhibition.landmarks-mediapipe-world.csv,pk-hfad-1_exhibition,232,232006
pk-hfad-1_exhibition.landmarks-mediapipe-world.csv,pk-hfad-1_exhibition,232,232009
pk-hfad-1_exhibition.landmarks-mediapipe-world.csv,pk-hfad-1_exhibition,232,232002
pk-hfad-1_exhibition.landmarks-mediapipe-world.csv,pk-hfad-1_exhibition,232,232001
pk-hfad-1_extravagant.landmarks-mediapipe-world.csv,pk-hfad-1_extravagant,233,-1
pk-hfad-1_extravagant.landmarks-mediapipe-world.csv,pk-hfad-1_extravagant,233,233006
pk-hfad-1_extravagant.landmarks-mediapipe-world.csv,pk-hfad-1_extravagant,233,233004
pk-hfad-1_extravagant.landmarks-mediapipe-world.csv,pk-hfad-1_extravagant,233,233002
pk-hfad-1_extravagant.landmarks-mediapipe-world.csv,pk-hfad-1_extravagant,233,233007
pk-hfad-1_extravagant.landmarks-mediapipe-world.csv,pk-hfad-1_extravagant,233,233010
pk-hfad-1_extravagant.landmarks-mediapipe-world.csv,pk-hfad-1_extravagant,233,233009
pk-hfad-1_extravagant.landmarks-mediapipe-world.csv,pk-hfad-1_extravagant,233,233005
pk-hfad-1_f(double-handed-letter).landmarks-mediapipe-world.csv,pk-hfad-1_f(double-handed-letter),234,-1
pk-hfad-1_f(double-handed-letter).landmarks-mediapipe-world.csv,pk-hfad-1_f(double-handed-letter),234,234008
pk-hfad-1_f(double-handed-letter).landmarks-mediapipe-world.csv,pk-hfad-1_f(double-handed-letter),234,234009
pk-hfad-1_f(double-handed-letter).landmarks-mediapipe-world.csv,pk-hfad-1_f(double-handed-letter),234,234010
pk-hfad-1_f(double-handed-letter).landmarks-mediapipe-world.csv,pk-hfad-1_f(double-handed-letter),234,234007
pk-hfad-1_f(double-handed-letter).landmarks-mediapipe-world.csv,pk-hfad-1_f(double-handed-letter),234,234005
pk-hfad-1_f(double-handed-letter).landmarks-mediapipe-world.csv,pk-hfad-1_f(double-handed-letter),234,234002
pk-hfad-1_f(double-handed-letter).landmarks-mediapipe-world.csv,pk-hfad-1_f(double-handed-letter),234,234004
pk-hfad-1_f(single-handed-letter).landmarks-mediapipe-world.csv,pk-hfad-1_f(single-handed-letter),235,-1
pk-hfad-1_f(single-handed-letter).landmarks-mediapipe-world.csv,pk-hfad-1_f(single-handed-letter),235,235010
pk-hfad-1_f(single-handed-letter).landmarks-mediapipe-world.csv,pk-hfad-1_f(single-handed-letter),235,235008
pk-hfad-1_f(single-handed-letter).landmarks-mediapipe-world.csv,pk-hfad-1_f(single-handed-letter),235,235003
pk-hfad-1_f(single-handed-letter).landmarks-mediapipe-world.csv,pk-hfad-1_f(single-handed-letter),235,235011
pk-hfad-1_f(single-handed-letter).landmarks-mediapipe-world.csv,pk-hfad-1_f(single-handed-letter),235,235007
pk-hfad-1_f(single-handed-letter).landmarks-mediapipe-world.csv,pk-hfad-1_f(single-handed-letter),235,235009
pk-hfad-1_f(single-handed-letter).landmarks-mediapipe-world.csv,pk-hfad-1_f(single-handed-letter),235,235001
pk-hfad-1_factory.landmarks-mediapipe-world.csv,pk-hfad-1_factory,236,-1
pk-hfad-1_factory.landmarks-mediapipe-world.csv,pk-hfad-1_factory,236,236005
pk-hfad-1_factory.landmarks-mediapipe-world.csv,pk-hfad-1_factory,236,236004
pk-hfad-1_factory.landmarks-mediapipe-world.csv,pk-hfad-1_factory,236,236010
pk-hfad-1_factory.landmarks-mediapipe-world.csv,pk-hfad-1_factory,236,236009
pk-hfad-1_factory.landmarks-mediapipe-world.csv,pk-hfad-1_factory,236,236007
pk-hfad-1_factory.landmarks-mediapipe-world.csv,pk-hfad-1_factory,236,236011
pk-hfad-1_factory.landmarks-mediapipe-world.csv,pk-hfad-1_factory,236,236002
pk-hfad-1_fail.landmarks-mediapipe-world.csv,pk-hfad-1_fail,237,-1
pk-hfad-1_fail.landmarks-mediapipe-world.csv,pk-hfad-1_fail,237,237007
pk-hfad-1_fail.landmarks-mediapipe-world.csv,pk-hfad-1_fail,237,237002
pk-hfad-1_fail.landmarks-mediapipe-world.csv,pk-hfad-1_fail,237,237004
pk-hfad-1_fail.landmarks-mediapipe-world.csv,pk-hfad-1_fail,237,237005
pk-hfad-1_fail.landmarks-mediapipe-world.csv,pk-hfad-1_fail,237,237001
pk-hfad-1_fail.landmarks-mediapipe-world.csv,pk-hfad-1_fail,237,237009
pk-hfad-1_fail.landmarks-mediapipe-world.csv,pk-hfad-1_fail,237,237010
pk-hfad-1_faisal-mosque.landmarks-mediapipe-world.csv,pk-hfad-1_faisal-mosque,238,-1
pk-hfad-1_faisal-mosque.landmarks-mediapipe-world.csv,pk-hfad-1_faisal-mosque,238,238006
pk-hfad-1_faisal-mosque.landmarks-mediapipe-world.csv,pk-hfad-1_faisal-mosque,238,238001
pk-hfad-1_faisal-mosque.landmarks-mediapipe-world.csv,pk-hfad-1_faisal-mosque,238,238003
pk-hfad-1_faisal-mosque.landmarks-mediapipe-world.csv,pk-hfad-1_faisal-mosque,238,238009
pk-hfad-1_faisal-mosque.landmarks-mediapipe-world.csv,pk-hfad-1_faisal-mosque,238,238010
pk-hfad-1_faisal-mosque.landmarks-mediapipe-world.csv,pk-hfad-1_faisal-mosque,238,238005
pk-hfad-1_faisal-mosque.landmarks-mediapipe-world.csv,pk-hfad-1_faisal-mosque,238,238008
pk-hfad-1_faisalabad.landmarks-mediapipe-world.csv,pk-hfad-1_faisalabad,239,-1
pk-hfad-1_faisalabad.landmarks-mediapipe-world.csv,pk-hfad-1_faisalabad,239,239011
pk-hfad-1_faisalabad.landmarks-mediapipe-world.csv,pk-hfad-1_faisalabad,239,239002
pk-hfad-1_faisalabad.landmarks-mediapipe-world.csv,pk-hfad-1_faisalabad,239,239006
pk-hfad-1_faisalabad.landmarks-mediapipe-world.csv,pk-hfad-1_faisalabad,239,239009
pk-hfad-1_faisalabad.landmarks-mediapipe-world.csv,pk-hfad-1_faisalabad,239,239005
pk-hfad-1_faisalabad.landmarks-mediapipe-world.csv,pk-hfad-1_faisalabad,239,239010
pk-hfad-1_faisalabad.landmarks-mediapipe-world.csv,pk-hfad-1_faisalabad,239,239003
pk-hfad-1_faith.landmarks-mediapipe-world.csv,pk-hfad-1_faith,240,-1
pk-hfad-1_faith.landmarks-mediapipe-world.csv,pk-hfad-1_faith,240,240009
pk-hfad-1_faith.landmarks-mediapipe-world.csv,pk-hfad-1_faith,240,240001
pk-hfad-1_faith.landmarks-mediapipe-world.csv,pk-hfad-1_faith,240,240002
pk-hfad-1_faith.landmarks-mediapipe-world.csv,pk-hfad-1_faith,240,240003
pk-hfad-1_faith.landmarks-mediapipe-world.csv,pk-hfad-1_faith,240,240006
pk-hfad-1_faith.landmarks-mediapipe-world.csv,pk-hfad-1_faith,240,240005
pk-hfad-1_faith.landmarks-mediapipe-world.csv,pk-hfad-1_faith,240,240004
pk-hfad-1_fajr.landmarks-mediapipe-world.csv,pk-hfad-1_fajr,241,-1
pk-hfad-1_fajr.landmarks-mediapipe-world.csv,pk-hfad-1_fajr,241,241002
pk-hfad-1_fajr.landmarks-mediapipe-world.csv,pk-hfad-1_fajr,241,241004
pk-hfad-1_fajr.landmarks-mediapipe-world.csv,pk-hfad-1_fajr,241,241007
pk-hfad-1_fajr.landmarks-mediapipe-world.csv,pk-hfad-1_fajr,241,241010
pk-hfad-1_fajr.landmarks-mediapipe-world.csv,pk-hfad-1_fajr,241,241006
pk-hfad-1_fajr.landmarks-mediapipe-world.csv,pk-hfad-1_fajr,241,241009
pk-hfad-1_fajr.landmarks-mediapipe-world.csv,pk-hfad-1_fajr,241,241005
pk-hfad-1_family.landmarks-mediapipe-world.csv,pk-hfad-1_family,242,-1
pk-hfad-1_family.landmarks-mediapipe-world.csv,pk-hfad-1_family,242,242002
pk-hfad-1_family.landmarks-mediapipe-world.csv,pk-hfad-1_family,242,242001
pk-hfad-1_family.landmarks-mediapipe-world.csv,pk-hfad-1_family,242,242007
pk-hfad-1_family.landmarks-mediapipe-world.csv,pk-hfad-1_family,242,242011
pk-hfad-1_family.landmarks-mediapipe-world.csv,pk-hfad-1_family,242,242008
pk-hfad-1_family.landmarks-mediapipe-world.csv,pk-hfad-1_family,242,242010
pk-hfad-1_family.landmarks-mediapipe-world.csv,pk-hfad-1_family,242,242006
pk-hfad-1_famous.landmarks-mediapipe-world.csv,pk-hfad-1_famous,243,-1
pk-hfad-1_famous.landmarks-mediapipe-world.csv,pk-hfad-1_famous,243,243011
pk-hfad-1_famous.landmarks-mediapipe-world.csv,pk-hfad-1_famous,243,243005
pk-hfad-1_famous.landmarks-mediapipe-world.csv,pk-hfad-1_famous,243,243002
pk-hfad-1_famous.landmarks-mediapipe-world.csv,pk-hfad-1_famous,243,243010
pk-hfad-1_famous.landmarks-mediapipe-world.csv,pk-hfad-1_famous,243,243009
pk-hfad-1_famous.landmarks-mediapipe-world.csv,pk-hfad-1_famous,243,243007
pk-hfad-1_famous.landmarks-mediapipe-world.csv,pk-hfad-1_famous,243,243001
pk-hfad-1_far.landmarks-mediapipe-world.csv,pk-hfad-1_far,244,-1
pk-hfad-1_far.landmarks-mediapipe-world.csv,pk-hfad-1_far,244,244007
pk-hfad-1_far.landmarks-mediapipe-world.csv,pk-hfad-1_far,244,244001
pk-hfad-1_far.landmarks-mediapipe-world.csv,pk-hfad-1_far,244,244008
pk-hfad-1_far.landmarks-mediapipe-world.csv,pk-hfad-1_far,244,244005
pk-hfad-1_far.landmarks-mediapipe-world.csv,pk-hfad-1_far,244,244006
pk-hfad-1_far.landmarks-mediapipe-world.csv,pk-hfad-1_far,244,244004
pk-hfad-1_far.landmarks-mediapipe-world.csv,pk-hfad-1_far,244,244009
pk-hfad-1_farmer.landmarks-mediapipe-world.csv,pk-hfad-1_farmer,245,-1
pk-hfad-1_farmer.landmarks-mediapipe-world.csv,pk-hfad-1_farmer,245,245011
pk-hfad-1_farmer.landmarks-mediapipe-world.csv,pk-hfad-1_farmer,245,245008
pk-hfad-1_farmer.landmarks-mediapipe-world.csv,pk-hfad-1_farmer,245,245010
pk-hfad-1_farmer.landmarks-mediapipe-world.csv,pk-hfad-1_farmer,245,245005
pk-hfad-1_farmer.landmarks-mediapipe-world.csv,pk-hfad-1_farmer,245,245004
pk-hfad-1_farmer.landmarks-mediapipe-world.csv,pk-hfad-1_farmer,245,245002
pk-hfad-1_farmer.landmarks-mediapipe-world.csv,pk-hfad-1_farmer,245,245009
pk-hfad-1_fashion.landmarks-mediapipe-world.csv,pk-hfad-1_fashion,246,-1
pk-hfad-1_fashion.landmarks-mediapipe-world.csv,pk-hfad-1_fashion,246,246005
pk-hfad-1_fashion.landmarks-mediapipe-world.csv,pk-hfad-1_fashion,246,246007
pk-hfad-1_fashion.landmarks-mediapipe-world.csv,pk-hfad-1_fashion,246,246010
pk-hfad-1_fashion.landmarks-mediapipe-world.csv,pk-hfad-1_fashion,246,246011
pk-hfad-1_fashion.landmarks-mediapipe-world.csv,pk-hfad-1_fashion,246,246003
pk-hfad-1_fashion.landmarks-mediapipe-world.csv,pk-hfad-1_fashion,246,246001
pk-hfad-1_fashion.landmarks-mediapipe-world.csv,pk-hfad-1_fashion,246,246009
pk-hfad-1_fashionable.landmarks-mediapipe-world.csv,pk-hfad-1_fashionable,247,-1
pk-hfad-1_fashionable.landmarks-mediapipe-world.csv,pk-hfad-1_fashionable,247,247003
pk-hfad-1_fashionable.landmarks-mediapipe-world.csv,pk-hfad-1_fashionable,247,247007
pk-hfad-1_fashionable.landmarks-mediapipe-world.csv,pk-hfad-1_fashionable,247,247008
pk-hfad-1_fashionable.landmarks-mediapipe-world.csv,pk-hfad-1_fashionable,247,247001
pk-hfad-1_fashionable.landmarks-mediapipe-world.csv,pk-hfad-1_fashionable,247,247009
pk-hfad-1_fashionable.landmarks-mediapipe-world.csv,pk-hfad-1_fashionable,247,247004
pk-hfad-1_fashionable.landmarks-mediapipe-world.csv,pk-hfad-1_fashionable,247,247002
pk-hfad-1_fasting.landmarks-mediapipe-world.csv,pk-hfad-1_fasting,248,-1
pk-hfad-1_fasting.landmarks-mediapipe-world.csv,pk-hfad-1_fasting,248,248003
pk-hfad-1_fasting.landmarks-mediapipe-world.csv,pk-hfad-1_fasting,248,248006
pk-hfad-1_fasting.landmarks-mediapipe-world.csv,pk-hfad-1_fasting,248,248007
pk-hfad-1_fasting.landmarks-mediapipe-world.csv,pk-hfad-1_fasting,248,248011
pk-hfad-1_fasting.landmarks-mediapipe-world.csv,pk-hfad-1_fasting,248,248010
pk-hfad-1_fasting.landmarks-mediapipe-world.csv,pk-hfad-1_fasting,248,248008
pk-hfad-1_fasting.landmarks-mediapipe-world.csv,pk-hfad-1_fasting,248,248004
pk-hfad-1_fate.landmarks-mediapipe-world.csv,pk-hfad-1_fate,249,-1
pk-hfad-1_fate.landmarks-mediapipe-world.csv,pk-hfad-1_fate,249,249007
pk-hfad-1_fate.landmarks-mediapipe-world.csv,pk-hfad-1_fate,249,249009
pk-hfad-1_fate.landmarks-mediapipe-world.csv,pk-hfad-1_fate,249,249003
pk-hfad-1_fate.landmarks-mediapipe-world.csv,pk-hfad-1_fate,249,249004
pk-hfad-1_fate.landmarks-mediapipe-world.csv,pk-hfad-1_fate,249,249008
pk-hfad-1_fate.landmarks-mediapipe-world.csv,pk-hfad-1_fate,249,249002
pk-hfad-1_fate.landmarks-mediapipe-world.csv,pk-hfad-1_fate,249,249001
pk-hfad-1_fearsome.landmarks-mediapipe-world.csv,pk-hfad-1_fearsome,250,-1
pk-hfad-1_fearsome.landmarks-mediapipe-world.csv,pk-hfad-1_fearsome,250,250003
pk-hfad-1_fearsome.landmarks-mediapipe-world.csv,pk-hfad-1_fearsome,250,250008
pk-hfad-1_fearsome.landmarks-mediapipe-world.csv,pk-hfad-1_fearsome,250,250009
pk-hfad-1_fearsome.landmarks-mediapipe-world.csv,pk-hfad-1_fearsome,250,250004
pk-hfad-1_fearsome.landmarks-mediapipe-world.csv,pk-hfad-1_fearsome,250,250005
pk-hfad-1_fearsome.landmarks-mediapipe-world.csv,pk-hfad-1_fearsome,250,250007
pk-hfad-1_fearsome.landmarks-mediapipe-world.csv,pk-hfad-1_fearsome,250,250010
pk-hfad-1_feast.landmarks-mediapipe-world.csv,pk-hfad-1_feast,251,-1
pk-hfad-1_feast.landmarks-mediapipe-world.csv,pk-hfad-1_feast,251,251010
pk-hfad-1_feast.landmarks-mediapipe-world.csv,pk-hfad-1_feast,251,251009
pk-hfad-1_feast.landmarks-mediapipe-world.csv,pk-hfad-1_feast,251,251007
pk-hfad-1_feast.landmarks-mediapipe-world.csv,pk-hfad-1_feast,251,251005
pk-hfad-1_feast.landmarks-mediapipe-world.csv,pk-hfad-1_feast,251,251006
pk-hfad-1_feast.landmarks-mediapipe-world.csv,pk-hfad-1_feast,251,251003
pk-hfad-1_feast.landmarks-mediapipe-world.csv,pk-hfad-1_feast,251,251004
pk-hfad-1_february.landmarks-mediapipe-world.csv,pk-hfad-1_february,252,-1
pk-hfad-1_february.landmarks-mediapipe-world.csv,pk-hfad-1_february,252,252007
pk-hfad-1_february.landmarks-mediapipe-world.csv,pk-hfad-1_february,252,252008
pk-hfad-1_february.landmarks-mediapipe-world.csv,pk-hfad-1_february,252,252004
pk-hfad-1_february.landmarks-mediapipe-world.csv,pk-hfad-1_february,252,252003
pk-hfad-1_february.landmarks-mediapipe-world.csv,pk-hfad-1_february,252,252006
pk-hfad-1_february.landmarks-mediapipe-world.csv,pk-hfad-1_february,252,252002
pk-hfad-1_february.landmarks-mediapipe-world.csv,pk-hfad-1_february,252,252009
pk-hfad-1_feminine.landmarks-mediapipe-world.csv,pk-hfad-1_feminine,253,-1
pk-hfad-1_feminine.landmarks-mediapipe-world.csv,pk-hfad-1_feminine,253,253010
pk-hfad-1_feminine.landmarks-mediapipe-world.csv,pk-hfad-1_feminine,253,253001
pk-hfad-1_feminine.landmarks-mediapipe-world.csv,pk-hfad-1_feminine,253,253008
pk-hfad-1_feminine.landmarks-mediapipe-world.csv,pk-hfad-1_feminine,253,253009
pk-hfad-1_feminine.landmarks-mediapipe-world.csv,pk-hfad-1_feminine,253,253011
pk-hfad-1_feminine.landmarks-mediapipe-world.csv,pk-hfad-1_feminine,253,253002
pk-hfad-1_feminine.landmarks-mediapipe-world.csv,pk-hfad-1_feminine,253,253005
pk-hfad-1_few.landmarks-mediapipe-world.csv,pk-hfad-1_few,254,-1
pk-hfad-1_few.landmarks-mediapipe-world.csv,pk-hfad-1_few,254,254007
pk-hfad-1_few.landmarks-mediapipe-world.csv,pk-hfad-1_few,254,254006
pk-hfad-1_few.landmarks-mediapipe-world.csv,pk-hfad-1_few,254,254008
pk-hfad-1_few.landmarks-mediapipe-world.csv,pk-hfad-1_few,254,254003
pk-hfad-1_few.landmarks-mediapipe-world.csv,pk-hfad-1_few,254,254002
pk-hfad-1_few.landmarks-mediapipe-world.csv,pk-hfad-1_few,254,254004
pk-hfad-1_few.landmarks-mediapipe-world.csv,pk-hfad-1_few,254,254005
pk-hfad-1_fighter-jet.landmarks-mediapipe-world.csv,pk-hfad-1_fighter-jet,255,-1
pk-hfad-1_fighter-jet.landmarks-mediapipe-world.csv,pk-hfad-1_fighter-jet,255,255007
pk-hfad-1_fighter-jet.landmarks-mediapipe-world.csv,pk-hfad-1_fighter-jet,255,255005
pk-hfad-1_fighter-jet.landmarks-mediapipe-world.csv,pk-hfad-1_fighter-jet,255,255006
pk-hfad-1_fighter-jet.landmarks-mediapipe-world.csv,pk-hfad-1_fighter-jet,255,255009
pk-hfad-1_fighter-jet.landmarks-mediapipe-world.csv,pk-hfad-1_fighter-jet,255,255004
pk-hfad-1_fighter-jet.landmarks-mediapipe-world.csv,pk-hfad-1_fighter-jet,255,255002
pk-hfad-1_fighter-jet.landmarks-mediapipe-world.csv,pk-hfad-1_fighter-jet,255,255003
pk-hfad-1_final.landmarks-mediapipe-world.csv,pk-hfad-1_final,256,-1
pk-hfad-1_final.landmarks-mediapipe-world.csv,pk-hfad-1_final,256,256006
pk-hfad-1_final.landmarks-mediapipe-world.csv,pk-hfad-1_final,256,256005
pk-hfad-1_final.landmarks-mediapipe-world.csv,pk-hfad-1_final,256,256001
pk-hfad-1_final.landmarks-mediapipe-world.csv,pk-hfad-1_final,256,256004
pk-hfad-1_final.landmarks-mediapipe-world.csv,pk-hfad-1_final,256,256011
pk-hfad-1_final.landmarks-mediapipe-world.csv,pk-hfad-1_final,256,256007
pk-hfad-1_final.landmarks-mediapipe-world.csv,pk-hfad-1_final,256,256010
pk-hfad-1_find.landmarks-mediapipe-world.csv,pk-hfad-1_find,257,-1
pk-hfad-1_find.landmarks-mediapipe-world.csv,pk-hfad-1_find,257,257001
pk-hfad-1_find.landmarks-mediapipe-world.csv,pk-hfad-1_find,257,257005
pk-hfad-1_find.landmarks-mediapipe-world.csv,pk-hfad-1_find,257,257004
pk-hfad-1_find.landmarks-mediapipe-world.csv,pk-hfad-1_find,257,257003
pk-hfad-1_find.landmarks-mediapipe-world.csv,pk-hfad-1_find,257,257008
pk-hfad-1_find.landmarks-mediapipe-world.csv,pk-hfad-1_find,257,257002
pk-hfad-1_find.landmarks-mediapipe-world.csv,pk-hfad-1_find,257,257006
pk-hfad-1_first.landmarks-mediapipe-world.csv,pk-hfad-1_first,258,-1
pk-hfad-1_first.landmarks-mediapipe-world.csv,pk-hfad-1_first,258,258006
pk-hfad-1_first.landmarks-mediapipe-world.csv,pk-hfad-1_first,258,258009
pk-hfad-1_first.landmarks-mediapipe-world.csv,pk-hfad-1_first,258,258005
pk-hfad-1_first.landmarks-mediapipe-world.csv,pk-hfad-1_first,258,258001
pk-hfad-1_first.landmarks-mediapipe-world.csv,pk-hfad-1_first,258,258008
pk-hfad-1_first.landmarks-mediapipe-world.csv,pk-hfad-1_first,258,258010
pk-hfad-1_first.landmarks-mediapipe-world.csv,pk-hfad-1_first,258,258007
pk-hfad-1_fish.landmarks-mediapipe-world.csv,pk-hfad-1_fish,259,-1
pk-hfad-1_fish.landmarks-mediapipe-world.csv,pk-hfad-1_fish,259,259008
pk-hfad-1_fish.landmarks-mediapipe-world.csv,pk-hfad-1_fish,259,259005
pk-hfad-1_fish.landmarks-mediapipe-world.csv,pk-hfad-1_fish,259,259011
pk-hfad-1_fish.landmarks-mediapipe-world.csv,pk-hfad-1_fish,259,259001
pk-hfad-1_fish.landmarks-mediapipe-world.csv,pk-hfad-1_fish,259,259006
pk-hfad-1_fish.landmarks-mediapipe-world.csv,pk-hfad-1_fish,259,259002
pk-hfad-1_fish.landmarks-mediapipe-world.csv,pk-hfad-1_fish,259,259009
pk-hfad-1_fit.landmarks-mediapipe-world.csv,pk-hfad-1_fit,260,-1
pk-hfad-1_fit.landmarks-mediapipe-world.csv,pk-hfad-1_fit,260,260006
pk-hfad-1_fit.landmarks-mediapipe-world.csv,pk-hfad-1_fit,260,260009
pk-hfad-1_fit.landmarks-mediapipe-world.csv,pk-hfad-1_fit,260,260004
pk-hfad-1_fit.landmarks-mediapipe-world.csv,pk-hfad-1_fit,260,260001
pk-hfad-1_fit.landmarks-mediapipe-world.csv,pk-hfad-1_fit,260,260008
pk-hfad-1_fit.landmarks-mediapipe-world.csv,pk-hfad-1_fit,260,260005
pk-hfad-1_fit.landmarks-mediapipe-world.csv,pk-hfad-1_fit,260,260002
pk-hfad-1_flour.landmarks-mediapipe-world.csv,pk-hfad-1_flour,261,-1
pk-hfad-1_flour.landmarks-mediapipe-world.csv,pk-hfad-1_flour,261,261009
pk-hfad-1_flour.landmarks-mediapipe-world.csv,pk-hfad-1_flour,261,261006
pk-hfad-1_flour.landmarks-mediapipe-world.csv,pk-hfad-1_flour,261,261002
pk-hfad-1_flour.landmarks-mediapipe-world.csv,pk-hfad-1_flour,261,261008
pk-hfad-1_flour.landmarks-mediapipe-world.csv,pk-hfad-1_flour,261,261003
pk-hfad-1_flour.landmarks-mediapipe-world.csv,pk-hfad-1_flour,261,261004
pk-hfad-1_flour.landmarks-mediapipe-world.csv,pk-hfad-1_flour,261,261005
pk-hfad-1_flower.landmarks-mediapipe-world.csv,pk-hfad-1_flower,262,-1
pk-hfad-1_flower.landmarks-mediapipe-world.csv,pk-hfad-1_flower,262,262006
pk-hfad-1_flower.landmarks-mediapipe-world.csv,pk-hfad-1_flower,262,262002
pk-hfad-1_flower.landmarks-mediapipe-world.csv,pk-hfad-1_flower,262,262010
pk-hfad-1_flower.landmarks-mediapipe-world.csv,pk-hfad-1_flower,262,262004
pk-hfad-1_flower.landmarks-mediapipe-world.csv,pk-hfad-1_flower,262,262007
pk-hfad-1_flower.landmarks-mediapipe-world.csv,pk-hfad-1_flower,262,262001
pk-hfad-1_flower.landmarks-mediapipe-world.csv,pk-hfad-1_flower,262,262005
pk-hfad-1_focus.landmarks-mediapipe-world.csv,pk-hfad-1_focus,263,-1
pk-hfad-1_focus.landmarks-mediapipe-world.csv,pk-hfad-1_focus,263,263004
pk-hfad-1_focus.landmarks-mediapipe-world.csv,pk-hfad-1_focus,263,263003
pk-hfad-1_focus.landmarks-mediapipe-world.csv,pk-hfad-1_focus,263,263001
pk-hfad-1_focus.landmarks-mediapipe-world.csv,pk-hfad-1_focus,263,263011
pk-hfad-1_focus.landmarks-mediapipe-world.csv,pk-hfad-1_focus,263,263005
pk-hfad-1_focus.landmarks-mediapipe-world.csv,pk-hfad-1_focus,263,263006
pk-hfad-1_focus.landmarks-mediapipe-world.csv,pk-hfad-1_focus,263,263002
pk-hfad-1_fool.landmarks-mediapipe-world.csv,pk-hfad-1_fool,264,-1
pk-hfad-1_fool.landmarks-mediapipe-world.csv,pk-hfad-1_fool,264,264001
pk-hfad-1_fool.landmarks-mediapipe-world.csv,pk-hfad-1_fool,264,264004
pk-hfad-1_fool.landmarks-mediapipe-world.csv,pk-hfad-1_fool,264,264011
pk-hfad-1_fool.landmarks-mediapipe-world.csv,pk-hfad-1_fool,264,264002
pk-hfad-1_fool.landmarks-mediapipe-world.csv,pk-hfad-1_fool,264,264009
pk-hfad-1_fool.landmarks-mediapipe-world.csv,pk-hfad-1_fool,264,264007
pk-hfad-1_fool.landmarks-mediapipe-world.csv,pk-hfad-1_fool,264,264008
pk-hfad-1_forgive.landmarks-mediapipe-world.csv,pk-hfad-1_forgive,265,-1
pk-hfad-1_forgive.landmarks-mediapipe-world.csv,pk-hfad-1_forgive,265,265002
pk-hfad-1_forgive.landmarks-mediapipe-world.csv,pk-hfad-1_forgive,265,265008
pk-hfad-1_forgive.landmarks-mediapipe-world.csv,pk-hfad-1_forgive,265,265007
pk-hfad-1_forgive.landmarks-mediapipe-world.csv,pk-hfad-1_forgive,265,265004
pk-hfad-1_forgive.landmarks-mediapipe-world.csv,pk-hfad-1_forgive,265,265009
pk-hfad-1_forgive.landmarks-mediapipe-world.csv,pk-hfad-1_forgive,265,265006
pk-hfad-1_forgive.landmarks-mediapipe-world.csv,pk-hfad-1_forgive,265,265005
pk-hfad-1_foundation.landmarks-mediapipe-world.csv,pk-hfad-1_foundation,266,-1
pk-hfad-1_foundation.landmarks-mediapipe-world.csv,pk-hfad-1_foundation,266,266003
pk-hfad-1_foundation.landmarks-mediapipe-world.csv,pk-hfad-1_foundation,266,266008
pk-hfad-1_foundation.landmarks-mediapipe-world.csv,pk-hfad-1_foundation,266,266005
pk-hfad-1_foundation.landmarks-mediapipe-world.csv,pk-hfad-1_foundation,266,266009
pk-hfad-1_foundation.landmarks-mediapipe-world.csv,pk-hfad-1_foundation,266,266002
pk-hfad-1_foundation.landmarks-mediapipe-world.csv,pk-hfad-1_foundation,266,266010
pk-hfad-1_foundation.landmarks-mediapipe-world.csv,pk-hfad-1_foundation,266,266006
pk-hfad-1_founder.landmarks-mediapipe-world.csv,pk-hfad-1_founder,267,-1
pk-hfad-1_founder.landmarks-mediapipe-world.csv,pk-hfad-1_founder,267,267011
pk-hfad-1_founder.landmarks-mediapipe-world.csv,pk-hfad-1_founder,267,267008
pk-hfad-1_founder.landmarks-mediapipe-world.csv,pk-hfad-1_founder,267,267010
pk-hfad-1_founder.landmarks-mediapipe-world.csv,pk-hfad-1_founder,267,267005
pk-hfad-1_founder.landmarks-mediapipe-world.csv,pk-hfad-1_founder,267,267003
pk-hfad-1_founder.landmarks-mediapipe-world.csv,pk-hfad-1_founder,267,267001
pk-hfad-1_founder.landmarks-mediapipe-world.csv,pk-hfad-1_founder,267,267007
pk-hfad-1_fraud.landmarks-mediapipe-world.csv,pk-hfad-1_fraud,268,-1
pk-hfad-1_fraud.landmarks-mediapipe-world.csv,pk-hfad-1_fraud,268,268010
pk-hfad-1_fraud.landmarks-mediapipe-world.csv,pk-hfad-1_fraud,268,268007
pk-hfad-1_fraud.landmarks-mediapipe-world.csv,pk-hfad-1_fraud,268,268009
pk-hfad-1_fraud.landmarks-mediapipe-world.csv,pk-hfad-1_fraud,268,268005
pk-hfad-1_fraud.landmarks-mediapipe-world.csv,pk-hfad-1_fraud,268,268004
pk-hfad-1_fraud.landmarks-mediapipe-world.csv,pk-hfad-1_fraud,268,268002
pk-hfad-1_fraud.landmarks-mediapipe-world.csv,pk-hfad-1_fraud,268,268008
pk-hfad-1_free(at-liberty).landmarks-mediapipe-world.csv,pk-hfad-1_free(at-liberty),269,-1
pk-hfad-1_free(at-liberty).landmarks-mediapipe-world.csv,pk-hfad-1_free(at-liberty),269,269008
pk-hfad-1_free(at-liberty).landmarks-mediapipe-world.csv,pk-hfad-1_free(at-liberty),269,269003
pk-hfad-1_free(at-liberty).landmarks-mediapipe-world.csv,pk-hfad-1_free(at-liberty),269,269009
pk-hfad-1_free(at-liberty).landmarks-mediapipe-world.csv,pk-hfad-1_free(at-liberty),269,269007
pk-hfad-1_free(at-liberty).landmarks-mediapipe-world.csv,pk-hfad-1_free(at-liberty),269,269005
pk-hfad-1_free(at-liberty).landmarks-mediapipe-world.csv,pk-hfad-1_free(at-liberty),269,269004
pk-hfad-1_free(at-liberty).landmarks-mediapipe-world.csv,pk-hfad-1_free(at-liberty),269,269011
pk-hfad-1_freedom.landmarks-mediapipe-world.csv,pk-hfad-1_freedom,270,-1
pk-hfad-1_freedom.landmarks-mediapipe-world.csv,pk-hfad-1_freedom,270,270003
pk-hfad-1_freedom.landmarks-mediapipe-world.csv,pk-hfad-1_freedom,270,270005
pk-hfad-1_freedom.landmarks-mediapipe-world.csv,pk-hfad-1_freedom,270,270010
pk-hfad-1_freedom.landmarks-mediapipe-world.csv,pk-hfad-1_freedom,270,270001
pk-hfad-1_freedom.landmarks-mediapipe-world.csv,pk-hfad-1_freedom,270,270011
pk-hfad-1_freedom.landmarks-mediapipe-world.csv,pk-hfad-1_freedom,270,270006
pk-hfad-1_freedom.landmarks-mediapipe-world.csv,pk-hfad-1_freedom,270,270008
pk-hfad-1_friday.landmarks-mediapipe-world.csv,pk-hfad-1_friday,271,-1
pk-hfad-1_friday.landmarks-mediapipe-world.csv,pk-hfad-1_friday,271,271009
pk-hfad-1_friday.landmarks-mediapipe-world.csv,pk-hfad-1_friday,271,271001
pk-hfad-1_friday.landmarks-mediapipe-world.csv,pk-hfad-1_friday,271,271006
pk-hfad-1_friday.landmarks-mediapipe-world.csv,pk-hfad-1_friday,271,271005
pk-hfad-1_friday.landmarks-mediapipe-world.csv,pk-hfad-1_friday,271,271002
pk-hfad-1_friday.landmarks-mediapipe-world.csv,pk-hfad-1_friday,271,271011
pk-hfad-1_friday.landmarks-mediapipe-world.csv,pk-hfad-1_friday,271,271010
pk-hfad-1_friend.landmarks-mediapipe-world.csv,pk-hfad-1_friend,272,-1
pk-hfad-1_friend.landmarks-mediapipe-world.csv,pk-hfad-1_friend,272,272011
pk-hfad-1_friend.landmarks-mediapipe-world.csv,pk-hfad-1_friend,272,272006
pk-hfad-1_friend.landmarks-mediapipe-world.csv,pk-hfad-1_friend,272,272003
pk-hfad-1_friend.landmarks-mediapipe-world.csv,pk-hfad-1_friend,272,272010
pk-hfad-1_friend.landmarks-mediapipe-world.csv,pk-hfad-1_friend,272,272005
pk-hfad-1_friend.landmarks-mediapipe-world.csv,pk-hfad-1_friend,272,272007
pk-hfad-1_friend.landmarks-mediapipe-world.csv,pk-hfad-1_friend,272,272004
pk-hfad-1_frock.landmarks-mediapipe-world.csv,pk-hfad-1_frock,273,-1
pk-hfad-1_frock.landmarks-mediapipe-world.csv,pk-hfad-1_frock,273,273002
pk-hfad-1_frock.landmarks-mediapipe-world.csv,pk-hfad-1_frock,273,273005
pk-hfad-1_frock.landmarks-mediapipe-world.csv,pk-hfad-1_frock,273,273004
pk-hfad-1_frock.landmarks-mediapipe-world.csv,pk-hfad-1_frock,273,273008
pk-hfad-1_frock.landmarks-mediapipe-world.csv,pk-hfad-1_frock,273,273007
pk-hfad-1_frock.landmarks-mediapipe-world.csv,pk-hfad-1_frock,273,273001
pk-hfad-1_frock.landmarks-mediapipe-world.csv,pk-hfad-1_frock,273,273003
pk-hfad-1_frog.landmarks-mediapipe-world.csv,pk-hfad-1_frog,274,-1
pk-hfad-1_frog.landmarks-mediapipe-world.csv,pk-hfad-1_frog,274,274004
pk-hfad-1_frog.landmarks-mediapipe-world.csv,pk-hfad-1_frog,274,274002
pk-hfad-1_frog.landmarks-mediapipe-world.csv,pk-hfad-1_frog,274,274011
pk-hfad-1_frog.landmarks-mediapipe-world.csv,pk-hfad-1_frog,274,274007
pk-hfad-1_frog.landmarks-mediapipe-world.csv,pk-hfad-1_frog,274,274005
pk-hfad-1_frog.landmarks-mediapipe-world.csv,pk-hfad-1_frog,274,274001
pk-hfad-1_frog.landmarks-mediapipe-world.csv,pk-hfad-1_frog,274,274008
pk-hfad-1_from.landmarks-mediapipe-world.csv,pk-hfad-1_from,275,-1
pk-hfad-1_from.landmarks-mediapipe-world.csv,pk-hfad-1_from,275,275010
pk-hfad-1_from.landmarks-mediapipe-world.csv,pk-hfad-1_from,275,275011
pk-hfad-1_from.landmarks-mediapipe-world.csv,pk-hfad-1_from,275,275007
pk-hfad-1_from.landmarks-mediapipe-world.csv,pk-hfad-1_from,275,275003
pk-hfad-1_from.landmarks-mediapipe-world.csv,pk-hfad-1_from,275,275001
pk-hfad-1_from.landmarks-mediapipe-world.csv,pk-hfad-1_from,275,275005
pk-hfad-1_from.landmarks-mediapipe-world.csv,pk-hfad-1_from,275,275006
pk-hfad-1_fruit.landmarks-mediapipe-world.csv,pk-hfad-1_fruit,276,-1
pk-hfad-1_fruit.landmarks-mediapipe-world.csv,pk-hfad-1_fruit,276,276005
pk-hfad-1_fruit.landmarks-mediapipe-world.csv,pk-hfad-1_fruit,276,276004
pk-hfad-1_fruit.landmarks-mediapipe-world.csv,pk-hfad-1_fruit,276,276007
pk-hfad-1_fruit.landmarks-mediapipe-world.csv,pk-hfad-1_fruit,276,276008
pk-hfad-1_fruit.landmarks-mediapipe-world.csv,pk-hfad-1_fruit,276,276002
pk-hfad-1_fruit.landmarks-mediapipe-world.csv,pk-hfad-1_fruit,276,276010
pk-hfad-1_fruit.landmarks-mediapipe-world.csv,pk-hfad-1_fruit,276,276003
pk-hfad-1_fun.landmarks-mediapipe-world.csv,pk-hfad-1_fun,277,-1
pk-hfad-1_fun.landmarks-mediapipe-world.csv,pk-hfad-1_fun,277,277004
pk-hfad-1_fun.landmarks-mediapipe-world.csv,pk-hfad-1_fun,277,277005
pk-hfad-1_fun.landmarks-mediapipe-world.csv,pk-hfad-1_fun,277,277011
pk-hfad-1_fun.landmarks-mediapipe-world.csv,pk-hfad-1_fun,277,277006
pk-hfad-1_fun.landmarks-mediapipe-world.csv,pk-hfad-1_fun,277,277009
pk-hfad-1_fun.landmarks-mediapipe-world.csv,pk-hfad-1_fun,277,277007
pk-hfad-1_fun.landmarks-mediapipe-world.csv,pk-hfad-1_fun,277,277002
pk-hfad-1_g(double-handed-letter).landmarks-mediapipe-world.csv,pk-hfad-1_g(double-handed-letter),278,-1
pk-hfad-1_g(double-handed-letter).landmarks-mediapipe-world.csv,pk-hfad-1_g(double-handed-letter),278,278001
pk-hfad-1_g(double-handed-letter).landmarks-mediapipe-world.csv,pk-hfad-1_g(double-handed-letter),278,278011
pk-hfad-1_g(double-handed-letter).landmarks-mediapipe-world.csv,pk-hfad-1_g(double-handed-letter),278,278009
pk-hfad-1_g(double-handed-letter).landmarks-mediapipe-world.csv,pk-hfad-1_g(double-handed-letter),278,278006
pk-hfad-1_g(double-handed-letter).landmarks-mediapipe-world.csv,pk-hfad-1_g(double-handed-letter),278,278003
pk-hfad-1_g(double-handed-letter).landmarks-mediapipe-world.csv,pk-hfad-1_g(double-handed-letter),278,278005
pk-hfad-1_g(double-handed-letter).landmarks-mediapipe-world.csv,pk-hfad-1_g(double-handed-letter),278,278010
pk-hfad-1_g(single-handed-letter).landmarks-mediapipe-world.csv,pk-hfad-1_g(single-handed-letter),279,-1
pk-hfad-1_g(single-handed-letter).landmarks-mediapipe-world.csv,pk-hfad-1_g(single-handed-letter),279,279003
pk-hfad-1_g(single-handed-letter).landmarks-mediapipe-world.csv,pk-hfad-1_g(single-handed-letter),279,279007
pk-hfad-1_g(single-handed-letter).landmarks-mediapipe-world.csv,pk-hfad-1_g(single-handed-letter),279,279008
pk-hfad-1_g(single-handed-letter).landmarks-mediapipe-world.csv,pk-hfad-1_g(single-handed-letter),279,279011
pk-hfad-1_g(single-handed-letter).landmarks-mediapipe-world.csv,pk-hfad-1_g(single-handed-letter),279,279010
pk-hfad-1_g(single-handed-letter).landmarks-mediapipe-world.csv,pk-hfad-1_g(single-handed-letter),279,279001
pk-hfad-1_g(single-handed-letter).landmarks-mediapipe-world.csv,pk-hfad-1_g(single-handed-letter),279,279009
pk-hfad-1_ga(will).landmarks-mediapipe-world.csv,pk-hfad-1_ga(will),280,-1
pk-hfad-1_ga(will).landmarks-mediapipe-world.csv,pk-hfad-1_ga(will),280,280004
pk-hfad-1_ga(will).landmarks-mediapipe-world.csv,pk-hfad-1_ga(will),280,280008
pk-hfad-1_ga(will).landmarks-mediapipe-world.csv,pk-hfad-1_ga(will),280,280010
pk-hfad-1_ga(will).landmarks-mediapipe-world.csv,pk-hfad-1_ga(will),280,280009
pk-hfad-1_ga(will).landmarks-mediapipe-world.csv,pk-hfad-1_ga(will),280,280002
pk-hfad-1_ga(will).landmarks-mediapipe-world.csv,pk-hfad-1_ga(will),280,280011
pk-hfad-1_ga(will).landmarks-mediapipe-world.csv,pk-hfad-1_ga(will),280,280005
pk-hfad-1_gaein.landmarks-mediapipe-world.csv,pk-hfad-1_gaein,281,-1
pk-hfad-1_gaein.landmarks-mediapipe-world.csv,pk-hfad-1_gaein,281,281008
pk-hfad-1_gaein.landmarks-mediapipe-world.csv,pk-hfad-1_gaein,281,281009
pk-hfad-1_gaein.landmarks-mediapipe-world.csv,pk-hfad-1_gaein,281,281003
pk-hfad-1_gaein.landmarks-mediapipe-world.csv,pk-hfad-1_gaein,281,281005
pk-hfad-1_gaein.landmarks-mediapipe-world.csv,pk-hfad-1_gaein,281,281011
pk-hfad-1_gaein.landmarks-mediapipe-world.csv,pk-hfad-1_gaein,281,281006
pk-hfad-1_gaein.landmarks-mediapipe-world.csv,pk-hfad-1_gaein,281,281007
pk-hfad-1_gangster.landmarks-mediapipe-world.csv,pk-hfad-1_gangster,282,-1
pk-hfad-1_gangster.landmarks-mediapipe-world.csv,pk-hfad-1_gangster,282,282003
pk-hfad-1_gangster.landmarks-mediapipe-world.csv,pk-hfad-1_gangster,282,282004
pk-hfad-1_gangster.landmarks-mediapipe-world.csv,pk-hfad-1_gangster,282,282002
pk-hfad-1_gangster.landmarks-mediapipe-world.csv,pk-hfad-1_gangster,282,282009
pk-hfad-1_gangster.landmarks-mediapipe-world.csv,pk-hfad-1_gangster,282,282010
pk-hfad-1_gangster.landmarks-mediapipe-world.csv,pk-hfad-1_gangster,282,282007
pk-hfad-1_gangster.landmarks-mediapipe-world.csv,pk-hfad-1_gangster,282,282008
pk-hfad-1_garden.landmarks-mediapipe-world.csv,pk-hfad-1_garden,283,-1
pk-hfad-1_garden.landmarks-mediapipe-world.csv,pk-hfad-1_garden,283,283011
pk-hfad-1_garden.landmarks-mediapipe-world.csv,pk-hfad-1_garden,283,283001
pk-hfad-1_garden.landmarks-mediapipe-world.csv,pk-hfad-1_garden,283,283006
pk-hfad-1_garden.landmarks-mediapipe-world.csv,pk-hfad-1_garden,283,283007
pk-hfad-1_garden.landmarks-mediapipe-world.csv,pk-hfad-1_garden,283,283003
pk-hfad-1_garden.landmarks-mediapipe-world.csv,pk-hfad-1_garden,283,283004
pk-hfad-1_garden.landmarks-mediapipe-world.csv,pk-hfad-1_garden,283,283002
pk-hfad-1_garlic.landmarks-mediapipe-world.csv,pk-hfad-1_garlic,284,-1
pk-hfad-1_garlic.landmarks-mediapipe-world.csv,pk-hfad-1_garlic,284,284003
pk-hfad-1_garlic.landmarks-mediapipe-world.csv,pk-hfad-1_garlic,284,284009
pk-hfad-1_garlic.landmarks-mediapipe-world.csv,pk-hfad-1_garlic,284,284001
pk-hfad-1_garlic.landmarks-mediapipe-world.csv,pk-hfad-1_garlic,284,284005
pk-hfad-1_garlic.landmarks-mediapipe-world.csv,pk-hfad-1_garlic,284,284011
pk-hfad-1_garlic.landmarks-mediapipe-world.csv,pk-hfad-1_garlic,284,284002
pk-hfad-1_garlic.landmarks-mediapipe-world.csv,pk-hfad-1_garlic,284,284010
pk-hfad-1_gate(noun).landmarks-mediapipe-world.csv,pk-hfad-1_gate(noun),285,-1
pk-hfad-1_gate(noun).landmarks-mediapipe-world.csv,pk-hfad-1_gate(noun),285,285003
pk-hfad-1_gate(noun).landmarks-mediapipe-world.csv,pk-hfad-1_gate(noun),285,285002
pk-hfad-1_gate(noun).landmarks-mediapipe-world.csv,pk-hfad-1_gate(noun),285,285010
pk-hfad-1_gate(noun).landmarks-mediapipe-world.csv,pk-hfad-1_gate(noun),285,285006
pk-hfad-1_gate(noun).landmarks-mediapipe-world.csv,pk-hfad-1_gate(noun),285,285001
pk-hfad-1_gate(noun).landmarks-mediapipe-world.csv,pk-hfad-1_gate(noun),285,285004
pk-hfad-1_gate(noun).landmarks-mediapipe-world.csv,pk-hfad-1_gate(noun),285,285008
pk-hfad-1_gei.landmarks-mediapipe-world.csv,pk-hfad-1_gei,286,-1
pk-hfad-1_gei.landmarks-mediapipe-world.csv,pk-hfad-1_gei,286,286008
pk-hfad-1_gei.landmarks-mediapipe-world.csv,pk-hfad-1_gei,286,286002
pk-hfad-1_gei.landmarks-mediapipe-world.csv,pk-hfad-1_gei,286,286009
pk-hfad-1_gei.landmarks-mediapipe-world.csv,pk-hfad-1_gei,286,286006
pk-hfad-1_gei.landmarks-mediapipe-world.csv,pk-hfad-1_gei,286,286004
pk-hfad-1_gei.landmarks-mediapipe-world.csv,pk-hfad-1_gei,286,286007
pk-hfad-1_gei.landmarks-mediapipe-world.csv,pk-hfad-1_gei,286,286003
pk-hfad-1_gey.landmarks-mediapipe-world.csv,pk-hfad-1_gey,287,-1
pk-hfad-1_gey.landmarks-mediapipe-world.csv,pk-hfad-1_gey,287,287001
pk-hfad-1_gey.landmarks-mediapipe-world.csv,pk-hfad-1_gey,287,287006
pk-hfad-1_gey.landmarks-mediapipe-world.csv,pk-hfad-1_gey,287,287011
pk-hfad-1_gey.landmarks-mediapipe-world.csv,pk-hfad-1_gey,287,287003
pk-hfad-1_gey.landmarks-mediapipe-world.csv,pk-hfad-1_gey,287,287007
pk-hfad-1_gey.landmarks-mediapipe-world.csv,pk-hfad-1_gey,287,287005
pk-hfad-1_gey.landmarks-mediapipe-world.csv,pk-hfad-1_gey,287,287010
pk-hfad-1_gi.landmarks-mediapipe-world.csv,pk-hfad-1_gi,288,-1
pk-hfad-1_gi.landmarks-mediapipe-world.csv,pk-hfad-1_gi,288,288008
pk-hfad-1_gi.landmarks-mediapipe-world.csv,pk-hfad-1_gi,288,288006
pk-hfad-1_gi.landmarks-mediapipe-world.csv,pk-hfad-1_gi,288,288001
pk-hfad-1_gi.landmarks-mediapipe-world.csv,pk-hfad-1_gi,288,288002
pk-hfad-1_gi.landmarks-mediapipe-world.csv,pk-hfad-1_gi,288,288010
pk-hfad-1_gi.landmarks-mediapipe-world.csv,pk-hfad-1_gi,288,288007
pk-hfad-1_gi.landmarks-mediapipe-world.csv,pk-hfad-1_gi,288,288003
pk-hfad-1_gia.landmarks-mediapipe-world.csv,pk-hfad-1_gia,289,-1
pk-hfad-1_gia.landmarks-mediapipe-world.csv,pk-hfad-1_gia,289,289007
pk-hfad-1_gia.landmarks-mediapipe-world.csv,pk-hfad-1_gia,289,289011
pk-hfad-1_gia.landmarks-mediapipe-world.csv,pk-hfad-1_gia,289,289002
pk-hfad-1_gia.landmarks-mediapipe-world.csv,pk-hfad-1_gia,289,289004
pk-hfad-1_gia.landmarks-mediapipe-world.csv,pk-hfad-1_gia,289,289010
pk-hfad-1_gia.landmarks-mediapipe-world.csv,pk-hfad-1_gia,289,289001
pk-hfad-1_gia.landmarks-mediapipe-world.csv,pk-hfad-1_gia,289,289005
pk-hfad-1_ginger.landmarks-mediapipe-world.csv,pk-hfad-1_ginger,290,-1
pk-hfad-1_ginger.landmarks-mediapipe-world.csv,pk-hfad-1_ginger,290,290003
pk-hfad-1_ginger.landmarks-mediapipe-world.csv,pk-hfad-1_ginger,290,290004
pk-hfad-1_ginger.landmarks-mediapipe-world.csv,pk-hfad-1_ginger,290,290010
pk-hfad-1_ginger.landmarks-mediapipe-world.csv,pk-hfad-1_ginger,290,290009
pk-hfad-1_ginger.landmarks-mediapipe-world.csv,pk-hfad-1_ginger,290,290011
pk-hfad-1_ginger.landmarks-mediapipe-world.csv,pk-hfad-1_ginger,290,290006
pk-hfad-1_ginger.landmarks-mediapipe-world.csv,pk-hfad-1_ginger,290,290002
pk-hfad-1_giraffe.landmarks-mediapipe-world.csv,pk-hfad-1_giraffe,291,-1
pk-hfad-1_giraffe.landmarks-mediapipe-world.csv,pk-hfad-1_giraffe,291,291002
pk-hfad-1_giraffe.landmarks-mediapipe-world.csv,pk-hfad-1_giraffe,291,291001
pk-hfad-1_giraffe.landmarks-mediapipe-world.csv,pk-hfad-1_giraffe,291,291006
pk-hfad-1_giraffe.landmarks-mediapipe-world.csv,pk-hfad-1_giraffe,291,291008
pk-hfad-1_giraffe.landmarks-mediapipe-world.csv,pk-hfad-1_giraffe,291,291011
pk-hfad-1_giraffe.landmarks-mediapipe-world.csv,pk-hfad-1_giraffe,291,291007
pk-hfad-1_giraffe.landmarks-mediapipe-world.csv,pk-hfad-1_giraffe,291,291003
pk-hfad-1_girl.landmarks-mediapipe-world.csv,pk-hfad-1_girl,292,-1
pk-hfad-1_girl.landmarks-mediapipe-world.csv,pk-hfad-1_girl,292,292007
pk-hfad-1_girl.landmarks-mediapipe-world.csv,pk-hfad-1_girl,292,292005
pk-hfad-1_girl.landmarks-mediapipe-world.csv,pk-hfad-1_girl,292,292009
pk-hfad-1_girl.landmarks-mediapipe-world.csv,pk-hfad-1_girl,292,292010
pk-hfad-1_girl.landmarks-mediapipe-world.csv,pk-hfad-1_girl,292,292006
pk-hfad-1_girl.landmarks-mediapipe-world.csv,pk-hfad-1_girl,292,292003
pk-hfad-1_girl.landmarks-mediapipe-world.csv,pk-hfad-1_girl,292,292004
pk-hfad-1_give.landmarks-mediapipe-world.csv,pk-hfad-1_give,293,-1
pk-hfad-1_give.landmarks-mediapipe-world.csv,pk-hfad-1_give,293,293002
pk-hfad-1_give.landmarks-mediapipe-world.csv,pk-hfad-1_give,293,293011
pk-hfad-1_give.landmarks-mediapipe-world.csv,pk-hfad-1_give,293,293003
pk-hfad-1_give.landmarks-mediapipe-world.csv,pk-hfad-1_give,293,293008
pk-hfad-1_give.landmarks-mediapipe-world.csv,pk-hfad-1_give,293,293010
pk-hfad-1_give.landmarks-mediapipe-world.csv,pk-hfad-1_give,293,293005
pk-hfad-1_give.landmarks-mediapipe-world.csv,pk-hfad-1_give,293,293007
pk-hfad-1_goat-meat.landmarks-mediapipe-world.csv,pk-hfad-1_goat-meat,295,-1
pk-hfad-1_goat-meat.landmarks-mediapipe-world.csv,pk-hfad-1_goat-meat,295,295007
pk-hfad-1_goat-meat.landmarks-mediapipe-world.csv,pk-hfad-1_goat-meat,295,295005
pk-hfad-1_goat-meat.landmarks-mediapipe-world.csv,pk-hfad-1_goat-meat,295,295006
pk-hfad-1_goat-meat.landmarks-mediapipe-world.csv,pk-hfad-1_goat-meat,295,295002
pk-hfad-1_goat-meat.landmarks-mediapipe-world.csv,pk-hfad-1_goat-meat,295,295010
pk-hfad-1_goat-meat.landmarks-mediapipe-world.csv,pk-hfad-1_goat-meat,295,295003
pk-hfad-1_goat-meat.landmarks-mediapipe-world.csv,pk-hfad-1_goat-meat,295,295008
pk-hfad-1_goat.landmarks-mediapipe-world.csv,pk-hfad-1_goat,294,-1
pk-hfad-1_goat.landmarks-mediapipe-world.csv,pk-hfad-1_goat,294,294007
pk-hfad-1_goat.landmarks-mediapipe-world.csv,pk-hfad-1_goat,294,294011
pk-hfad-1_goat.landmarks-mediapipe-world.csv,pk-hfad-1_goat,294,294009
pk-hfad-1_goat.landmarks-mediapipe-world.csv,pk-hfad-1_goat,294,294008
pk-hfad-1_goat.landmarks-mediapipe-world.csv,pk-hfad-1_goat,294,294005
pk-hfad-1_goat.landmarks-mediapipe-world.csv,pk-hfad-1_goat,294,294006
pk-hfad-1_goat.landmarks-mediapipe-world.csv,pk-hfad-1_goat,294,294004
pk-hfad-1_gol-heh.landmarks-mediapipe-world.csv,pk-hfad-1_gol-heh,296,-1
pk-hfad-1_gol-heh.landmarks-mediapipe-world.csv,pk-hfad-1_gol-heh,296,296011
pk-hfad-1_gol-heh.landmarks-mediapipe-world.csv,pk-hfad-1_gol-heh,296,296004
pk-hfad-1_gol-heh.landmarks-mediapipe-world.csv,pk-hfad-1_gol-heh,296,296003
pk-hfad-1_gol-heh.landmarks-mediapipe-world.csv,pk-hfad-1_gol-heh,296,296006
pk-hfad-1_gol-heh.landmarks-mediapipe-world.csv,pk-hfad-1_gol-heh,296,296001
pk-hfad-1_gol-heh.landmarks-mediapipe-world.csv,pk-hfad-1_gol-heh,296,296002
pk-hfad-1_gol-heh.landmarks-mediapipe-world.csv,pk-hfad-1_gol-heh,296,296005
pk-hfad-1_gold.landmarks-mediapipe-world.csv,pk-hfad-1_gold,297,-1
pk-hfad-1_gold.landmarks-mediapipe-world.csv,pk-hfad-1_gold,297,297004
pk-hfad-1_gold.landmarks-mediapipe-world.csv,pk-hfad-1_gold,297,297002
pk-hfad-1_gold.landmarks-mediapipe-world.csv,pk-hfad-1_gold,297,297007
pk-hfad-1_gold.landmarks-mediapipe-world.csv,pk-hfad-1_gold,297,297011
pk-hfad-1_gold.landmarks-mediapipe-world.csv,pk-hfad-1_gold,297,297006
pk-hfad-1_gold.landmarks-mediapipe-world.csv,pk-hfad-1_gold,297,297003
pk-hfad-1_gold.landmarks-mediapipe-world.csv,pk-hfad-1_gold,297,297005
pk-hfad-1_good.landmarks-mediapipe-world.csv,pk-hfad-1_good,298,-1
pk-hfad-1_good.landmarks-mediapipe-world.csv,pk-hfad-1_good,298,298002
pk-hfad-1_good.landmarks-mediapipe-world.csv,pk-hfad-1_good,298,298011
pk-hfad-1_good.landmarks-mediapipe-world.csv,pk-hfad-1_good,298,298005
pk-hfad-1_good.landmarks-mediapipe-world.csv,pk-hfad-1_good,298,298008
pk-hfad-1_good.landmarks-mediapipe-world.csv,pk-hfad-1_good,298,298010
pk-hfad-1_good.landmarks-mediapipe-world.csv,pk-hfad-1_good,298,298001
pk-hfad-1_good.landmarks-mediapipe-world.csv,pk-hfad-1_good,298,298007
pk-hfad-1_government.landmarks-mediapipe-world.csv,pk-hfad-1_government,299,-1
pk-hfad-1_government.landmarks-mediapipe-world.csv,pk-hfad-1_government,299,299007
pk-hfad-1_government.landmarks-mediapipe-world.csv,pk-hfad-1_government,299,299008
pk-hfad-1_government.landmarks-mediapipe-world.csv,pk-hfad-1_government,299,299003
pk-hfad-1_government.landmarks-mediapipe-world.csv,pk-hfad-1_government,299,299001
pk-hfad-1_government.landmarks-mediapipe-world.csv,pk-hfad-1_government,299,299004
pk-hfad-1_government.landmarks-mediapipe-world.csv,pk-hfad-1_government,299,299009
pk-hfad-1_government.landmarks-mediapipe-world.csv,pk-hfad-1_government,299,299011
pk-hfad-1_grape.landmarks-mediapipe-world.csv,pk-hfad-1_grape,300,-1
pk-hfad-1_grape.landmarks-mediapipe-world.csv,pk-hfad-1_grape,300,300010
pk-hfad-1_grape.landmarks-mediapipe-world.csv,pk-hfad-1_grape,300,300004
pk-hfad-1_grape.landmarks-mediapipe-world.csv,pk-hfad-1_grape,300,300007
pk-hfad-1_grape.landmarks-mediapipe-world.csv,pk-hfad-1_grape,300,300002
pk-hfad-1_grape.landmarks-mediapipe-world.csv,pk-hfad-1_grape,300,300005
pk-hfad-1_grape.landmarks-mediapipe-world.csv,pk-hfad-1_grape,300,300008
pk-hfad-1_grape.landmarks-mediapipe-world.csv,pk-hfad-1_grape,300,300003
pk-hfad-1_grave(burial).landmarks-mediapipe-world.csv,pk-hfad-1_grave(burial),301,-1
pk-hfad-1_grave(burial).landmarks-mediapipe-world.csv,pk-hfad-1_grave(burial),301,301008
pk-hfad-1_grave(burial).landmarks-mediapipe-world.csv,pk-hfad-1_grave(burial),301,301005
pk-hfad-1_grave(burial).landmarks-mediapipe-world.csv,pk-hfad-1_grave(burial),301,301001
pk-hfad-1_grave(burial).landmarks-mediapipe-world.csv,pk-hfad-1_grave(burial),301,301004
pk-hfad-1_grave(burial).landmarks-mediapipe-world.csv,pk-hfad-1_grave(burial),301,301006
pk-hfad-1_grave(burial).landmarks-mediapipe-world.csv,pk-hfad-1_grave(burial),301,301011
pk-hfad-1_grave(burial).landmarks-mediapipe-world.csv,pk-hfad-1_grave(burial),301,301003
pk-hfad-1_graveyard.landmarks-mediapipe-world.csv,pk-hfad-1_graveyard,302,-1
pk-hfad-1_graveyard.landmarks-mediapipe-world.csv,pk-hfad-1_graveyard,302,302007
pk-hfad-1_graveyard.landmarks-mediapipe-world.csv,pk-hfad-1_graveyard,302,302002
pk-hfad-1_graveyard.landmarks-mediapipe-world.csv,pk-hfad-1_graveyard,302,302010
pk-hfad-1_graveyard.landmarks-mediapipe-world.csv,pk-hfad-1_graveyard,302,302004
pk-hfad-1_graveyard.landmarks-mediapipe-world.csv,pk-hfad-1_graveyard,302,302008
pk-hfad-1_graveyard.landmarks-mediapipe-world.csv,pk-hfad-1_graveyard,302,302003
pk-hfad-1_graveyard.landmarks-mediapipe-world.csv,pk-hfad-1_graveyard,302,302011
pk-hfad-1_greed.landmarks-mediapipe-world.csv,pk-hfad-1_greed,303,-1
pk-hfad-1_greed.landmarks-mediapipe-world.csv,pk-hfad-1_greed,303,303005
pk-hfad-1_greed.landmarks-mediapipe-world.csv,pk-hfad-1_greed,303,303007
pk-hfad-1_greed.landmarks-mediapipe-world.csv,pk-hfad-1_greed,303,303009
pk-hfad-1_greed.landmarks-mediapipe-world.csv,pk-hfad-1_greed,303,303003
pk-hfad-1_greed.landmarks-mediapipe-world.csv,pk-hfad-1_greed,303,303001
pk-hfad-1_greed.landmarks-mediapipe-world.csv,pk-hfad-1_greed,303,303006
pk-hfad-1_greed.landmarks-mediapipe-world.csv,pk-hfad-1_greed,303,303008
pk-hfad-1_green-chilli.landmarks-mediapipe-world.csv,pk-hfad-1_green-chilli,304,-1
pk-hfad-1_green-chilli.landmarks-mediapipe-world.csv,pk-hfad-1_green-chilli,304,304007
pk-hfad-1_green-chilli.landmarks-mediapipe-world.csv,pk-hfad-1_green-chilli,304,304004
pk-hfad-1_green-chilli.landmarks-mediapipe-world.csv,pk-hfad-1_green-chilli,304,304005
pk-hfad-1_green-chilli.landmarks-mediapipe-world.csv,pk-hfad-1_green-chilli,304,304008
pk-hfad-1_green-chilli.landmarks-mediapipe-world.csv,pk-hfad-1_green-chilli,304,304002
pk-hfad-1_green-chilli.landmarks-mediapipe-world.csv,pk-hfad-1_green-chilli,304,304001
pk-hfad-1_green-chilli.landmarks-mediapipe-world.csv,pk-hfad-1_green-chilli,304,304011
pk-hfad-1_grey.landmarks-mediapipe-world.csv,pk-hfad-1_grey,305,-1
pk-hfad-1_grey.landmarks-mediapipe-world.csv,pk-hfad-1_grey,305,305007
pk-hfad-1_grey.landmarks-mediapipe-world.csv,pk-hfad-1_grey,305,305008
pk-hfad-1_grey.landmarks-mediapipe-world.csv,pk-hfad-1_grey,305,305010
pk-hfad-1_grey.landmarks-mediapipe-world.csv,pk-hfad-1_grey,305,305002
pk-hfad-1_grey.landmarks-mediapipe-world.csv,pk-hfad-1_grey,305,305005
pk-hfad-1_grey.landmarks-mediapipe-world.csv,pk-hfad-1_grey,305,305003
pk-hfad-1_grey.landmarks-mediapipe-world.csv,pk-hfad-1_grey,305,305004
pk-hfad-1_ground(land).landmarks-mediapipe-world.csv,pk-hfad-1_ground(land),306,-1
pk-hfad-1_ground(land).landmarks-mediapipe-world.csv,pk-hfad-1_ground(land),306,306010
pk-hfad-1_ground(land).landmarks-mediapipe-world.csv,pk-hfad-1_ground(land),306,306007
pk-hfad-1_ground(land).landmarks-mediapipe-world.csv,pk-hfad-1_ground(land),306,306005
pk-hfad-1_ground(land).landmarks-mediapipe-world.csv,pk-hfad-1_ground(land),306,306006
pk-hfad-1_ground(land).landmarks-mediapipe-world.csv,pk-hfad-1_ground(land),306,306001
pk-hfad-1_ground(land).landmarks-mediapipe-world.csv,pk-hfad-1_ground(land),306,306008
pk-hfad-1_ground(land).landmarks-mediapipe-world.csv,pk-hfad-1_ground(land),306,306002
pk-hfad-1_guardianship.landmarks-mediapipe-world.csv,pk-hfad-1_guardianship,307,-1
pk-hfad-1_guardianship.landmarks-mediapipe-world.csv,pk-hfad-1_guardianship,307,307006
pk-hfad-1_guardianship.landmarks-mediapipe-world.csv,pk-hfad-1_guardianship,307,307005
pk-hfad-1_guardianship.landmarks-mediapipe-world.csv,pk-hfad-1_guardianship,307,307009
pk-hfad-1_guardianship.landmarks-mediapipe-world.csv,pk-hfad-1_guardianship,307,307004
pk-hfad-1_guardianship.landmarks-mediapipe-world.csv,pk-hfad-1_guardianship,307,307007
pk-hfad-1_guardianship.landmarks-mediapipe-world.csv,pk-hfad-1_guardianship,307,307008
pk-hfad-1_guardianship.landmarks-mediapipe-world.csv,pk-hfad-1_guardianship,307,307002
pk-hfad-1_guava.landmarks-mediapipe-world.csv,pk-hfad-1_guava,308,-1
pk-hfad-1_guava.landmarks-mediapipe-world.csv,pk-hfad-1_guava,308,308009
pk-hfad-1_guava.landmarks-mediapipe-world.csv,pk-hfad-1_guava,308,308007
pk-hfad-1_guava.landmarks-mediapipe-world.csv,pk-hfad-1_guava,308,308010
pk-hfad-1_guava.landmarks-mediapipe-world.csv,pk-hfad-1_guava,308,308006
pk-hfad-1_guava.landmarks-mediapipe-world.csv,pk-hfad-1_guava,308,308004
pk-hfad-1_guava.landmarks-mediapipe-world.csv,pk-hfad-1_guava,308,308003
pk-hfad-1_guava.landmarks-mediapipe-world.csv,pk-hfad-1_guava,308,308011
pk-hfad-1_gujarat.landmarks-mediapipe-world.csv,pk-hfad-1_gujarat,309,-1
pk-hfad-1_gujarat.landmarks-mediapipe-world.csv,pk-hfad-1_gujarat,309,309003
pk-hfad-1_gujarat.landmarks-mediapipe-world.csv,pk-hfad-1_gujarat,309,309009
pk-hfad-1_gujarat.landmarks-mediapipe-world.csv,pk-hfad-1_gujarat,309,309002
pk-hfad-1_gujarat.landmarks-mediapipe-world.csv,pk-hfad-1_gujarat,309,309006
pk-hfad-1_gujarat.landmarks-mediapipe-world.csv,pk-hfad-1_gujarat,309,309004
pk-hfad-1_gujarat.landmarks-mediapipe-world.csv,pk-hfad-1_gujarat,309,309001
pk-hfad-1_gujarat.landmarks-mediapipe-world.csv,pk-hfad-1_gujarat,309,309007
pk-hfad-1_gujranwala.landmarks-mediapipe-world.csv,pk-hfad-1_gujranwala,310,-1
pk-hfad-1_gujranwala.landmarks-mediapipe-world.csv,pk-hfad-1_gujranwala,310,310007
pk-hfad-1_gujranwala.landmarks-mediapipe-world.csv,pk-hfad-1_gujranwala,310,310002
pk-hfad-1_gujranwala.landmarks-mediapipe-world.csv,pk-hfad-1_gujranwala,310,310009
pk-hfad-1_gujranwala.landmarks-mediapipe-world.csv,pk-hfad-1_gujranwala,310,310001
pk-hfad-1_gujranwala.landmarks-mediapipe-world.csv,pk-hfad-1_gujranwala,310,310011
pk-hfad-1_gujranwala.landmarks-mediapipe-world.csv,pk-hfad-1_gujranwala,310,310010
pk-hfad-1_gujranwala.landmarks-mediapipe-world.csv,pk-hfad-1_gujranwala,310,310004
pk-hfad-1_gy.landmarks-mediapipe-world.csv,pk-hfad-1_gy,311,-1
pk-hfad-1_gy.landmarks-mediapipe-world.csv,pk-hfad-1_gy,311,311002
pk-hfad-1_gy.landmarks-mediapipe-world.csv,pk-hfad-1_gy,311,311001
pk-hfad-1_gy.landmarks-mediapipe-world.csv,pk-hfad-1_gy,311,311011
pk-hfad-1_gy.landmarks-mediapipe-world.csv,pk-hfad-1_gy,311,311004
pk-hfad-1_gy.landmarks-mediapipe-world.csv,pk-hfad-1_gy,311,311008
pk-hfad-1_gy.landmarks-mediapipe-world.csv,pk-hfad-1_gy,311,311007
pk-hfad-1_gy.landmarks-mediapipe-world.csv,pk-hfad-1_gy,311,311009
pk-hfad-1_h(double-handed-letter).landmarks-mediapipe-world.csv,pk-hfad-1_h(double-handed-letter),312,-1
pk-hfad-1_h(double-handed-letter).landmarks-mediapipe-world.csv,pk-hfad-1_h(double-handed-letter),312,312006
pk-hfad-1_h(double-handed-letter).landmarks-mediapipe-world.csv,pk-hfad-1_h(double-handed-letter),312,312007
pk-hfad-1_h(double-handed-letter).landmarks-mediapipe-world.csv,pk-hfad-1_h(double-handed-letter),312,312003
pk-hfad-1_h(double-handed-letter).landmarks-mediapipe-world.csv,pk-hfad-1_h(double-handed-letter),312,312010
pk-hfad-1_h(double-handed-letter).landmarks-mediapipe-world.csv,pk-hfad-1_h(double-handed-letter),312,312008
pk-hfad-1_h(double-handed-letter).landmarks-mediapipe-world.csv,pk-hfad-1_h(double-handed-letter),312,312009
pk-hfad-1_h(double-handed-letter).landmarks-mediapipe-world.csv,pk-hfad-1_h(double-handed-letter),312,312004
pk-hfad-1_h(single-handed-letter).landmarks-mediapipe-world.csv,pk-hfad-1_h(single-handed-letter),313,-1
pk-hfad-1_h(single-handed-letter).landmarks-mediapipe-world.csv,pk-hfad-1_h(single-handed-letter),313,313010
pk-hfad-1_h(single-handed-letter).landmarks-mediapipe-world.csv,pk-hfad-1_h(single-handed-letter),313,313003
pk-hfad-1_h(single-handed-letter).landmarks-mediapipe-world.csv,pk-hfad-1_h(single-handed-letter),313,313005
pk-hfad-1_h(single-handed-letter).landmarks-mediapipe-world.csv,pk-hfad-1_h(single-handed-letter),313,313004
pk-hfad-1_h(single-handed-letter).landmarks-mediapipe-world.csv,pk-hfad-1_h(single-handed-letter),313,313002
pk-hfad-1_h(single-handed-letter).landmarks-mediapipe-world.csv,pk-hfad-1_h(single-handed-letter),313,313009
pk-hfad-1_h(single-handed-letter).landmarks-mediapipe-world.csv,pk-hfad-1_h(single-handed-letter),313,313006
pk-hfad-1_habit.landmarks-mediapipe-world.csv,pk-hfad-1_habit,314,-1
pk-hfad-1_habit.landmarks-mediapipe-world.csv,pk-hfad-1_habit,314,314001
pk-hfad-1_habit.landmarks-mediapipe-world.csv,pk-hfad-1_habit,314,314004
pk-hfad-1_habit.landmarks-mediapipe-world.csv,pk-hfad-1_habit,314,314002
pk-hfad-1_habit.landmarks-mediapipe-world.csv,pk-hfad-1_habit,314,314007
pk-hfad-1_habit.landmarks-mediapipe-world.csv,pk-hfad-1_habit,314,314006
pk-hfad-1_habit.landmarks-mediapipe-world.csv,pk-hfad-1_habit,314,314010
pk-hfad-1_habit.landmarks-mediapipe-world.csv,pk-hfad-1_habit,314,314008
pk-hfad-1_hadith.landmarks-mediapipe-world.csv,pk-hfad-1_hadith,315,-1
pk-hfad-1_hadith.landmarks-mediapipe-world.csv,pk-hfad-1_hadith,315,315006
pk-hfad-1_hadith.landmarks-mediapipe-world.csv,pk-hfad-1_hadith,315,315005
pk-hfad-1_hadith.landmarks-mediapipe-world.csv,pk-hfad-1_hadith,315,315009
pk-hfad-1_hadith.landmarks-mediapipe-world.csv,pk-hfad-1_hadith,315,315010
pk-hfad-1_hadith.landmarks-mediapipe-world.csv,pk-hfad-1_hadith,315,315003
pk-hfad-1_hadith.landmarks-mediapipe-world.csv,pk-hfad-1_hadith,315,315004
pk-hfad-1_hadith.landmarks-mediapipe-world.csv,pk-hfad-1_hadith,315,315008
pk-hfad-1_hailstorm.landmarks-mediapipe-world.csv,pk-hfad-1_hailstorm,316,-1
pk-hfad-1_hailstorm.landmarks-mediapipe-world.csv,pk-hfad-1_hailstorm,316,316001
pk-hfad-1_hailstorm.landmarks-mediapipe-world.csv,pk-hfad-1_hailstorm,316,316002
pk-hfad-1_hailstorm.landmarks-mediapipe-world.csv,pk-hfad-1_hailstorm,316,316009
pk-hfad-1_hailstorm.landmarks-mediapipe-world.csv,pk-hfad-1_hailstorm,316,316004
pk-hfad-1_hailstorm.landmarks-mediapipe-world.csv,pk-hfad-1_hailstorm,316,316011
pk-hfad-1_hailstorm.landmarks-mediapipe-world.csv,pk-hfad-1_hailstorm,316,316003
pk-hfad-1_hailstorm.landmarks-mediapipe-world.csv,pk-hfad-1_hailstorm,316,316005
pk-hfad-1_hajj.landmarks-mediapipe-world.csv,pk-hfad-1_hajj,317,-1
pk-hfad-1_hajj.landmarks-mediapipe-world.csv,pk-hfad-1_hajj,317,317007
pk-hfad-1_hajj.landmarks-mediapipe-world.csv,pk-hfad-1_hajj,317,317001
pk-hfad-1_hajj.landmarks-mediapipe-world.csv,pk-hfad-1_hajj,317,317009
pk-hfad-1_hajj.landmarks-mediapipe-world.csv,pk-hfad-1_hajj,317,317006
pk-hfad-1_hajj.landmarks-mediapipe-world.csv,pk-hfad-1_hajj,317,317004
pk-hfad-1_hajj.landmarks-mediapipe-world.csv,pk-hfad-1_hajj,317,317011
pk-hfad-1_hajj.landmarks-mediapipe-world.csv,pk-hfad-1_hajj,317,317002
pk-hfad-1_half-an-hour.landmarks-mediapipe-world.csv,pk-hfad-1_half-an-hour,318,-1
pk-hfad-1_half-an-hour.landmarks-mediapipe-world.csv,pk-hfad-1_half-an-hour,318,318010
pk-hfad-1_half-an-hour.landmarks-mediapipe-world.csv,pk-hfad-1_half-an-hour,318,318008
pk-hfad-1_half-an-hour.landmarks-mediapipe-world.csv,pk-hfad-1_half-an-hour,318,318001
pk-hfad-1_half-an-hour.landmarks-mediapipe-world.csv,pk-hfad-1_half-an-hour,318,318006
pk-hfad-1_half-an-hour.landmarks-mediapipe-world.csv,pk-hfad-1_half-an-hour,318,318011
pk-hfad-1_half-an-hour.landmarks-mediapipe-world.csv,pk-hfad-1_half-an-hour,318,318009
pk-hfad-1_half-an-hour.landmarks-mediapipe-world.csv,pk-hfad-1_half-an-hour,318,318007
pk-hfad-1_happiness.landmarks-mediapipe-world.csv,pk-hfad-1_happiness,319,-1
pk-hfad-1_happiness.landmarks-mediapipe-world.csv,pk-hfad-1_happiness,319,319001
pk-hfad-1_happiness.landmarks-mediapipe-world.csv,pk-hfad-1_happiness,319,319008
pk-hfad-1_happiness.landmarks-mediapipe-world.csv,pk-hfad-1_happiness,319,319011
pk-hfad-1_happiness.landmarks-mediapipe-world.csv,pk-hfad-1_happiness,319,319003
pk-hfad-1_happiness.landmarks-mediapipe-world.csv,pk-hfad-1_happiness,319,319005
pk-hfad-1_happiness.landmarks-mediapipe-world.csv,pk-hfad-1_happiness,319,319007
pk-hfad-1_happiness.landmarks-mediapipe-world.csv,pk-hfad-1_happiness,319,319004
pk-hfad-1_happy-talk.landmarks-mediapipe-world.csv,pk-hfad-1_happy-talk,320,-1
pk-hfad-1_happy-talk.landmarks-mediapipe-world.csv,pk-hfad-1_happy-talk,320,320010
pk-hfad-1_happy-talk.landmarks-mediapipe-world.csv,pk-hfad-1_happy-talk,320,320006
pk-hfad-1_happy-talk.landmarks-mediapipe-world.csv,pk-hfad-1_happy-talk,320,320001
pk-hfad-1_happy-talk.landmarks-mediapipe-world.csv,pk-hfad-1_happy-talk,320,320009
pk-hfad-1_happy-talk.landmarks-mediapipe-world.csv,pk-hfad-1_happy-talk,320,320007
pk-hfad-1_happy-talk.landmarks-mediapipe-world.csv,pk-hfad-1_happy-talk,320,320008
pk-hfad-1_happy-talk.landmarks-mediapipe-world.csv,pk-hfad-1_happy-talk,320,320005
pk-hfad-1_hard-work.landmarks-mediapipe-world.csv,pk-hfad-1_hard-work,321,-1
pk-hfad-1_hard-work.landmarks-mediapipe-world.csv,pk-hfad-1_hard-work,321,321002
pk-hfad-1_hard-work.landmarks-mediapipe-world.csv,pk-hfad-1_hard-work,321,321003
pk-hfad-1_hard-work.landmarks-mediapipe-world.csv,pk-hfad-1_hard-work,321,321004
pk-hfad-1_hard-work.landmarks-mediapipe-world.csv,pk-hfad-1_hard-work,321,321011
pk-hfad-1_hard-work.landmarks-mediapipe-world.csv,pk-hfad-1_hard-work,321,321001
pk-hfad-1_hard-work.landmarks-mediapipe-world.csv,pk-hfad-1_hard-work,321,321005
pk-hfad-1_hard-work.landmarks-mediapipe-world.csv,pk-hfad-1_hard-work,321,321007
pk-hfad-1_has(chuka).landmarks-mediapipe-world.csv,pk-hfad-1_has(chuka),322,-1
pk-hfad-1_has(chuka).landmarks-mediapipe-world.csv,pk-hfad-1_has(chuka),322,322003
pk-hfad-1_has(chuka).landmarks-mediapipe-world.csv,pk-hfad-1_has(chuka),322,322011
pk-hfad-1_has(chuka).landmarks-mediapipe-world.csv,pk-hfad-1_has(chuka),322,322004
pk-hfad-1_has(chuka).landmarks-mediapipe-world.csv,pk-hfad-1_has(chuka),322,322007
pk-hfad-1_has(chuka).landmarks-mediapipe-world.csv,pk-hfad-1_has(chuka),322,322005
pk-hfad-1_has(chuka).landmarks-mediapipe-world.csv,pk-hfad-1_has(chuka),322,322006
pk-hfad-1_has(chuka).landmarks-mediapipe-world.csv,pk-hfad-1_has(chuka),322,322001
pk-hfad-1_has(chuki).landmarks-mediapipe-world.csv,pk-hfad-1_has(chuki),323,-1
pk-hfad-1_has(chuki).landmarks-mediapipe-world.csv,pk-hfad-1_has(chuki),323,323005
pk-hfad-1_has(chuki).landmarks-mediapipe-world.csv,pk-hfad-1_has(chuki),323,323008
pk-hfad-1_has(chuki).landmarks-mediapipe-world.csv,pk-hfad-1_has(chuki),323,323009
pk-hfad-1_has(chuki).landmarks-mediapipe-world.csv,pk-hfad-1_has(chuki),323,323002
pk-hfad-1_has(chuki).landmarks-mediapipe-world.csv,pk-hfad-1_has(chuki),323,323004
pk-hfad-1_has(chuki).landmarks-mediapipe-world.csv,pk-hfad-1_has(chuki),323,323006
pk-hfad-1_has(chuki).landmarks-mediapipe-world.csv,pk-hfad-1_has(chuki),323,323011
pk-hfad-1_hate.landmarks-mediapipe-world.csv,pk-hfad-1_hate,324,-1
pk-hfad-1_hate.landmarks-mediapipe-world.csv,pk-hfad-1_hate,324,324007
pk-hfad-1_hate.landmarks-mediapipe-world.csv,pk-hfad-1_hate,324,324006
pk-hfad-1_hate.landmarks-mediapipe-world.csv,pk-hfad-1_hate,324,324005
pk-hfad-1_hate.landmarks-mediapipe-world.csv,pk-hfad-1_hate,324,324011
pk-hfad-1_hate.landmarks-mediapipe-world.csv,pk-hfad-1_hate,324,324010
pk-hfad-1_hate.landmarks-mediapipe-world.csv,pk-hfad-1_hate,324,324008
pk-hfad-1_hate.landmarks-mediapipe-world.csv,pk-hfad-1_hate,324,324009
pk-hfad-1_hazrat-abu-bakr.landmarks-mediapipe-world.csv,pk-hfad-1_hazrat-abu-bakr,325,-1
pk-hfad-1_hazrat-abu-bakr.landmarks-mediapipe-world.csv,pk-hfad-1_hazrat-abu-bakr,325,325003
pk-hfad-1_hazrat-abu-bakr.landmarks-mediapipe-world.csv,pk-hfad-1_hazrat-abu-bakr,325,325011
pk-hfad-1_hazrat-abu-bakr.landmarks-mediapipe-world.csv,pk-hfad-1_hazrat-abu-bakr,325,325006
pk-hfad-1_hazrat-abu-bakr.landmarks-mediapipe-world.csv,pk-hfad-1_hazrat-abu-bakr,325,325001
pk-hfad-1_hazrat-abu-bakr.landmarks-mediapipe-world.csv,pk-hfad-1_hazrat-abu-bakr,325,325005
pk-hfad-1_hazrat-abu-bakr.landmarks-mediapipe-world.csv,pk-hfad-1_hazrat-abu-bakr,325,325004
pk-hfad-1_hazrat-abu-bakr.landmarks-mediapipe-world.csv,pk-hfad-1_hazrat-abu-bakr,325,325009
pk-hfad-1_hazrat-adam.landmarks-mediapipe-world.csv,pk-hfad-1_hazrat-adam,326,-1
pk-hfad-1_hazrat-adam.landmarks-mediapipe-world.csv,pk-hfad-1_hazrat-adam,326,326005
pk-hfad-1_hazrat-adam.landmarks-mediapipe-world.csv,pk-hfad-1_hazrat-adam,326,326011
pk-hfad-1_hazrat-adam.landmarks-mediapipe-world.csv,pk-hfad-1_hazrat-adam,326,326003
pk-hfad-1_hazrat-adam.landmarks-mediapipe-world.csv,pk-hfad-1_hazrat-adam,326,326008
pk-hfad-1_hazrat-adam.landmarks-mediapipe-world.csv,pk-hfad-1_hazrat-adam,326,326001
pk-hfad-1_hazrat-adam.landmarks-mediapipe-world.csv,pk-hfad-1_hazrat-adam,326,326006
pk-hfad-1_hazrat-adam.landmarks-mediapipe-world.csv,pk-hfad-1_hazrat-adam,326,326007
pk-hfad-1_hazrat-ali.landmarks-mediapipe-world.csv,pk-hfad-1_hazrat-ali,327,-1
pk-hfad-1_hazrat-ali.landmarks-mediapipe-world.csv,pk-hfad-1_hazrat-ali,327,327001
pk-hfad-1_hazrat-ali.landmarks-mediapipe-world.csv,pk-hfad-1_hazrat-ali,327,327004
pk-hfad-1_hazrat-ali.landmarks-mediapipe-world.csv,pk-hfad-1_hazrat-ali,327,327002
pk-hfad-1_hazrat-ali.landmarks-mediapipe-world.csv,pk-hfad-1_hazrat-ali,327,327010
pk-hfad-1_hazrat-ali.landmarks-mediapipe-world.csv,pk-hfad-1_hazrat-ali,327,327008
pk-hfad-1_hazrat-ali.landmarks-mediapipe-world.csv,pk-hfad-1_hazrat-ali,327,327005
pk-hfad-1_hazrat-ali.landmarks-mediapipe-world.csv,pk-hfad-1_hazrat-ali,327,327006
pk-hfad-1_hazrat-muhammad.landmarks-mediapipe-world.csv,pk-hfad-1_hazrat-muhammad,328,-1
pk-hfad-1_hazrat-muhammad.landmarks-mediapipe-world.csv,pk-hfad-1_hazrat-muhammad,328,328006
pk-hfad-1_hazrat-muhammad.landmarks-mediapipe-world.csv,pk-hfad-1_hazrat-muhammad,328,328001
pk-hfad-1_hazrat-muhammad.landmarks-mediapipe-world.csv,pk-hfad-1_hazrat-muhammad,328,328003
pk-hfad-1_hazrat-muhammad.landmarks-mediapipe-world.csv,pk-hfad-1_hazrat-muhammad,328,328010
pk-hfad-1_hazrat-muhammad.landmarks-mediapipe-world.csv,pk-hfad-1_hazrat-muhammad,328,328002
pk-hfad-1_hazrat-muhammad.landmarks-mediapipe-world.csv,pk-hfad-1_hazrat-muhammad,328,328005
pk-hfad-1_hazrat-muhammad.landmarks-mediapipe-world.csv,pk-hfad-1_hazrat-muhammad,328,328011
pk-hfad-1_hazrat-omar.landmarks-mediapipe-world.csv,pk-hfad-1_hazrat-omar,329,-1
pk-hfad-1_hazrat-omar.landmarks-mediapipe-world.csv,pk-hfad-1_hazrat-omar,329,329007
pk-hfad-1_hazrat-omar.landmarks-mediapipe-world.csv,pk-hfad-1_hazrat-omar,329,329010
pk-hfad-1_hazrat-omar.landmarks-mediapipe-world.csv,pk-hfad-1_hazrat-omar,329,329006
pk-hfad-1_hazrat-omar.landmarks-mediapipe-world.csv,pk-hfad-1_hazrat-omar,329,329005
pk-hfad-1_hazrat-omar.landmarks-mediapipe-world.csv,pk-hfad-1_hazrat-omar,329,329003
pk-hfad-1_hazrat-omar.landmarks-mediapipe-world.csv,pk-hfad-1_hazrat-omar,329,329002
pk-hfad-1_hazrat-omar.landmarks-mediapipe-world.csv,pk-hfad-1_hazrat-omar,329,329001
pk-hfad-1_hazrat-osman.landmarks-mediapipe-world.csv,pk-hfad-1_hazrat-osman,330,-1
pk-hfad-1_hazrat-osman.landmarks-mediapipe-world.csv,pk-hfad-1_hazrat-osman,330,330006
pk-hfad-1_hazrat-osman.landmarks-mediapipe-world.csv,pk-hfad-1_hazrat-osman,330,330003
pk-hfad-1_hazrat-osman.landmarks-mediapipe-world.csv,pk-hfad-1_hazrat-osman,330,330010
pk-hfad-1_hazrat-osman.landmarks-mediapipe-world.csv,pk-hfad-1_hazrat-osman,330,330008
pk-hfad-1_hazrat-osman.landmarks-mediapipe-world.csv,pk-hfad-1_hazrat-osman,330,330005
pk-hfad-1_hazrat-osman.landmarks-mediapipe-world.csv,pk-hfad-1_hazrat-osman,330,330009
pk-hfad-1_hazrat-osman.landmarks-mediapipe-world.csv,pk-hfad-1_hazrat-osman,330,330007
pk-hfad-1_heart-broken.landmarks-mediapipe-world.csv,pk-hfad-1_heart-broken,331,-1
pk-hfad-1_heart-broken.landmarks-mediapipe-world.csv,pk-hfad-1_heart-broken,331,331011
pk-hfad-1_heart-broken.landmarks-mediapipe-world.csv,pk-hfad-1_heart-broken,331,331003
pk-hfad-1_heart-broken.landmarks-mediapipe-world.csv,pk-hfad-1_heart-broken,331,331007
pk-hfad-1_heart-broken.landmarks-mediapipe-world.csv,pk-hfad-1_heart-broken,331,331009
pk-hfad-1_heart-broken.landmarks-mediapipe-world.csv,pk-hfad-1_heart-broken,331,331008
pk-hfad-1_heart-broken.landmarks-mediapipe-world.csv,pk-hfad-1_heart-broken,331,331010
pk-hfad-1_heart-broken.landmarks-mediapipe-world.csv,pk-hfad-1_heart-broken,331,331001
pk-hfad-1_heat(noun).landmarks-mediapipe-world.csv,pk-hfad-1_heat(noun),332,-1
pk-hfad-1_heat(noun).landmarks-mediapipe-world.csv,pk-hfad-1_heat(noun),332,332011
pk-hfad-1_heat(noun).landmarks-mediapipe-world.csv,pk-hfad-1_heat(noun),332,332008
pk-hfad-1_heat(noun).landmarks-mediapipe-world.csv,pk-hfad-1_heat(noun),332,332006
pk-hfad-1_heat(noun).landmarks-mediapipe-world.csv,pk-hfad-1_heat(noun),332,332004
pk-hfad-1_heat(noun).landmarks-mediapipe-world.csv,pk-hfad-1_heat(noun),332,332001
pk-hfad-1_heat(noun).landmarks-mediapipe-world.csv,pk-hfad-1_heat(noun),332,332002
pk-hfad-1_heat(noun).landmarks-mediapipe-world.csv,pk-hfad-1_heat(noun),332,332009
pk-hfad-1_heaven.landmarks-mediapipe-world.csv,pk-hfad-1_heaven,333,-1
pk-hfad-1_heaven.landmarks-mediapipe-world.csv,pk-hfad-1_heaven,333,333003
pk-hfad-1_heaven.landmarks-mediapipe-world.csv,pk-hfad-1_heaven,333,333008
pk-hfad-1_heaven.landmarks-mediapipe-world.csv,pk-hfad-1_heaven,333,333001
pk-hfad-1_heaven.landmarks-mediapipe-world.csv,pk-hfad-1_heaven,333,333004
pk-hfad-1_heaven.landmarks-mediapipe-world.csv,pk-hfad-1_heaven,333,333005
pk-hfad-1_heaven.landmarks-mediapipe-world.csv,pk-hfad-1_heaven,333,333011
pk-hfad-1_heaven.landmarks-mediapipe-world.csv,pk-hfad-1_heaven,333,333002
pk-hfad-1_hell.landmarks-mediapipe-world.csv,pk-hfad-1_hell,334,-1
pk-hfad-1_hell.landmarks-mediapipe-world.csv,pk-hfad-1_hell,334,334003
pk-hfad-1_hell.landmarks-mediapipe-world.csv,pk-hfad-1_hell,334,334010
pk-hfad-1_hell.landmarks-mediapipe-world.csv,pk-hfad-1_hell,334,334004
pk-hfad-1_hell.landmarks-mediapipe-world.csv,pk-hfad-1_hell,334,334002
pk-hfad-1_hell.landmarks-mediapipe-world.csv,pk-hfad-1_hell,334,334007
pk-hfad-1_hell.landmarks-mediapipe-world.csv,pk-hfad-1_hell,334,334001
pk-hfad-1_hell.landmarks-mediapipe-world.csv,pk-hfad-1_hell,334,334011
pk-hfad-1_help.landmarks-mediapipe-world.csv,pk-hfad-1_help,335,-1
pk-hfad-1_help.landmarks-mediapipe-world.csv,pk-hfad-1_help,335,335008
pk-hfad-1_help.landmarks-mediapipe-world.csv,pk-hfad-1_help,335,335009
pk-hfad-1_help.landmarks-mediapipe-world.csv,pk-hfad-1_help,335,335006
pk-hfad-1_help.landmarks-mediapipe-world.csv,pk-hfad-1_help,335,335003
pk-hfad-1_help.landmarks-mediapipe-world.csv,pk-hfad-1_help,335,335007
pk-hfad-1_help.landmarks-mediapipe-world.csv,pk-hfad-1_help,335,335010
pk-hfad-1_help.landmarks-mediapipe-world.csv,pk-hfad-1_help,335,335002
pk-hfad-1_here.landmarks-mediapipe-world.csv,pk-hfad-1_here,336,-1
pk-hfad-1_here.landmarks-mediapipe-world.csv,pk-hfad-1_here,336,336008
pk-hfad-1_here.landmarks-mediapipe-world.csv,pk-hfad-1_here,336,336006
pk-hfad-1_here.landmarks-mediapipe-world.csv,pk-hfad-1_here,336,336001
pk-hfad-1_here.landmarks-mediapipe-world.csv,pk-hfad-1_here,336,336002
pk-hfad-1_here.landmarks-mediapipe-world.csv,pk-hfad-1_here,336,336004
pk-hfad-1_here.landmarks-mediapipe-world.csv,pk-hfad-1_here,336,336003
pk-hfad-1_here.landmarks-mediapipe-world.csv,pk-hfad-1_here,336,336010
pk-hfad-1_hindu.landmarks-mediapipe-world.csv,pk-hfad-1_hindu,337,-1
pk-hfad-1_hindu.landmarks-mediapipe-world.csv,pk-hfad-1_hindu,337,337004
pk-hfad-1_hindu.landmarks-mediapipe-world.csv,pk-hfad-1_hindu,337,337006
pk-hfad-1_hindu.landmarks-mediapipe-world.csv,pk-hfad-1_hindu,337,337010
pk-hfad-1_hindu.landmarks-mediapipe-world.csv,pk-hfad-1_hindu,337,337001
pk-hfad-1_hindu.landmarks-mediapipe-world.csv,pk-hfad-1_hindu,337,337008
pk-hfad-1_hindu.landmarks-mediapipe-world.csv,pk-hfad-1_hindu,337,337005
pk-hfad-1_hindu.landmarks-mediapipe-world.csv,pk-hfad-1_hindu,337,337011
pk-hfad-1_hmara.landmarks-mediapipe-world.csv,pk-hfad-1_hmara,338,-1
pk-hfad-1_hmara.landmarks-mediapipe-world.csv,pk-hfad-1_hmara,338,338003
pk-hfad-1_hmara.landmarks-mediapipe-world.csv,pk-hfad-1_hmara,338,338001
pk-hfad-1_hmara.landmarks-mediapipe-world.csv,pk-hfad-1_hmara,338,338004
pk-hfad-1_hmara.landmarks-mediapipe-world.csv,pk-hfad-1_hmara,338,338002
pk-hfad-1_hmara.landmarks-mediapipe-world.csv,pk-hfad-1_hmara,338,338007
pk-hfad-1_hmara.landmarks-mediapipe-world.csv,pk-hfad-1_hmara,338,338011
pk-hfad-1_hmara.landmarks-mediapipe-world.csv,pk-hfad-1_hmara,338,338010
pk-hfad-1_hmari.landmarks-mediapipe-world.csv,pk-hfad-1_hmari,339,-1
pk-hfad-1_hmari.landmarks-mediapipe-world.csv,pk-hfad-1_hmari,339,339010
pk-hfad-1_hmari.landmarks-mediapipe-world.csv,pk-hfad-1_hmari,339,339002
pk-hfad-1_hmari.landmarks-mediapipe-world.csv,pk-hfad-1_hmari,339,339007
pk-hfad-1_hmari.landmarks-mediapipe-world.csv,pk-hfad-1_hmari,339,339006
pk-hfad-1_hmari.landmarks-mediapipe-world.csv,pk-hfad-1_hmari,339,339008
pk-hfad-1_hmari.landmarks-mediapipe-world.csv,pk-hfad-1_hmari,339,339009
pk-hfad-1_hmari.landmarks-mediapipe-world.csv,pk-hfad-1_hmari,339,339003
pk-hfad-1_hmary.landmarks-mediapipe-world.csv,pk-hfad-1_hmary,340,-1
pk-hfad-1_hmary.landmarks-mediapipe-world.csv,pk-hfad-1_hmary,340,340008
pk-hfad-1_hmary.landmarks-mediapipe-world.csv,pk-hfad-1_hmary,340,340011
pk-hfad-1_hmary.landmarks-mediapipe-world.csv,pk-hfad-1_hmary,340,340002
pk-hfad-1_hmary.landmarks-mediapipe-world.csv,pk-hfad-1_hmary,340,340009
pk-hfad-1_hmary.landmarks-mediapipe-world.csv,pk-hfad-1_hmary,340,340007
pk-hfad-1_hmary.landmarks-mediapipe-world.csv,pk-hfad-1_hmary,340,340004
pk-hfad-1_hmary.landmarks-mediapipe-world.csv,pk-hfad-1_hmary,340,340010
pk-hfad-1_holiday.landmarks-mediapipe-world.csv,pk-hfad-1_holiday,341,-1
pk-hfad-1_holiday.landmarks-mediapipe-world.csv,pk-hfad-1_holiday,341,341003
pk-hfad-1_holiday.landmarks-mediapipe-world.csv,pk-hfad-1_holiday,341,341001
pk-hfad-1_holiday.landmarks-mediapipe-world.csv,pk-hfad-1_holiday,341,341002
pk-hfad-1_holiday.landmarks-mediapipe-world.csv,pk-hfad-1_holiday,341,341005
pk-hfad-1_holiday.landmarks-mediapipe-world.csv,pk-hfad-1_holiday,341,341011
pk-hfad-1_holiday.landmarks-mediapipe-world.csv,pk-hfad-1_holiday,341,341004
pk-hfad-1_holiday.landmarks-mediapipe-world.csv,pk-hfad-1_holiday,341,341010
pk-hfad-1_horse.landmarks-mediapipe-world.csv,pk-hfad-1_horse,342,-1
pk-hfad-1_horse.landmarks-mediapipe-world.csv,pk-hfad-1_horse,342,342011
pk-hfad-1_horse.landmarks-mediapipe-world.csv,pk-hfad-1_horse,342,342002
pk-hfad-1_horse.landmarks-mediapipe-world.csv,pk-hfad-1_horse,342,342003
pk-hfad-1_horse.landmarks-mediapipe-world.csv,pk-hfad-1_horse,342,342001
pk-hfad-1_horse.landmarks-mediapipe-world.csv,pk-hfad-1_horse,342,342007
pk-hfad-1_horse.landmarks-mediapipe-world.csv,pk-hfad-1_horse,342,342008
pk-hfad-1_horse.landmarks-mediapipe-world.csv,pk-hfad-1_horse,342,342004
pk-hfad-1_hospital.landmarks-mediapipe-world.csv,pk-hfad-1_hospital,343,-1
pk-hfad-1_hospital.landmarks-mediapipe-world.csv,pk-hfad-1_hospital,343,343007
pk-hfad-1_hospital.landmarks-mediapipe-world.csv,pk-hfad-1_hospital,343,343001
pk-hfad-1_hospital.landmarks-mediapipe-world.csv,pk-hfad-1_hospital,343,343010
pk-hfad-1_hospital.landmarks-mediapipe-world.csv,pk-hfad-1_hospital,343,343003
pk-hfad-1_hospital.landmarks-mediapipe-world.csv,pk-hfad-1_hospital,343,343009
pk-hfad-1_hospital.landmarks-mediapipe-world.csv,pk-hfad-1_hospital,343,343002
pk-hfad-1_hospital.landmarks-mediapipe-world.csv,pk-hfad-1_hospital,343,343011
pk-hfad-1_hostel.landmarks-mediapipe-world.csv,pk-hfad-1_hostel,344,-1
pk-hfad-1_hostel.landmarks-mediapipe-world.csv,pk-hfad-1_hostel,344,344004
pk-hfad-1_hostel.landmarks-mediapipe-world.csv,pk-hfad-1_hostel,344,344011
pk-hfad-1_hostel.landmarks-mediapipe-world.csv,pk-hfad-1_hostel,344,344002
pk-hfad-1_hostel.landmarks-mediapipe-world.csv,pk-hfad-1_hostel,344,344007
pk-hfad-1_hostel.landmarks-mediapipe-world.csv,pk-hfad-1_hostel,344,344003
pk-hfad-1_hostel.landmarks-mediapipe-world.csv,pk-hfad-1_hostel,344,344001
pk-hfad-1_hostel.landmarks-mediapipe-world.csv,pk-hfad-1_hostel,344,344005
pk-hfad-1_hot.landmarks-mediapipe-world.csv,pk-hfad-1_hot,345,-1
pk-hfad-1_hot.landmarks-mediapipe-world.csv,pk-hfad-1_hot,345,345005
pk-hfad-1_hot.landmarks-mediapipe-world.csv,pk-hfad-1_hot,345,345002
pk-hfad-1_hot.landmarks-mediapipe-world.csv,pk-hfad-1_hot,345,345001
pk-hfad-1_hot.landmarks-mediapipe-world.csv,pk-hfad-1_hot,345,345011
pk-hfad-1_hot.landmarks-mediapipe-world.csv,pk-hfad-1_hot,345,345010
pk-hfad-1_hot.landmarks-mediapipe-world.csv,pk-hfad-1_hot,345,345009
pk-hfad-1_hot.landmarks-mediapipe-world.csv,pk-hfad-1_hot,345,345006
pk-hfad-1_hotel.landmarks-mediapipe-world.csv,pk-hfad-1_hotel,346,-1
pk-hfad-1_hotel.landmarks-mediapipe-world.csv,pk-hfad-1_hotel,346,346008
pk-hfad-1_hotel.landmarks-mediapipe-world.csv,pk-hfad-1_hotel,346,346005
pk-hfad-1_hotel.landmarks-mediapipe-world.csv,pk-hfad-1_hotel,346,346001
pk-hfad-1_hotel.landmarks-mediapipe-world.csv,pk-hfad-1_hotel,346,346009
pk-hfad-1_hotel.landmarks-mediapipe-world.csv,pk-hfad-1_hotel,346,346007
pk-hfad-1_hotel.landmarks-mediapipe-world.csv,pk-hfad-1_hotel,346,346002
pk-hfad-1_hotel.landmarks-mediapipe-world.csv,pk-hfad-1_hotel,346,346004
pk-hfad-1_house.landmarks-mediapipe-world.csv,pk-hfad-1_house,347,-1
pk-hfad-1_house.landmarks-mediapipe-world.csv,pk-hfad-1_house,347,347001
pk-hfad-1_house.landmarks-mediapipe-world.csv,pk-hfad-1_house,347,347002
pk-hfad-1_house.landmarks-mediapipe-world.csv,pk-hfad-1_house,347,347005
pk-hfad-1_house.landmarks-mediapipe-world.csv,pk-hfad-1_house,347,347007
pk-hfad-1_house.landmarks-mediapipe-world.csv,pk-hfad-1_house,347,347004
pk-hfad-1_house.landmarks-mediapipe-world.csv,pk-hfad-1_house,347,347008
pk-hfad-1_house.landmarks-mediapipe-world.csv,pk-hfad-1_house,347,347003
pk-hfad-1_hurry.landmarks-mediapipe-world.csv,pk-hfad-1_hurry,348,-1
pk-hfad-1_hurry.landmarks-mediapipe-world.csv,pk-hfad-1_hurry,348,348005
pk-hfad-1_hurry.landmarks-mediapipe-world.csv,pk-hfad-1_hurry,348,348007
pk-hfad-1_hurry.landmarks-mediapipe-world.csv,pk-hfad-1_hurry,348,348008
pk-hfad-1_hurry.landmarks-mediapipe-world.csv,pk-hfad-1_hurry,348,348002
pk-hfad-1_hurry.landmarks-mediapipe-world.csv,pk-hfad-1_hurry,348,348011
pk-hfad-1_hurry.landmarks-mediapipe-world.csv,pk-hfad-1_hurry,348,348004
pk-hfad-1_hurry.landmarks-mediapipe-world.csv,pk-hfad-1_hurry,348,348010
pk-hfad-1_husband.landmarks-mediapipe-world.csv,pk-hfad-1_husband,349,-1
pk-hfad-1_husband.landmarks-mediapipe-world.csv,pk-hfad-1_husband,349,349011
pk-hfad-1_husband.landmarks-mediapipe-world.csv,pk-hfad-1_husband,349,349005
pk-hfad-1_husband.landmarks-mediapipe-world.csv,pk-hfad-1_husband,349,349010
pk-hfad-1_husband.landmarks-mediapipe-world.csv,pk-hfad-1_husband,349,349009
pk-hfad-1_husband.landmarks-mediapipe-world.csv,pk-hfad-1_husband,349,349001
pk-hfad-1_husband.landmarks-mediapipe-world.csv,pk-hfad-1_husband,349,349006
pk-hfad-1_husband.landmarks-mediapipe-world.csv,pk-hfad-1_husband,349,349002
pk-hfad-1_i(double-handed-letter).landmarks-mediapipe-world.csv,pk-hfad-1_i(double-handed-letter),350,-1
pk-hfad-1_i(double-handed-letter).landmarks-mediapipe-world.csv,pk-hfad-1_i(double-handed-letter),350,350003
pk-hfad-1_i(double-handed-letter).landmarks-mediapipe-world.csv,pk-hfad-1_i(double-handed-letter),350,350007
pk-hfad-1_i(double-handed-letter).landmarks-mediapipe-world.csv,pk-hfad-1_i(double-handed-letter),350,350001
pk-hfad-1_i(double-handed-letter).landmarks-mediapipe-world.csv,pk-hfad-1_i(double-handed-letter),350,350008
pk-hfad-1_i(double-handed-letter).landmarks-mediapipe-world.csv,pk-hfad-1_i(double-handed-letter),350,350002
pk-hfad-1_i(double-handed-letter).landmarks-mediapipe-world.csv,pk-hfad-1_i(double-handed-letter),350,350006
pk-hfad-1_i(double-handed-letter).landmarks-mediapipe-world.csv,pk-hfad-1_i(double-handed-letter),350,350004
pk-hfad-1_i(me).landmarks-mediapipe-world.csv,pk-hfad-1_i(me),351,-1
pk-hfad-1_i(me).landmarks-mediapipe-world.csv,pk-hfad-1_i(me),351,351009
pk-hfad-1_i(me).landmarks-mediapipe-world.csv,pk-hfad-1_i(me),351,351011
pk-hfad-1_i(me).landmarks-mediapipe-world.csv,pk-hfad-1_i(me),351,351002
pk-hfad-1_i(me).landmarks-mediapipe-world.csv,pk-hfad-1_i(me),351,351008
pk-hfad-1_i(me).landmarks-mediapipe-world.csv,pk-hfad-1_i(me),351,351007
pk-hfad-1_i(me).landmarks-mediapipe-world.csv,pk-hfad-1_i(me),351,351003
pk-hfad-1_i(me).landmarks-mediapipe-world.csv,pk-hfad-1_i(me),351,351005
pk-hfad-1_i(single-handed-letter).landmarks-mediapipe-world.csv,pk-hfad-1_i(single-handed-letter),352,-1
pk-hfad-1_i(single-handed-letter).landmarks-mediapipe-world.csv,pk-hfad-1_i(single-handed-letter),352,352010
pk-hfad-1_i(single-handed-letter).landmarks-mediapipe-world.csv,pk-hfad-1_i(single-handed-letter),352,352007
pk-hfad-1_i(single-handed-letter).landmarks-mediapipe-world.csv,pk-hfad-1_i(single-handed-letter),352,352011
pk-hfad-1_i(single-handed-letter).landmarks-mediapipe-world.csv,pk-hfad-1_i(single-handed-letter),352,352001
pk-hfad-1_i(single-handed-letter).landmarks-mediapipe-world.csv,pk-hfad-1_i(single-handed-letter),352,352009
pk-hfad-1_i(single-handed-letter).landmarks-mediapipe-world.csv,pk-hfad-1_i(single-handed-letter),352,352008
pk-hfad-1_i(single-handed-letter).landmarks-mediapipe-world.csv,pk-hfad-1_i(single-handed-letter),352,352006
pk-hfad-1_icecream.landmarks-mediapipe-world.csv,pk-hfad-1_icecream,353,-1
pk-hfad-1_icecream.landmarks-mediapipe-world.csv,pk-hfad-1_icecream,353,353008
pk-hfad-1_icecream.landmarks-mediapipe-world.csv,pk-hfad-1_icecream,353,353009
pk-hfad-1_icecream.landmarks-mediapipe-world.csv,pk-hfad-1_icecream,353,353005
pk-hfad-1_icecream.landmarks-mediapipe-world.csv,pk-hfad-1_icecream,353,353003
pk-hfad-1_icecream.landmarks-mediapipe-world.csv,pk-hfad-1_icecream,353,353010
pk-hfad-1_icecream.landmarks-mediapipe-world.csv,pk-hfad-1_icecream,353,353007
pk-hfad-1_icecream.landmarks-mediapipe-world.csv,pk-hfad-1_icecream,353,353004
pk-hfad-1_identity-card.landmarks-mediapipe-world.csv,pk-hfad-1_identity-card,354,-1
pk-hfad-1_identity-card.landmarks-mediapipe-world.csv,pk-hfad-1_identity-card,354,354010
pk-hfad-1_identity-card.landmarks-mediapipe-world.csv,pk-hfad-1_identity-card,354,354009
pk-hfad-1_identity-card.landmarks-mediapipe-world.csv,pk-hfad-1_identity-card,354,354007
pk-hfad-1_identity-card.landmarks-mediapipe-world.csv,pk-hfad-1_identity-card,354,354004
pk-hfad-1_identity-card.landmarks-mediapipe-world.csv,pk-hfad-1_identity-card,354,354003
pk-hfad-1_identity-card.landmarks-mediapipe-world.csv,pk-hfad-1_identity-card,354,354006
pk-hfad-1_identity-card.landmarks-mediapipe-world.csv,pk-hfad-1_identity-card,354,354008
pk-hfad-1_ignore.landmarks-mediapipe-world.csv,pk-hfad-1_ignore,355,-1
pk-hfad-1_ignore.landmarks-mediapipe-world.csv,pk-hfad-1_ignore,355,355007
pk-hfad-1_ignore.landmarks-mediapipe-world.csv,pk-hfad-1_ignore,355,355008
pk-hfad-1_ignore.landmarks-mediapipe-world.csv,pk-hfad-1_ignore,355,355006
pk-hfad-1_ignore.landmarks-mediapipe-world.csv,pk-hfad-1_ignore,355,355002
pk-hfad-1_ignore.landmarks-mediapipe-world.csv,pk-hfad-1_ignore,355,355003
pk-hfad-1_ignore.landmarks-mediapipe-world.csv,pk-hfad-1_ignore,355,355005
pk-hfad-1_ignore.landmarks-mediapipe-world.csv,pk-hfad-1_ignore,355,355009
pk-hfad-1_ill.landmarks-mediapipe-world.csv,pk-hfad-1_ill,356,-1
pk-hfad-1_ill.landmarks-mediapipe-world.csv,pk-hfad-1_ill,356,356009
pk-hfad-1_ill.landmarks-mediapipe-world.csv,pk-hfad-1_ill,356,356002
pk-hfad-1_ill.landmarks-mediapipe-world.csv,pk-hfad-1_ill,356,356006
pk-hfad-1_ill.landmarks-mediapipe-world.csv,pk-hfad-1_ill,356,356005
pk-hfad-1_ill.landmarks-mediapipe-world.csv,pk-hfad-1_ill,356,356003
pk-hfad-1_ill.landmarks-mediapipe-world.csv,pk-hfad-1_ill,356,356004
pk-hfad-1_ill.landmarks-mediapipe-world.csv,pk-hfad-1_ill,356,356007
pk-hfad-1_illiterate.landmarks-mediapipe-world.csv,pk-hfad-1_illiterate,357,-1
pk-hfad-1_illiterate.landmarks-mediapipe-world.csv,pk-hfad-1_illiterate,357,357005
pk-hfad-1_illiterate.landmarks-mediapipe-world.csv,pk-hfad-1_illiterate,357,357008
pk-hfad-1_illiterate.landmarks-mediapipe-world.csv,pk-hfad-1_illiterate,357,357009
pk-hfad-1_illiterate.landmarks-mediapipe-world.csv,pk-hfad-1_illiterate,357,357002
pk-hfad-1_illiterate.landmarks-mediapipe-world.csv,pk-hfad-1_illiterate,357,357007
pk-hfad-1_illiterate.landmarks-mediapipe-world.csv,pk-hfad-1_illiterate,357,357010
pk-hfad-1_illiterate.landmarks-mediapipe-world.csv,pk-hfad-1_illiterate,357,357001
pk-hfad-1_imam.landmarks-mediapipe-world.csv,pk-hfad-1_imam,358,-1
pk-hfad-1_imam.landmarks-mediapipe-world.csv,pk-hfad-1_imam,358,358002
pk-hfad-1_imam.landmarks-mediapipe-world.csv,pk-hfad-1_imam,358,358003
pk-hfad-1_imam.landmarks-mediapipe-world.csv,pk-hfad-1_imam,358,358011
pk-hfad-1_imam.landmarks-mediapipe-world.csv,pk-hfad-1_imam,358,358010
pk-hfad-1_imam.landmarks-mediapipe-world.csv,pk-hfad-1_imam,358,358005
pk-hfad-1_imam.landmarks-mediapipe-world.csv,pk-hfad-1_imam,358,358007
pk-hfad-1_imam.landmarks-mediapipe-world.csv,pk-hfad-1_imam,358,358006
pk-hfad-1_in.landmarks-mediapipe-world.csv,pk-hfad-1_in,359,-1
pk-hfad-1_in.landmarks-mediapipe-world.csv,pk-hfad-1_in,359,359003
pk-hfad-1_in.landmarks-mediapipe-world.csv,pk-hfad-1_in,359,359008
pk-hfad-1_in.landmarks-mediapipe-world.csv,pk-hfad-1_in,359,359002
pk-hfad-1_in.landmarks-mediapipe-world.csv,pk-hfad-1_in,359,359011
pk-hfad-1_in.landmarks-mediapipe-world.csv,pk-hfad-1_in,359,359010
pk-hfad-1_in.landmarks-mediapipe-world.csv,pk-hfad-1_in,359,359006
pk-hfad-1_in.landmarks-mediapipe-world.csv,pk-hfad-1_in,359,359009
pk-hfad-1_include.landmarks-mediapipe-world.csv,pk-hfad-1_include,360,-1
pk-hfad-1_include.landmarks-mediapipe-world.csv,pk-hfad-1_include,360,360002
pk-hfad-1_include.landmarks-mediapipe-world.csv,pk-hfad-1_include,360,360011
pk-hfad-1_include.landmarks-mediapipe-world.csv,pk-hfad-1_include,360,360005
pk-hfad-1_include.landmarks-mediapipe-world.csv,pk-hfad-1_include,360,360009
pk-hfad-1_include.landmarks-mediapipe-world.csv,pk-hfad-1_include,360,360001
pk-hfad-1_include.landmarks-mediapipe-world.csv,pk-hfad-1_include,360,360008
pk-hfad-1_include.landmarks-mediapipe-world.csv,pk-hfad-1_include,360,360004
pk-hfad-1_indeed.landmarks-mediapipe-world.csv,pk-hfad-1_indeed,361,-1
pk-hfad-1_indeed.landmarks-mediapipe-world.csv,pk-hfad-1_indeed,361,361001
pk-hfad-1_indeed.landmarks-mediapipe-world.csv,pk-hfad-1_indeed,361,361002
pk-hfad-1_indeed.landmarks-mediapipe-world.csv,pk-hfad-1_indeed,361,361009
pk-hfad-1_indeed.landmarks-mediapipe-world.csv,pk-hfad-1_indeed,361,361006
pk-hfad-1_indeed.landmarks-mediapipe-world.csv,pk-hfad-1_indeed,361,361010
pk-hfad-1_indeed.landmarks-mediapipe-world.csv,pk-hfad-1_indeed,361,361005
pk-hfad-1_indeed.landmarks-mediapipe-world.csv,pk-hfad-1_indeed,361,361011
pk-hfad-1_india.landmarks-mediapipe-world.csv,pk-hfad-1_india,362,-1
pk-hfad-1_india.landmarks-mediapipe-world.csv,pk-hfad-1_india,362,362010
pk-hfad-1_india.landmarks-mediapipe-world.csv,pk-hfad-1_india,362,362006
pk-hfad-1_india.landmarks-mediapipe-world.csv,pk-hfad-1_india,362,362005
pk-hfad-1_india.landmarks-mediapipe-world.csv,pk-hfad-1_india,362,362001
pk-hfad-1_india.landmarks-mediapipe-world.csv,pk-hfad-1_india,362,362011
pk-hfad-1_india.landmarks-mediapipe-world.csv,pk-hfad-1_india,362,362009
pk-hfad-1_india.landmarks-mediapipe-world.csv,pk-hfad-1_india,362,362003
pk-hfad-1_infidel.landmarks-mediapipe-world.csv,pk-hfad-1_infidel,363,-1
pk-hfad-1_infidel.landmarks-mediapipe-world.csv,pk-hfad-1_infidel,363,363009
pk-hfad-1_infidel.landmarks-mediapipe-world.csv,pk-hfad-1_infidel,363,363005
pk-hfad-1_infidel.landmarks-mediapipe-world.csv,pk-hfad-1_infidel,363,363002
pk-hfad-1_infidel.landmarks-mediapipe-world.csv,pk-hfad-1_infidel,363,363010
pk-hfad-1_infidel.landmarks-mediapipe-world.csv,pk-hfad-1_infidel,363,363003
pk-hfad-1_infidel.landmarks-mediapipe-world.csv,pk-hfad-1_infidel,363,363011
pk-hfad-1_infidel.landmarks-mediapipe-world.csv,pk-hfad-1_infidel,363,363006
pk-hfad-1_inflation(economic).landmarks-mediapipe-world.csv,pk-hfad-1_inflation(economic),364,-1
pk-hfad-1_inflation(economic).landmarks-mediapipe-world.csv,pk-hfad-1_inflation(economic),364,364001
pk-hfad-1_inflation(economic).landmarks-mediapipe-world.csv,pk-hfad-1_inflation(economic),364,364003
pk-hfad-1_inflation(economic).landmarks-mediapipe-world.csv,pk-hfad-1_inflation(economic),364,364009
pk-hfad-1_inflation(economic).landmarks-mediapipe-world.csv,pk-hfad-1_inflation(economic),364,364005
pk-hfad-1_inflation(economic).landmarks-mediapipe-world.csv,pk-hfad-1_inflation(economic),364,364006
pk-hfad-1_inflation(economic).landmarks-mediapipe-world.csv,pk-hfad-1_inflation(economic),364,364010
pk-hfad-1_inflation(economic).landmarks-mediapipe-world.csv,pk-hfad-1_inflation(economic),364,364008
pk-hfad-1_information.landmarks-mediapipe-world.csv,pk-hfad-1_information,365,-1
pk-hfad-1_information.landmarks-mediapipe-world.csv,pk-hfad-1_information,365,365005
pk-hfad-1_information.landmarks-mediapipe-world.csv,pk-hfad-1_information,365,365001
pk-hfad-1_information.landmarks-mediapipe-world.csv,pk-hfad-1_information,365,365007
pk-hfad-1_information.landmarks-mediapipe-world.csv,pk-hfad-1_information,365,365009
pk-hfad-1_information.landmarks-mediapipe-world.csv,pk-hfad-1_information,365,365008
pk-hfad-1_information.landmarks-mediapipe-world.csv,pk-hfad-1_information,365,365011
pk-hfad-1_information.landmarks-mediapipe-world.csv,pk-hfad-1_information,365,365004
pk-hfad-1_ink.landmarks-mediapipe-world.csv,pk-hfad-1_ink,366,-1
pk-hfad-1_ink.landmarks-mediapipe-world.csv,pk-hfad-1_ink,366,366010
pk-hfad-1_ink.landmarks-mediapipe-world.csv,pk-hfad-1_ink,366,366003
pk-hfad-1_ink.landmarks-mediapipe-world.csv,pk-hfad-1_ink,366,366011
pk-hfad-1_ink.landmarks-mediapipe-world.csv,pk-hfad-1_ink,366,366001
pk-hfad-1_ink.landmarks-mediapipe-world.csv,pk-hfad-1_ink,366,366005
pk-hfad-1_ink.landmarks-mediapipe-world.csv,pk-hfad-1_ink,366,366008
pk-hfad-1_ink.landmarks-mediapipe-world.csv,pk-hfad-1_ink,366,366004
pk-hfad-1_interesting.landmarks-mediapipe-world.csv,pk-hfad-1_interesting,367,-1
pk-hfad-1_interesting.landmarks-mediapipe-world.csv,pk-hfad-1_interesting,367,367011
pk-hfad-1_interesting.landmarks-mediapipe-world.csv,pk-hfad-1_interesting,367,367002
pk-hfad-1_interesting.landmarks-mediapipe-world.csv,pk-hfad-1_interesting,367,367006
pk-hfad-1_interesting.landmarks-mediapipe-world.csv,pk-hfad-1_interesting,367,367003
pk-hfad-1_interesting.landmarks-mediapipe-world.csv,pk-hfad-1_interesting,367,367007
pk-hfad-1_interesting.landmarks-mediapipe-world.csv,pk-hfad-1_interesting,367,367009
pk-hfad-1_interesting.landmarks-mediapipe-world.csv,pk-hfad-1_interesting,367,367008
pk-hfad-1_iran.landmarks-mediapipe-world.csv,pk-hfad-1_iran,368,-1
pk-hfad-1_iran.landmarks-mediapipe-world.csv,pk-hfad-1_iran,368,368003
pk-hfad-1_iran.landmarks-mediapipe-world.csv,pk-hfad-1_iran,368,368010
pk-hfad-1_iran.landmarks-mediapipe-world.csv,pk-hfad-1_iran,368,368004
pk-hfad-1_iran.landmarks-mediapipe-world.csv,pk-hfad-1_iran,368,368009
pk-hfad-1_iran.landmarks-mediapipe-world.csv,pk-hfad-1_iran,368,368001
pk-hfad-1_iran.landmarks-mediapipe-world.csv,pk-hfad-1_iran,368,368011
pk-hfad-1_iran.landmarks-mediapipe-world.csv,pk-hfad-1_iran,368,368006
pk-hfad-1_iraq.landmarks-mediapipe-world.csv,pk-hfad-1_iraq,369,-1
pk-hfad-1_iraq.landmarks-mediapipe-world.csv,pk-hfad-1_iraq,369,369001
pk-hfad-1_iraq.landmarks-mediapipe-world.csv,pk-hfad-1_iraq,369,369011
pk-hfad-1_iraq.landmarks-mediapipe-world.csv,pk-hfad-1_iraq,369,369007
pk-hfad-1_iraq.landmarks-mediapipe-world.csv,pk-hfad-1_iraq,369,369009
pk-hfad-1_iraq.landmarks-mediapipe-world.csv,pk-hfad-1_iraq,369,369008
pk-hfad-1_iraq.landmarks-mediapipe-world.csv,pk-hfad-1_iraq,369,369006
pk-hfad-1_iraq.landmarks-mediapipe-world.csv,pk-hfad-1_iraq,369,369003
pk-hfad-1_iron(metal).landmarks-mediapipe-world.csv,pk-hfad-1_iron(metal),370,-1
pk-hfad-1_iron(metal).landmarks-mediapipe-world.csv,pk-hfad-1_iron(metal),370,370006
pk-hfad-1_iron(metal).landmarks-mediapipe-world.csv,pk-hfad-1_iron(metal),370,370001
pk-hfad-1_iron(metal).landmarks-mediapipe-world.csv,pk-hfad-1_iron(metal),370,370007
pk-hfad-1_iron(metal).landmarks-mediapipe-world.csv,pk-hfad-1_iron(metal),370,370004
pk-hfad-1_iron(metal).landmarks-mediapipe-world.csv,pk-hfad-1_iron(metal),370,370011
pk-hfad-1_iron(metal).landmarks-mediapipe-world.csv,pk-hfad-1_iron(metal),370,370010
pk-hfad-1_iron(metal).landmarks-mediapipe-world.csv,pk-hfad-1_iron(metal),370,370003
pk-hfad-1_irrigation.landmarks-mediapipe-world.csv,pk-hfad-1_irrigation,371,-1
pk-hfad-1_irrigation.landmarks-mediapipe-world.csv,pk-hfad-1_irrigation,371,371011
pk-hfad-1_irrigation.landmarks-mediapipe-world.csv,pk-hfad-1_irrigation,371,371010
pk-hfad-1_irrigation.landmarks-mediapipe-world.csv,pk-hfad-1_irrigation,371,371002
pk-hfad-1_irrigation.landmarks-mediapipe-world.csv,pk-hfad-1_irrigation,371,371008
pk-hfad-1_irrigation.landmarks-mediapipe-world.csv,pk-hfad-1_irrigation,371,371004
pk-hfad-1_irrigation.landmarks-mediapipe-world.csv,pk-hfad-1_irrigation,371,371005
pk-hfad-1_irrigation.landmarks-mediapipe-world.csv,pk-hfad-1_irrigation,371,371007
pk-hfad-1_is.landmarks-mediapipe-world.csv,pk-hfad-1_is,372,-1
pk-hfad-1_is.landmarks-mediapipe-world.csv,pk-hfad-1_is,372,372002
pk-hfad-1_is.landmarks-mediapipe-world.csv,pk-hfad-1_is,372,372001
pk-hfad-1_is.landmarks-mediapipe-world.csv,pk-hfad-1_is,372,372004
pk-hfad-1_is.landmarks-mediapipe-world.csv,pk-hfad-1_is,372,372003
pk-hfad-1_is.landmarks-mediapipe-world.csv,pk-hfad-1_is,372,372007
pk-hfad-1_is.landmarks-mediapipe-world.csv,pk-hfad-1_is,372,372009
pk-hfad-1_is.landmarks-mediapipe-world.csv,pk-hfad-1_is,372,372008
pk-hfad-1_isha.landmarks-mediapipe-world.csv,pk-hfad-1_isha,373,-1
pk-hfad-1_isha.landmarks-mediapipe-world.csv,pk-hfad-1_isha,373,373001
pk-hfad-1_isha.landmarks-mediapipe-world.csv,pk-hfad-1_isha,373,373003
pk-hfad-1_isha.landmarks-mediapipe-world.csv,pk-hfad-1_isha,373,373007
pk-hfad-1_isha.landmarks-mediapipe-world.csv,pk-hfad-1_isha,373,373006
pk-hfad-1_isha.landmarks-mediapipe-world.csv,pk-hfad-1_isha,373,373004
pk-hfad-1_isha.landmarks-mediapipe-world.csv,pk-hfad-1_isha,373,373002
pk-hfad-1_isha.landmarks-mediapipe-world.csv,pk-hfad-1_isha,373,373011
pk-hfad-1_islamabad.landmarks-mediapipe-world.csv,pk-hfad-1_islamabad,374,-1
pk-hfad-1_islamabad.landmarks-mediapipe-world.csv,pk-hfad-1_islamabad,374,374002
pk-hfad-1_islamabad.landmarks-mediapipe-world.csv,pk-hfad-1_islamabad,374,374001
pk-hfad-1_islamabad.landmarks-mediapipe-world.csv,pk-hfad-1_islamabad,374,374008
pk-hfad-1_islamabad.landmarks-mediapipe-world.csv,pk-hfad-1_islamabad,374,374007
pk-hfad-1_islamabad.landmarks-mediapipe-world.csv,pk-hfad-1_islamabad,374,374005
pk-hfad-1_islamabad.landmarks-mediapipe-world.csv,pk-hfad-1_islamabad,374,374011
pk-hfad-1_islamabad.landmarks-mediapipe-world.csv,pk-hfad-1_islamabad,374,374006
pk-hfad-1_islamiat.landmarks-mediapipe-world.csv,pk-hfad-1_islamiat,375,-1
pk-hfad-1_islamiat.landmarks-mediapipe-world.csv,pk-hfad-1_islamiat,375,375009
pk-hfad-1_islamiat.landmarks-mediapipe-world.csv,pk-hfad-1_islamiat,375,375005
pk-hfad-1_islamiat.landmarks-mediapipe-world.csv,pk-hfad-1_islamiat,375,375002
pk-hfad-1_islamiat.landmarks-mediapipe-world.csv,pk-hfad-1_islamiat,375,375001
pk-hfad-1_islamiat.landmarks-mediapipe-world.csv,pk-hfad-1_islamiat,375,375010
pk-hfad-1_islamiat.landmarks-mediapipe-world.csv,pk-hfad-1_islamiat,375,375007
pk-hfad-1_islamiat.landmarks-mediapipe-world.csv,pk-hfad-1_islamiat,375,375003
pk-hfad-1_it.landmarks-mediapipe-world.csv,pk-hfad-1_it,376,-1
pk-hfad-1_it.landmarks-mediapipe-world.csv,pk-hfad-1_it,376,376011
pk-hfad-1_it.landmarks-mediapipe-world.csv,pk-hfad-1_it,376,376006
pk-hfad-1_it.landmarks-mediapipe-world.csv,pk-hfad-1_it,376,376009
pk-hfad-1_it.landmarks-mediapipe-world.csv,pk-hfad-1_it,376,376002
pk-hfad-1_it.landmarks-mediapipe-world.csv,pk-hfad-1_it,376,376010
pk-hfad-1_it.landmarks-mediapipe-world.csv,pk-hfad-1_it,376,376007
pk-hfad-1_it.landmarks-mediapipe-world.csv,pk-hfad-1_it,376,376004
pk-hfad-1_j(double-handed-letter).landmarks-mediapipe-world.csv,pk-hfad-1_j(double-handed-letter),377,-1
pk-hfad-1_j(double-handed-letter).landmarks-mediapipe-world.csv,pk-hfad-1_j(double-handed-letter),377,377011
pk-hfad-1_j(double-handed-letter).landmarks-mediapipe-world.csv,pk-hfad-1_j(double-handed-letter),377,377005
pk-hfad-1_j(double-handed-letter).landmarks-mediapipe-world.csv,pk-hfad-1_j(double-handed-letter),377,377003
pk-hfad-1_j(double-handed-letter).landmarks-mediapipe-world.csv,pk-hfad-1_j(double-handed-letter),377,377001
pk-hfad-1_j(double-handed-letter).landmarks-mediapipe-world.csv,pk-hfad-1_j(double-handed-letter),377,377002
pk-hfad-1_j(double-handed-letter).landmarks-mediapipe-world.csv,pk-hfad-1_j(double-handed-letter),377,377010
pk-hfad-1_j(double-handed-letter).landmarks-mediapipe-world.csv,pk-hfad-1_j(double-handed-letter),377,377008
pk-hfad-1_j(single-handed-letter).landmarks-mediapipe-world.csv,pk-hfad-1_j(single-handed-letter),378,-1
pk-hfad-1_j(single-handed-letter).landmarks-mediapipe-world.csv,pk-hfad-1_j(single-handed-letter),378,378008
pk-hfad-1_j(single-handed-letter).landmarks-mediapipe-world.csv,pk-hfad-1_j(single-handed-letter),378,378011
pk-hfad-1_j(single-handed-letter).landmarks-mediapipe-world.csv,pk-hfad-1_j(single-handed-letter),378,378010
pk-hfad-1_j(single-handed-letter).landmarks-mediapipe-world.csv,pk-hfad-1_j(single-handed-letter),378,378004
pk-hfad-1_j(single-handed-letter).landmarks-mediapipe-world.csv,pk-hfad-1_j(single-handed-letter),378,378005
pk-hfad-1_j(single-handed-letter).landmarks-mediapipe-world.csv,pk-hfad-1_j(single-handed-letter),378,378009
pk-hfad-1_j(single-handed-letter).landmarks-mediapipe-world.csv,pk-hfad-1_j(single-handed-letter),378,378002
pk-hfad-1_jaein.landmarks-mediapipe-world.csv,pk-hfad-1_jaein,379,-1
pk-hfad-1_jaein.landmarks-mediapipe-world.csv,pk-hfad-1_jaein,379,379001
pk-hfad-1_jaein.landmarks-mediapipe-world.csv,pk-hfad-1_jaein,379,379010
pk-hfad-1_jaein.landmarks-mediapipe-world.csv,pk-hfad-1_jaein,379,379006
pk-hfad-1_jaein.landmarks-mediapipe-world.csv,pk-hfad-1_jaein,379,379004
pk-hfad-1_jaein.landmarks-mediapipe-world.csv,pk-hfad-1_jaein,379,379008
pk-hfad-1_jaein.landmarks-mediapipe-world.csv,pk-hfad-1_jaein,379,379005
pk-hfad-1_jaein.landmarks-mediapipe-world.csv,pk-hfad-1_jaein,379,379002
pk-hfad-1_jaey.landmarks-mediapipe-world.csv,pk-hfad-1_jaey,380,-1
pk-hfad-1_jaey.landmarks-mediapipe-world.csv,pk-hfad-1_jaey,380,380010
pk-hfad-1_jaey.landmarks-mediapipe-world.csv,pk-hfad-1_jaey,380,380011
pk-hfad-1_jaey.landmarks-mediapipe-world.csv,pk-hfad-1_jaey,380,380008
pk-hfad-1_jaey.landmarks-mediapipe-world.csv,pk-hfad-1_jaey,380,380009
pk-hfad-1_jaey.landmarks-mediapipe-world.csv,pk-hfad-1_jaey,380,380006
pk-hfad-1_jaey.landmarks-mediapipe-world.csv,pk-hfad-1_jaey,380,380004
pk-hfad-1_jaey.landmarks-mediapipe-world.csv,pk-hfad-1_jaey,380,380007
pk-hfad-1_jamun.landmarks-mediapipe-world.csv,pk-hfad-1_jamun,381,-1
pk-hfad-1_jamun.landmarks-mediapipe-world.csv,pk-hfad-1_jamun,381,381003
pk-hfad-1_jamun.landmarks-mediapipe-world.csv,pk-hfad-1_jamun,381,381001
pk-hfad-1_jamun.landmarks-mediapipe-world.csv,pk-hfad-1_jamun,381,381008
pk-hfad-1_jamun.landmarks-mediapipe-world.csv,pk-hfad-1_jamun,381,381004
pk-hfad-1_jamun.landmarks-mediapipe-world.csv,pk-hfad-1_jamun,381,381002
pk-hfad-1_jamun.landmarks-mediapipe-world.csv,pk-hfad-1_jamun,381,381010
pk-hfad-1_jamun.landmarks-mediapipe-world.csv,pk-hfad-1_jamun,381,381009
pk-hfad-1_january.landmarks-mediapipe-world.csv,pk-hfad-1_january,382,-1
pk-hfad-1_january.landmarks-mediapipe-world.csv,pk-hfad-1_january,382,382011
pk-hfad-1_january.landmarks-mediapipe-world.csv,pk-hfad-1_january,382,382002
pk-hfad-1_january.landmarks-mediapipe-world.csv,pk-hfad-1_january,382,382003
pk-hfad-1_january.landmarks-mediapipe-world.csv,pk-hfad-1_january,382,382005
pk-hfad-1_january.landmarks-mediapipe-world.csv,pk-hfad-1_january,382,382004
pk-hfad-1_january.landmarks-mediapipe-world.csv,pk-hfad-1_january,382,382001
pk-hfad-1_january.landmarks-mediapipe-world.csv,pk-hfad-1_january,382,382008
pk-hfad-1_jao.landmarks-mediapipe-world.csv,pk-hfad-1_jao,383,-1
pk-hfad-1_jao.landmarks-mediapipe-world.csv,pk-hfad-1_jao,383,383001
pk-hfad-1_jao.landmarks-mediapipe-world.csv,pk-hfad-1_jao,383,383006
pk-hfad-1_jao.landmarks-mediapipe-world.csv,pk-hfad-1_jao,383,383007
pk-hfad-1_jao.landmarks-mediapipe-world.csv,pk-hfad-1_jao,383,383004
pk-hfad-1_jao.landmarks-mediapipe-world.csv,pk-hfad-1_jao,383,383005
pk-hfad-1_jao.landmarks-mediapipe-world.csv,pk-hfad-1_jao,383,383009
pk-hfad-1_jao.landmarks-mediapipe-world.csv,pk-hfad-1_jao,383,383002
pk-hfad-1_japan.landmarks-mediapipe-world.csv,pk-hfad-1_japan,384,-1
pk-hfad-1_japan.landmarks-mediapipe-world.csv,pk-hfad-1_japan,384,384002
pk-hfad-1_japan.landmarks-mediapipe-world.csv,pk-hfad-1_japan,384,384004
pk-hfad-1_japan.landmarks-mediapipe-world.csv,pk-hfad-1_japan,384,384001
pk-hfad-1_japan.landmarks-mediapipe-world.csv,pk-hfad-1_japan,384,384010
pk-hfad-1_japan.landmarks-mediapipe-world.csv,pk-hfad-1_japan,384,384007
pk-hfad-1_japan.landmarks-mediapipe-world.csv,pk-hfad-1_japan,384,384006
pk-hfad-1_japan.landmarks-mediapipe-world.csv,pk-hfad-1_japan,384,384008
pk-hfad-1_jaun.landmarks-mediapipe-world.csv,pk-hfad-1_jaun,385,-1
pk-hfad-1_jaun.landmarks-mediapipe-world.csv,pk-hfad-1_jaun,385,385005
pk-hfad-1_jaun.landmarks-mediapipe-world.csv,pk-hfad-1_jaun,385,385003
pk-hfad-1_jaun.landmarks-mediapipe-world.csv,pk-hfad-1_jaun,385,385010
pk-hfad-1_jaun.landmarks-mediapipe-world.csv,pk-hfad-1_jaun,385,385007
pk-hfad-1_jaun.landmarks-mediapipe-world.csv,pk-hfad-1_jaun,385,385008
pk-hfad-1_jaun.landmarks-mediapipe-world.csv,pk-hfad-1_jaun,385,385004
pk-hfad-1_jaun.landmarks-mediapipe-world.csv,pk-hfad-1_jaun,385,385002
pk-hfad-1_jeans-pants.landmarks-mediapipe-world.csv,pk-hfad-1_jeans-pants,386,-1
pk-hfad-1_jeans-pants.landmarks-mediapipe-world.csv,pk-hfad-1_jeans-pants,386,386003
pk-hfad-1_jeans-pants.landmarks-mediapipe-world.csv,pk-hfad-1_jeans-pants,386,386009
pk-hfad-1_jeans-pants.landmarks-mediapipe-world.csv,pk-hfad-1_jeans-pants,386,386011
pk-hfad-1_jeans-pants.landmarks-mediapipe-world.csv,pk-hfad-1_jeans-pants,386,386006
pk-hfad-1_jeans-pants.landmarks-mediapipe-world.csv,pk-hfad-1_jeans-pants,386,386008
pk-hfad-1_jeans-pants.landmarks-mediapipe-world.csv,pk-hfad-1_jeans-pants,386,386005
pk-hfad-1_jeans-pants.landmarks-mediapipe-world.csv,pk-hfad-1_jeans-pants,386,386001
pk-hfad-1_jeem.landmarks-mediapipe-world.csv,pk-hfad-1_jeem,387,-1
pk-hfad-1_jeem.landmarks-mediapipe-world.csv,pk-hfad-1_jeem,387,387001
pk-hfad-1_jeem.landmarks-mediapipe-world.csv,pk-hfad-1_jeem,387,387011
pk-hfad-1_jeem.landmarks-mediapipe-world.csv,pk-hfad-1_jeem,387,387008
pk-hfad-1_jeem.landmarks-mediapipe-world.csv,pk-hfad-1_jeem,387,387006
pk-hfad-1_jeem.landmarks-mediapipe-world.csv,pk-hfad-1_jeem,387,387010
pk-hfad-1_jeem.landmarks-mediapipe-world.csv,pk-hfad-1_jeem,387,387005
pk-hfad-1_jeem.landmarks-mediapipe-world.csv,pk-hfad-1_jeem,387,387009
pk-hfad-1_jhelum.landmarks-mediapipe-world.csv,pk-hfad-1_jhelum,388,-1
pk-hfad-1_jhelum.landmarks-mediapipe-world.csv,pk-hfad-1_jhelum,388,388004
pk-hfad-1_jhelum.landmarks-mediapipe-world.csv,pk-hfad-1_jhelum,388,388010
pk-hfad-1_jhelum.landmarks-mediapipe-world.csv,pk-hfad-1_jhelum,388,388005
pk-hfad-1_jhelum.landmarks-mediapipe-world.csv,pk-hfad-1_jhelum,388,388009
pk-hfad-1_jhelum.landmarks-mediapipe-world.csv,pk-hfad-1_jhelum,388,388011
pk-hfad-1_jhelum.landmarks-mediapipe-world.csv,pk-hfad-1_jhelum,388,388001
pk-hfad-1_jhelum.landmarks-mediapipe-world.csv,pk-hfad-1_jhelum,388,388007
pk-hfad-1_jihad.landmarks-mediapipe-world.csv,pk-hfad-1_jihad,389,-1
pk-hfad-1_jihad.landmarks-mediapipe-world.csv,pk-hfad-1_jihad,389,389009
pk-hfad-1_jihad.landmarks-mediapipe-world.csv,pk-hfad-1_jihad,389,389011
pk-hfad-1_jihad.landmarks-mediapipe-world.csv,pk-hfad-1_jihad,389,389004
pk-hfad-1_jihad.landmarks-mediapipe-world.csv,pk-hfad-1_jihad,389,389002
pk-hfad-1_jihad.landmarks-mediapipe-world.csv,pk-hfad-1_jihad,389,389008
pk-hfad-1_jihad.landmarks-mediapipe-world.csv,pk-hfad-1_jihad,389,389010
pk-hfad-1_jihad.landmarks-mediapipe-world.csv,pk-hfad-1_jihad,389,389003
pk-hfad-1_joke.landmarks-mediapipe-world.csv,pk-hfad-1_joke,390,-1
pk-hfad-1_joke.landmarks-mediapipe-world.csv,pk-hfad-1_joke,390,390003
pk-hfad-1_joke.landmarks-mediapipe-world.csv,pk-hfad-1_joke,390,390005
pk-hfad-1_joke.landmarks-mediapipe-world.csv,pk-hfad-1_joke,390,390002
pk-hfad-1_joke.landmarks-mediapipe-world.csv,pk-hfad-1_joke,390,390009
pk-hfad-1_joke.landmarks-mediapipe-world.csv,pk-hfad-1_joke,390,390001
pk-hfad-1_joke.landmarks-mediapipe-world.csv,pk-hfad-1_joke,390,390007
pk-hfad-1_joke.landmarks-mediapipe-world.csv,pk-hfad-1_joke,390,390008
pk-hfad-1_judge(noun).landmarks-mediapipe-world.csv,pk-hfad-1_judge(noun),391,-1
pk-hfad-1_judge(noun).landmarks-mediapipe-world.csv,pk-hfad-1_judge(noun),391,391006
pk-hfad-1_judge(noun).landmarks-mediapipe-world.csv,pk-hfad-1_judge(noun),391,391005
pk-hfad-1_judge(noun).landmarks-mediapipe-world.csv,pk-hfad-1_judge(noun),391,391010
pk-hfad-1_judge(noun).landmarks-mediapipe-world.csv,pk-hfad-1_judge(noun),391,391008
pk-hfad-1_judge(noun).landmarks-mediapipe-world.csv,pk-hfad-1_judge(noun),391,391004
pk-hfad-1_judge(noun).landmarks-mediapipe-world.csv,pk-hfad-1_judge(noun),391,391009
pk-hfad-1_judge(noun).landmarks-mediapipe-world.csv,pk-hfad-1_judge(noun),391,391011
pk-hfad-1_juice.landmarks-mediapipe-world.csv,pk-hfad-1_juice,392,-1
pk-hfad-1_juice.landmarks-mediapipe-world.csv,pk-hfad-1_juice,392,392005
pk-hfad-1_juice.landmarks-mediapipe-world.csv,pk-hfad-1_juice,392,392001
pk-hfad-1_juice.landmarks-mediapipe-world.csv,pk-hfad-1_juice,392,392007
pk-hfad-1_juice.landmarks-mediapipe-world.csv,pk-hfad-1_juice,392,392004
pk-hfad-1_juice.landmarks-mediapipe-world.csv,pk-hfad-1_juice,392,392008
pk-hfad-1_juice.landmarks-mediapipe-world.csv,pk-hfad-1_juice,392,392002
pk-hfad-1_juice.landmarks-mediapipe-world.csv,pk-hfad-1_juice,392,392009
pk-hfad-1_july.landmarks-mediapipe-world.csv,pk-hfad-1_july,393,-1
pk-hfad-1_july.landmarks-mediapipe-world.csv,pk-hfad-1_july,393,393001
pk-hfad-1_july.landmarks-mediapipe-world.csv,pk-hfad-1_july,393,393007
pk-hfad-1_july.landmarks-mediapipe-world.csv,pk-hfad-1_july,393,393005
pk-hfad-1_july.landmarks-mediapipe-world.csv,pk-hfad-1_july,393,393003
pk-hfad-1_july.landmarks-mediapipe-world.csv,pk-hfad-1_july,393,393006
pk-hfad-1_july.landmarks-mediapipe-world.csv,pk-hfad-1_july,393,393008
pk-hfad-1_july.landmarks-mediapipe-world.csv,pk-hfad-1_july,393,393011
pk-hfad-1_june.landmarks-mediapipe-world.csv,pk-hfad-1_june,394,-1
pk-hfad-1_june.landmarks-mediapipe-world.csv,pk-hfad-1_june,394,394010
pk-hfad-1_june.landmarks-mediapipe-world.csv,pk-hfad-1_june,394,394004
pk-hfad-1_june.landmarks-mediapipe-world.csv,pk-hfad-1_june,394,394005
pk-hfad-1_june.landmarks-mediapipe-world.csv,pk-hfad-1_june,394,394006
pk-hfad-1_june.landmarks-mediapipe-world.csv,pk-hfad-1_june,394,394009
pk-hfad-1_june.landmarks-mediapipe-world.csv,pk-hfad-1_june,394,394001
pk-hfad-1_june.landmarks-mediapipe-world.csv,pk-hfad-1_june,394,394003
pk-hfad-1_jungle.landmarks-mediapipe-world.csv,pk-hfad-1_jungle,395,-1
pk-hfad-1_jungle.landmarks-mediapipe-world.csv,pk-hfad-1_jungle,395,395010
pk-hfad-1_jungle.landmarks-mediapipe-world.csv,pk-hfad-1_jungle,395,395005
pk-hfad-1_jungle.landmarks-mediapipe-world.csv,pk-hfad-1_jungle,395,395003
pk-hfad-1_jungle.landmarks-mediapipe-world.csv,pk-hfad-1_jungle,395,395008
pk-hfad-1_jungle.landmarks-mediapipe-world.csv,pk-hfad-1_jungle,395,395002
pk-hfad-1_jungle.landmarks-mediapipe-world.csv,pk-hfad-1_jungle,395,395009
pk-hfad-1_jungle.landmarks-mediapipe-world.csv,pk-hfad-1_jungle,395,395007
pk-hfad-1_k(double-handed-letter).landmarks-mediapipe-world.csv,pk-hfad-1_k(double-handed-letter),396,-1
pk-hfad-1_k(double-handed-letter).landmarks-mediapipe-world.csv,pk-hfad-1_k(double-handed-letter),396,396001
pk-hfad-1_k(double-handed-letter).landmarks-mediapipe-world.csv,pk-hfad-1_k(double-handed-letter),396,396007
pk-hfad-1_k(double-handed-letter).landmarks-mediapipe-world.csv,pk-hfad-1_k(double-handed-letter),396,396010
pk-hfad-1_k(double-handed-letter).landmarks-mediapipe-world.csv,pk-hfad-1_k(double-handed-letter),396,396002
pk-hfad-1_k(double-handed-letter).landmarks-mediapipe-world.csv,pk-hfad-1_k(double-handed-letter),396,396004
pk-hfad-1_k(double-handed-letter).landmarks-mediapipe-world.csv,pk-hfad-1_k(double-handed-letter),396,396006
pk-hfad-1_k(double-handed-letter).landmarks-mediapipe-world.csv,pk-hfad-1_k(double-handed-letter),396,396005
pk-hfad-1_k(single-handed-letter).landmarks-mediapipe-world.csv,pk-hfad-1_k(single-handed-letter),397,-1
pk-hfad-1_k(single-handed-letter).landmarks-mediapipe-world.csv,pk-hfad-1_k(single-handed-letter),397,397004
pk-hfad-1_k(single-handed-letter).landmarks-mediapipe-world.csv,pk-hfad-1_k(single-handed-letter),397,397003
pk-hfad-1_k(single-handed-letter).landmarks-mediapipe-world.csv,pk-hfad-1_k(single-handed-letter),397,397011
pk-hfad-1_k(single-handed-letter).landmarks-mediapipe-world.csv,pk-hfad-1_k(single-handed-letter),397,397010
pk-hfad-1_k(single-handed-letter).landmarks-mediapipe-world.csv,pk-hfad-1_k(single-handed-letter),397,397006
pk-hfad-1_k(single-handed-letter).landmarks-mediapipe-world.csv,pk-hfad-1_k(single-handed-letter),397,397009
pk-hfad-1_k(single-handed-letter).landmarks-mediapipe-world.csv,pk-hfad-1_k(single-handed-letter),397,397007
pk-hfad-1_ka.landmarks-mediapipe-world.csv,pk-hfad-1_ka,398,-1
pk-hfad-1_ka.landmarks-mediapipe-world.csv,pk-hfad-1_ka,398,398005
pk-hfad-1_ka.landmarks-mediapipe-world.csv,pk-hfad-1_ka,398,398008
pk-hfad-1_ka.landmarks-mediapipe-world.csv,pk-hfad-1_ka,398,398010
pk-hfad-1_ka.landmarks-mediapipe-world.csv,pk-hfad-1_ka,398,398002
pk-hfad-1_ka.landmarks-mediapipe-world.csv,pk-hfad-1_ka,398,398001
pk-hfad-1_ka.landmarks-mediapipe-world.csv,pk-hfad-1_ka,398,398009
pk-hfad-1_ka.landmarks-mediapipe-world.csv,pk-hfad-1_ka,398,398011
pk-hfad-1_kalma-chowk.landmarks-mediapipe-world.csv,pk-hfad-1_kalma-chowk,399,-1
pk-hfad-1_kalma-chowk.landmarks-mediapipe-world.csv,pk-hfad-1_kalma-chowk,399,399003
pk-hfad-1_kalma-chowk.landmarks-mediapipe-world.csv,pk-hfad-1_kalma-chowk,399,399007
pk-hfad-1_kalma-chowk.landmarks-mediapipe-world.csv,pk-hfad-1_kalma-chowk,399,399002
pk-hfad-1_kalma-chowk.landmarks-mediapipe-world.csv,pk-hfad-1_kalma-chowk,399,399011
pk-hfad-1_kalma-chowk.landmarks-mediapipe-world.csv,pk-hfad-1_kalma-chowk,399,399010
pk-hfad-1_kalma-chowk.landmarks-mediapipe-world.csv,pk-hfad-1_kalma-chowk,399,399004
pk-hfad-1_kalma-chowk.landmarks-mediapipe-world.csv,pk-hfad-1_kalma-chowk,399,399009
pk-hfad-1_kalmah.landmarks-mediapipe-world.csv,pk-hfad-1_kalmah,400,-1
pk-hfad-1_kalmah.landmarks-mediapipe-world.csv,pk-hfad-1_kalmah,400,400010
pk-hfad-1_kalmah.landmarks-mediapipe-world.csv,pk-hfad-1_kalmah,400,400005
pk-hfad-1_kalmah.landmarks-mediapipe-world.csv,pk-hfad-1_kalmah,400,400001
pk-hfad-1_kalmah.landmarks-mediapipe-world.csv,pk-hfad-1_kalmah,400,400009
pk-hfad-1_kalmah.landmarks-mediapipe-world.csv,pk-hfad-1_kalmah,400,400006
pk-hfad-1_kalmah.landmarks-mediapipe-world.csv,pk-hfad-1_kalmah,400,400011
pk-hfad-1_kalmah.landmarks-mediapipe-world.csv,pk-hfad-1_kalmah,400,400002
pk-hfad-1_kameez.landmarks-mediapipe-world.csv,pk-hfad-1_kameez,401,-1
pk-hfad-1_kameez.landmarks-mediapipe-world.csv,pk-hfad-1_kameez,401,401006
pk-hfad-1_kameez.landmarks-mediapipe-world.csv,pk-hfad-1_kameez,401,401011
pk-hfad-1_kameez.landmarks-mediapipe-world.csv,pk-hfad-1_kameez,401,401007
pk-hfad-1_kameez.landmarks-mediapipe-world.csv,pk-hfad-1_kameez,401,401009
pk-hfad-1_kameez.landmarks-mediapipe-world.csv,pk-hfad-1_kameez,401,401010
pk-hfad-1_kameez.landmarks-mediapipe-world.csv,pk-hfad-1_kameez,401,401001
pk-hfad-1_kameez.landmarks-mediapipe-world.csv,pk-hfad-1_kameez,401,401003
pk-hfad-1_kebab.landmarks-mediapipe-world.csv,pk-hfad-1_kebab,402,-1
pk-hfad-1_kebab.landmarks-mediapipe-world.csv,pk-hfad-1_kebab,402,402002
pk-hfad-1_kebab.landmarks-mediapipe-world.csv,pk-hfad-1_kebab,402,402011
pk-hfad-1_kebab.landmarks-mediapipe-world.csv,pk-hfad-1_kebab,402,402003
pk-hfad-1_kebab.landmarks-mediapipe-world.csv,pk-hfad-1_kebab,402,402008
pk-hfad-1_kebab.landmarks-mediapipe-world.csv,pk-hfad-1_kebab,402,402007
pk-hfad-1_kebab.landmarks-mediapipe-world.csv,pk-hfad-1_kebab,402,402004
pk-hfad-1_kebab.landmarks-mediapipe-world.csv,pk-hfad-1_kebab,402,402001
pk-hfad-1_kesa.landmarks-mediapipe-world.csv,pk-hfad-1_kesa,403,-1
pk-hfad-1_kesa.landmarks-mediapipe-world.csv,pk-hfad-1_kesa,403,403001
pk-hfad-1_kesa.landmarks-mediapipe-world.csv,pk-hfad-1_kesa,403,403010
pk-hfad-1_kesa.landmarks-mediapipe-world.csv,pk-hfad-1_kesa,403,403011
pk-hfad-1_kesa.landmarks-mediapipe-world.csv,pk-hfad-1_kesa,403,403003
pk-hfad-1_kesa.landmarks-mediapipe-world.csv,pk-hfad-1_kesa,403,403004
pk-hfad-1_kesa.landmarks-mediapipe-world.csv,pk-hfad-1_kesa,403,403008
pk-hfad-1_kesa.landmarks-mediapipe-world.csv,pk-hfad-1_kesa,403,403005
pk-hfad-1_kesi.landmarks-mediapipe-world.csv,pk-hfad-1_kesi,404,-1
pk-hfad-1_kesi.landmarks-mediapipe-world.csv,pk-hfad-1_kesi,404,404008
pk-hfad-1_kesi.landmarks-mediapipe-world.csv,pk-hfad-1_kesi,404,404006
pk-hfad-1_kesi.landmarks-mediapipe-world.csv,pk-hfad-1_kesi,404,404007
pk-hfad-1_kesi.landmarks-mediapipe-world.csv,pk-hfad-1_kesi,404,404001
pk-hfad-1_kesi.landmarks-mediapipe-world.csv,pk-hfad-1_kesi,404,404003
pk-hfad-1_kesi.landmarks-mediapipe-world.csv,pk-hfad-1_kesi,404,404011
pk-hfad-1_kesi.landmarks-mediapipe-world.csv,pk-hfad-1_kesi,404,404010
pk-hfad-1_kesy.landmarks-mediapipe-world.csv,pk-hfad-1_kesy,405,-1
pk-hfad-1_kesy.landmarks-mediapipe-world.csv,pk-hfad-1_kesy,405,405003
pk-hfad-1_kesy.landmarks-mediapipe-world.csv,pk-hfad-1_kesy,405,405007
pk-hfad-1_kesy.landmarks-mediapipe-world.csv,pk-hfad-1_kesy,405,405010
pk-hfad-1_kesy.landmarks-mediapipe-world.csv,pk-hfad-1_kesy,405,405009
pk-hfad-1_kesy.landmarks-mediapipe-world.csv,pk-hfad-1_kesy,405,405008
pk-hfad-1_kesy.landmarks-mediapipe-world.csv,pk-hfad-1_kesy,405,405006
pk-hfad-1_kesy.landmarks-mediapipe-world.csv,pk-hfad-1_kesy,405,405001
pk-hfad-1_khalh.landmarks-mediapipe-world.csv,pk-hfad-1_khalh,406,-1
pk-hfad-1_khalh.landmarks-mediapipe-world.csv,pk-hfad-1_khalh,406,406003
pk-hfad-1_khalh.landmarks-mediapipe-world.csv,pk-hfad-1_khalh,406,406004
pk-hfad-1_khalh.landmarks-mediapipe-world.csv,pk-hfad-1_khalh,406,406001
pk-hfad-1_khalh.landmarks-mediapipe-world.csv,pk-hfad-1_khalh,406,406008
pk-hfad-1_khalh.landmarks-mediapipe-world.csv,pk-hfad-1_khalh,406,406007
pk-hfad-1_khalh.landmarks-mediapipe-world.csv,pk-hfad-1_khalh,406,406002
pk-hfad-1_khalh.landmarks-mediapipe-world.csv,pk-hfad-1_khalh,406,406005
pk-hfad-1_khalu.landmarks-mediapipe-world.csv,pk-hfad-1_khalu,407,-1
pk-hfad-1_khalu.landmarks-mediapipe-world.csv,pk-hfad-1_khalu,407,407006
pk-hfad-1_khalu.landmarks-mediapipe-world.csv,pk-hfad-1_khalu,407,407003
pk-hfad-1_khalu.landmarks-mediapipe-world.csv,pk-hfad-1_khalu,407,407005
pk-hfad-1_khalu.landmarks-mediapipe-world.csv,pk-hfad-1_khalu,407,407001
pk-hfad-1_khalu.landmarks-mediapipe-world.csv,pk-hfad-1_khalu,407,407010
pk-hfad-1_khalu.landmarks-mediapipe-world.csv,pk-hfad-1_khalu,407,407002
pk-hfad-1_khalu.landmarks-mediapipe-world.csv,pk-hfad-1_khalu,407,407009
pk-hfad-1_khhey.landmarks-mediapipe-world.csv,pk-hfad-1_khhey,408,-1
pk-hfad-1_khhey.landmarks-mediapipe-world.csv,pk-hfad-1_khhey,408,408007
pk-hfad-1_khhey.landmarks-mediapipe-world.csv,pk-hfad-1_khhey,408,408002
pk-hfad-1_khhey.landmarks-mediapipe-world.csv,pk-hfad-1_khhey,408,408004
pk-hfad-1_khhey.landmarks-mediapipe-world.csv,pk-hfad-1_khhey,408,408011
pk-hfad-1_khhey.landmarks-mediapipe-world.csv,pk-hfad-1_khhey,408,408006
pk-hfad-1_khhey.landmarks-mediapipe-world.csv,pk-hfad-1_khhey,408,408005
pk-hfad-1_khhey.landmarks-mediapipe-world.csv,pk-hfad-1_khhey,408,408009
pk-hfad-1_khyber-pakhtunkhwa.landmarks-mediapipe-world.csv,pk-hfad-1_khyber-pakhtunkhwa,409,-1
pk-hfad-1_khyber-pakhtunkhwa.landmarks-mediapipe-world.csv,pk-hfad-1_khyber-pakhtunkhwa,409,409009
pk-hfad-1_khyber-pakhtunkhwa.landmarks-mediapipe-world.csv,pk-hfad-1_khyber-pakhtunkhwa,409,409004
pk-hfad-1_khyber-pakhtunkhwa.landmarks-mediapipe-world.csv,pk-hfad-1_khyber-pakhtunkhwa,409,409007
pk-hfad-1_khyber-pakhtunkhwa.landmarks-mediapipe-world.csv,pk-hfad-1_khyber-pakhtunkhwa,409,409006
pk-hfad-1_khyber-pakhtunkhwa.landmarks-mediapipe-world.csv,pk-hfad-1_khyber-pakhtunkhwa,409,409002
pk-hfad-1_khyber-pakhtunkhwa.landmarks-mediapipe-world.csv,pk-hfad-1_khyber-pakhtunkhwa,409,409010
pk-hfad-1_khyber-pakhtunkhwa.landmarks-mediapipe-world.csv,pk-hfad-1_khyber-pakhtunkhwa,409,409011
pk-hfad-1_krein.landmarks-mediapipe-world.csv,pk-hfad-1_krein,410,-1
pk-hfad-1_krein.landmarks-mediapipe-world.csv,pk-hfad-1_krein,410,410003
pk-hfad-1_krein.landmarks-mediapipe-world.csv,pk-hfad-1_krein,410,410004
pk-hfad-1_krein.landmarks-mediapipe-world.csv,pk-hfad-1_krein,410,410009
pk-hfad-1_krein.landmarks-mediapipe-world.csv,pk-hfad-1_krein,410,410005
pk-hfad-1_krein.landmarks-mediapipe-world.csv,pk-hfad-1_krein,410,410008
pk-hfad-1_krein.landmarks-mediapipe-world.csv,pk-hfad-1_krein,410,410001
pk-hfad-1_krein.landmarks-mediapipe-world.csv,pk-hfad-1_krein,410,410011
pk-hfad-1_kro.landmarks-mediapipe-world.csv,pk-hfad-1_kro,411,-1
pk-hfad-1_kro.landmarks-mediapipe-world.csv,pk-hfad-1_kro,411,411003
pk-hfad-1_kro.landmarks-mediapipe-world.csv,pk-hfad-1_kro,411,411001
pk-hfad-1_kro.landmarks-mediapipe-world.csv,pk-hfad-1_kro,411,411005
pk-hfad-1_kro.landmarks-mediapipe-world.csv,pk-hfad-1_kro,411,411011
pk-hfad-1_kro.landmarks-mediapipe-world.csv,pk-hfad-1_kro,411,411009
pk-hfad-1_kro.landmarks-mediapipe-world.csv,pk-hfad-1_kro,411,411007
pk-hfad-1_kro.landmarks-mediapipe-world.csv,pk-hfad-1_kro,411,411008
pk-hfad-1_krty(do).landmarks-mediapipe-world.csv,pk-hfad-1_krty(do),412,-1
pk-hfad-1_krty(do).landmarks-mediapipe-world.csv,pk-hfad-1_krty(do),412,412011
pk-hfad-1_krty(do).landmarks-mediapipe-world.csv,pk-hfad-1_krty(do),412,412006
pk-hfad-1_krty(do).landmarks-mediapipe-world.csv,pk-hfad-1_krty(do),412,412009
pk-hfad-1_krty(do).landmarks-mediapipe-world.csv,pk-hfad-1_krty(do),412,412004
pk-hfad-1_krty(do).landmarks-mediapipe-world.csv,pk-hfad-1_krty(do),412,412003
pk-hfad-1_krty(do).landmarks-mediapipe-world.csv,pk-hfad-1_krty(do),412,412010
pk-hfad-1_krty(do).landmarks-mediapipe-world.csv,pk-hfad-1_krty(do),412,412008
pk-hfad-1_krun.landmarks-mediapipe-world.csv,pk-hfad-1_krun,413,-1
pk-hfad-1_krun.landmarks-mediapipe-world.csv,pk-hfad-1_krun,413,413002
pk-hfad-1_krun.landmarks-mediapipe-world.csv,pk-hfad-1_krun,413,413008
pk-hfad-1_krun.landmarks-mediapipe-world.csv,pk-hfad-1_krun,413,413004
pk-hfad-1_krun.landmarks-mediapipe-world.csv,pk-hfad-1_krun,413,413009
pk-hfad-1_krun.landmarks-mediapipe-world.csv,pk-hfad-1_krun,413,413001
pk-hfad-1_krun.landmarks-mediapipe-world.csv,pk-hfad-1_krun,413,413006
pk-hfad-1_krun.landmarks-mediapipe-world.csv,pk-hfad-1_krun,413,413011
pk-hfad-1_kry.landmarks-mediapipe-world.csv,pk-hfad-1_kry,414,-1
pk-hfad-1_kry.landmarks-mediapipe-world.csv,pk-hfad-1_kry,414,414001
pk-hfad-1_kry.landmarks-mediapipe-world.csv,pk-hfad-1_kry,414,414008
pk-hfad-1_kry.landmarks-mediapipe-world.csv,pk-hfad-1_kry,414,414004
pk-hfad-1_kry.landmarks-mediapipe-world.csv,pk-hfad-1_kry,414,414005
pk-hfad-1_kry.landmarks-mediapipe-world.csv,pk-hfad-1_kry,414,414007
pk-hfad-1_kry.landmarks-mediapipe-world.csv,pk-hfad-1_kry,414,414009
pk-hfad-1_kry.landmarks-mediapipe-world.csv,pk-hfad-1_kry,414,414011
pk-hfad-1_kuwait.landmarks-mediapipe-world.csv,pk-hfad-1_kuwait,415,-1
pk-hfad-1_kuwait.landmarks-mediapipe-world.csv,pk-hfad-1_kuwait,415,415009
pk-hfad-1_kuwait.landmarks-mediapipe-world.csv,pk-hfad-1_kuwait,415,415002
pk-hfad-1_kuwait.landmarks-mediapipe-world.csv,pk-hfad-1_kuwait,415,415005
pk-hfad-1_kuwait.landmarks-mediapipe-world.csv,pk-hfad-1_kuwait,415,415010
pk-hfad-1_kuwait.landmarks-mediapipe-world.csv,pk-hfad-1_kuwait,415,415011
pk-hfad-1_kuwait.landmarks-mediapipe-world.csv,pk-hfad-1_kuwait,415,415007
pk-hfad-1_kuwait.landmarks-mediapipe-world.csv,pk-hfad-1_kuwait,415,415006
pk-hfad-1_l(single-handed-letter).landmarks-mediapipe-world.csv,pk-hfad-1_l(single-handed-letter),416,-1
pk-hfad-1_l(single-handed-letter).landmarks-mediapipe-world.csv,pk-hfad-1_l(single-handed-letter),416,416003
pk-hfad-1_l(single-handed-letter).landmarks-mediapipe-world.csv,pk-hfad-1_l(single-handed-letter),416,416001
pk-hfad-1_l(single-handed-letter).landmarks-mediapipe-world.csv,pk-hfad-1_l(single-handed-letter),416,416008
pk-hfad-1_l(single-handed-letter).landmarks-mediapipe-world.csv,pk-hfad-1_l(single-handed-letter),416,416010
pk-hfad-1_l(single-handed-letter).landmarks-mediapipe-world.csv,pk-hfad-1_l(single-handed-letter),416,416006
pk-hfad-1_l(single-handed-letter).landmarks-mediapipe-world.csv,pk-hfad-1_l(single-handed-letter),416,416011
pk-hfad-1_l(single-handed-letter).landmarks-mediapipe-world.csv,pk-hfad-1_l(single-handed-letter),416,416007
pk-hfad-1_laborer.landmarks-mediapipe-world.csv,pk-hfad-1_laborer,417,-1
pk-hfad-1_laborer.landmarks-mediapipe-world.csv,pk-hfad-1_laborer,417,417006
pk-hfad-1_laborer.landmarks-mediapipe-world.csv,pk-hfad-1_laborer,417,417001
pk-hfad-1_laborer.landmarks-mediapipe-world.csv,pk-hfad-1_laborer,417,417009
pk-hfad-1_laborer.landmarks-mediapipe-world.csv,pk-hfad-1_laborer,417,417010
pk-hfad-1_laborer.landmarks-mediapipe-world.csv,pk-hfad-1_laborer,417,417002
pk-hfad-1_laborer.landmarks-mediapipe-world.csv,pk-hfad-1_laborer,417,417004
pk-hfad-1_laborer.landmarks-mediapipe-world.csv,pk-hfad-1_laborer,417,417008
pk-hfad-1_lahore.landmarks-mediapipe-world.csv,pk-hfad-1_lahore,418,-1
pk-hfad-1_lahore.landmarks-mediapipe-world.csv,pk-hfad-1_lahore,418,418005
pk-hfad-1_lahore.landmarks-mediapipe-world.csv,pk-hfad-1_lahore,418,418009
pk-hfad-1_lahore.landmarks-mediapipe-world.csv,pk-hfad-1_lahore,418,418003
pk-hfad-1_lahore.landmarks-mediapipe-world.csv,pk-hfad-1_lahore,418,418004
pk-hfad-1_lahore.landmarks-mediapipe-world.csv,pk-hfad-1_lahore,418,418008
pk-hfad-1_lahore.landmarks-mediapipe-world.csv,pk-hfad-1_lahore,418,418011
pk-hfad-1_lahore.landmarks-mediapipe-world.csv,pk-hfad-1_lahore,418,418001
pk-hfad-1_law.landmarks-mediapipe-world.csv,pk-hfad-1_law,419,-1
pk-hfad-1_law.landmarks-mediapipe-world.csv,pk-hfad-1_law,419,419004
pk-hfad-1_law.landmarks-mediapipe-world.csv,pk-hfad-1_law,419,419002
pk-hfad-1_law.landmarks-mediapipe-world.csv,pk-hfad-1_law,419,419006
pk-hfad-1_law.landmarks-mediapipe-world.csv,pk-hfad-1_law,419,419009
pk-hfad-1_law.landmarks-mediapipe-world.csv,pk-hfad-1_law,419,419011
pk-hfad-1_law.landmarks-mediapipe-world.csv,pk-hfad-1_law,419,419001
pk-hfad-1_law.landmarks-mediapipe-world.csv,pk-hfad-1_law,419,419005
pk-hfad-1_lawyer.landmarks-mediapipe-world.csv,pk-hfad-1_lawyer,420,-1
pk-hfad-1_lawyer.landmarks-mediapipe-world.csv,pk-hfad-1_lawyer,420,420005
pk-hfad-1_lawyer.landmarks-mediapipe-world.csv,pk-hfad-1_lawyer,420,420003
pk-hfad-1_lawyer.landmarks-mediapipe-world.csv,pk-hfad-1_lawyer,420,420011
pk-hfad-1_lawyer.landmarks-mediapipe-world.csv,pk-hfad-1_lawyer,420,420004
pk-hfad-1_lawyer.landmarks-mediapipe-world.csv,pk-hfad-1_lawyer,420,420008
pk-hfad-1_lawyer.landmarks-mediapipe-world.csv,pk-hfad-1_lawyer,420,420002
pk-hfad-1_lawyer.landmarks-mediapipe-world.csv,pk-hfad-1_lawyer,420,420009
pk-hfad-1_lazy.landmarks-mediapipe-world.csv,pk-hfad-1_lazy,421,-1
pk-hfad-1_lazy.landmarks-mediapipe-world.csv,pk-hfad-1_lazy,421,421011
pk-hfad-1_lazy.landmarks-mediapipe-world.csv,pk-hfad-1_lazy,421,421008
pk-hfad-1_lazy.landmarks-mediapipe-world.csv,pk-hfad-1_lazy,421,421003
pk-hfad-1_lazy.landmarks-mediapipe-world.csv,pk-hfad-1_lazy,421,421006
pk-hfad-1_lazy.landmarks-mediapipe-world.csv,pk-hfad-1_lazy,421,421001
pk-hfad-1_lazy.landmarks-mediapipe-world.csv,pk-hfad-1_lazy,421,421007
pk-hfad-1_lazy.landmarks-mediapipe-world.csv,pk-hfad-1_lazy,421,421009
pk-hfad-1_lemon.landmarks-mediapipe-world.csv,pk-hfad-1_lemon,422,-1
pk-hfad-1_lemon.landmarks-mediapipe-world.csv,pk-hfad-1_lemon,422,422008
pk-hfad-1_lemon.landmarks-mediapipe-world.csv,pk-hfad-1_lemon,422,422005
pk-hfad-1_lemon.landmarks-mediapipe-world.csv,pk-hfad-1_lemon,422,422002
pk-hfad-1_lemon.landmarks-mediapipe-world.csv,pk-hfad-1_lemon,422,422010
pk-hfad-1_lemon.landmarks-mediapipe-world.csv,pk-hfad-1_lemon,422,422011
pk-hfad-1_lemon.landmarks-mediapipe-world.csv,pk-hfad-1_lemon,422,422006
pk-hfad-1_lemon.landmarks-mediapipe-world.csv,pk-hfad-1_lemon,422,422004
pk-hfad-1_lentil.landmarks-mediapipe-world.csv,pk-hfad-1_lentil,423,-1
pk-hfad-1_lentil.landmarks-mediapipe-world.csv,pk-hfad-1_lentil,423,423010
pk-hfad-1_lentil.landmarks-mediapipe-world.csv,pk-hfad-1_lentil,423,423009
pk-hfad-1_lentil.landmarks-mediapipe-world.csv,pk-hfad-1_lentil,423,423005
pk-hfad-1_lentil.landmarks-mediapipe-world.csv,pk-hfad-1_lentil,423,423011
pk-hfad-1_lentil.landmarks-mediapipe-world.csv,pk-hfad-1_lentil,423,423003
pk-hfad-1_lentil.landmarks-mediapipe-world.csv,pk-hfad-1_lentil,423,423001
pk-hfad-1_lentil.landmarks-mediapipe-world.csv,pk-hfad-1_lentil,423,423004
pk-hfad-1_liberty(place).landmarks-mediapipe-world.csv,pk-hfad-1_liberty(place),424,-1
pk-hfad-1_liberty(place).landmarks-mediapipe-world.csv,pk-hfad-1_liberty(place),424,424008
pk-hfad-1_liberty(place).landmarks-mediapipe-world.csv,pk-hfad-1_liberty(place),424,424010
pk-hfad-1_liberty(place).landmarks-mediapipe-world.csv,pk-hfad-1_liberty(place),424,424001
pk-hfad-1_liberty(place).landmarks-mediapipe-world.csv,pk-hfad-1_liberty(place),424,424011
pk-hfad-1_liberty(place).landmarks-mediapipe-world.csv,pk-hfad-1_liberty(place),424,424002
pk-hfad-1_liberty(place).landmarks-mediapipe-world.csv,pk-hfad-1_liberty(place),424,424004
pk-hfad-1_liberty(place).landmarks-mediapipe-world.csv,pk-hfad-1_liberty(place),424,424006
pk-hfad-1_library.landmarks-mediapipe-world.csv,pk-hfad-1_library,425,-1
pk-hfad-1_library.landmarks-mediapipe-world.csv,pk-hfad-1_library,425,425007
pk-hfad-1_library.landmarks-mediapipe-world.csv,pk-hfad-1_library,425,425008
pk-hfad-1_library.landmarks-mediapipe-world.csv,pk-hfad-1_library,425,425003
pk-hfad-1_library.landmarks-mediapipe-world.csv,pk-hfad-1_library,425,425005
pk-hfad-1_library.landmarks-mediapipe-world.csv,pk-hfad-1_library,425,425009
pk-hfad-1_library.landmarks-mediapipe-world.csv,pk-hfad-1_library,425,425001
pk-hfad-1_library.landmarks-mediapipe-world.csv,pk-hfad-1_library,425,425010
pk-hfad-1_limestone.landmarks-mediapipe-world.csv,pk-hfad-1_limestone,426,-1
pk-hfad-1_limestone.landmarks-mediapipe-world.csv,pk-hfad-1_limestone,426,426010
pk-hfad-1_limestone.landmarks-mediapipe-world.csv,pk-hfad-1_limestone,426,426002
pk-hfad-1_limestone.landmarks-mediapipe-world.csv,pk-hfad-1_limestone,426,426009
pk-hfad-1_limestone.landmarks-mediapipe-world.csv,pk-hfad-1_limestone,426,426001
pk-hfad-1_limestone.landmarks-mediapipe-world.csv,pk-hfad-1_limestone,426,426004
pk-hfad-1_limestone.landmarks-mediapipe-world.csv,pk-hfad-1_limestone,426,426008
pk-hfad-1_limestone.landmarks-mediapipe-world.csv,pk-hfad-1_limestone,426,426007
pk-hfad-1_lion.landmarks-mediapipe-world.csv,pk-hfad-1_lion,427,-1
pk-hfad-1_lion.landmarks-mediapipe-world.csv,pk-hfad-1_lion,427,427010
pk-hfad-1_lion.landmarks-mediapipe-world.csv,pk-hfad-1_lion,427,427004
pk-hfad-1_lion.landmarks-mediapipe-world.csv,pk-hfad-1_lion,427,427011
pk-hfad-1_lion.landmarks-mediapipe-world.csv,pk-hfad-1_lion,427,427007
pk-hfad-1_lion.landmarks-mediapipe-world.csv,pk-hfad-1_lion,427,427009
pk-hfad-1_lion.landmarks-mediapipe-world.csv,pk-hfad-1_lion,427,427002
pk-hfad-1_lion.landmarks-mediapipe-world.csv,pk-hfad-1_lion,427,427005
pk-hfad-1_liy(for).landmarks-mediapipe-world.csv,pk-hfad-1_liy(for),428,-1
pk-hfad-1_liy(for).landmarks-mediapipe-world.csv,pk-hfad-1_liy(for),428,428007
pk-hfad-1_liy(for).landmarks-mediapipe-world.csv,pk-hfad-1_liy(for),428,428008
pk-hfad-1_liy(for).landmarks-mediapipe-world.csv,pk-hfad-1_liy(for),428,428003
pk-hfad-1_liy(for).landmarks-mediapipe-world.csv,pk-hfad-1_liy(for),428,428001
pk-hfad-1_liy(for).landmarks-mediapipe-world.csv,pk-hfad-1_liy(for),428,428002
pk-hfad-1_liy(for).landmarks-mediapipe-world.csv,pk-hfad-1_liy(for),428,428010
pk-hfad-1_liy(for).landmarks-mediapipe-world.csv,pk-hfad-1_liy(for),428,428004
pk-hfad-1_loan.landmarks-mediapipe-world.csv,pk-hfad-1_loan,429,-1
pk-hfad-1_loan.landmarks-mediapipe-world.csv,pk-hfad-1_loan,429,429009
pk-hfad-1_loan.landmarks-mediapipe-world.csv,pk-hfad-1_loan,429,429007
pk-hfad-1_loan.landmarks-mediapipe-world.csv,pk-hfad-1_loan,429,429002
pk-hfad-1_loan.landmarks-mediapipe-world.csv,pk-hfad-1_loan,429,429001
pk-hfad-1_loan.landmarks-mediapipe-world.csv,pk-hfad-1_loan,429,429011
pk-hfad-1_loan.landmarks-mediapipe-world.csv,pk-hfad-1_loan,429,429003
pk-hfad-1_loan.landmarks-mediapipe-world.csv,pk-hfad-1_loan,429,429008
pk-hfad-1_m(double-handed-letter).landmarks-mediapipe-world.csv,pk-hfad-1_m(double-handed-letter),430,-1
pk-hfad-1_m(double-handed-letter).landmarks-mediapipe-world.csv,pk-hfad-1_m(double-handed-letter),430,430004
pk-hfad-1_m(double-handed-letter).landmarks-mediapipe-world.csv,pk-hfad-1_m(double-handed-letter),430,430006
pk-hfad-1_m(double-handed-letter).landmarks-mediapipe-world.csv,pk-hfad-1_m(double-handed-letter),430,430002
pk-hfad-1_m(double-handed-letter).landmarks-mediapipe-world.csv,pk-hfad-1_m(double-handed-letter),430,430003
pk-hfad-1_m(double-handed-letter).landmarks-mediapipe-world.csv,pk-hfad-1_m(double-handed-letter),430,430009
pk-hfad-1_m(double-handed-letter).landmarks-mediapipe-world.csv,pk-hfad-1_m(double-handed-letter),430,430011
pk-hfad-1_m(double-handed-letter).landmarks-mediapipe-world.csv,pk-hfad-1_m(double-handed-letter),430,430001
pk-hfad-1_m(single-handed-letter).landmarks-mediapipe-world.csv,pk-hfad-1_m(single-handed-letter),431,-1
pk-hfad-1_m(single-handed-letter).landmarks-mediapipe-world.csv,pk-hfad-1_m(single-handed-letter),431,431011
pk-hfad-1_m(single-handed-letter).landmarks-mediapipe-world.csv,pk-hfad-1_m(single-handed-letter),431,431008
pk-hfad-1_m(single-handed-letter).landmarks-mediapipe-world.csv,pk-hfad-1_m(single-handed-letter),431,431009
pk-hfad-1_m(single-handed-letter).landmarks-mediapipe-world.csv,pk-hfad-1_m(single-handed-letter),431,431007
pk-hfad-1_m(single-handed-letter).landmarks-mediapipe-world.csv,pk-hfad-1_m(single-handed-letter),431,431004
pk-hfad-1_m(single-handed-letter).landmarks-mediapipe-world.csv,pk-hfad-1_m(single-handed-letter),431,431001
pk-hfad-1_m(single-handed-letter).landmarks-mediapipe-world.csv,pk-hfad-1_m(single-handed-letter),431,431002
pk-hfad-1_maghrib.landmarks-mediapipe-world.csv,pk-hfad-1_maghrib,432,-1
pk-hfad-1_maghrib.landmarks-mediapipe-world.csv,pk-hfad-1_maghrib,432,432008
pk-hfad-1_maghrib.landmarks-mediapipe-world.csv,pk-hfad-1_maghrib,432,432004
pk-hfad-1_maghrib.landmarks-mediapipe-world.csv,pk-hfad-1_maghrib,432,432001
pk-hfad-1_maghrib.landmarks-mediapipe-world.csv,pk-hfad-1_maghrib,432,432007
pk-hfad-1_maghrib.landmarks-mediapipe-world.csv,pk-hfad-1_maghrib,432,432011
pk-hfad-1_maghrib.landmarks-mediapipe-world.csv,pk-hfad-1_maghrib,432,432009
pk-hfad-1_maghrib.landmarks-mediapipe-world.csv,pk-hfad-1_maghrib,432,432010
pk-hfad-1_make.landmarks-mediapipe-world.csv,pk-hfad-1_make,433,-1
pk-hfad-1_make.landmarks-mediapipe-world.csv,pk-hfad-1_make,433,433008
pk-hfad-1_make.landmarks-mediapipe-world.csv,pk-hfad-1_make,433,433005
pk-hfad-1_make.landmarks-mediapipe-world.csv,pk-hfad-1_make,433,433006
pk-hfad-1_make.landmarks-mediapipe-world.csv,pk-hfad-1_make,433,433001
pk-hfad-1_make.landmarks-mediapipe-world.csv,pk-hfad-1_make,433,433010
pk-hfad-1_make.landmarks-mediapipe-world.csv,pk-hfad-1_make,433,433002
pk-hfad-1_make.landmarks-mediapipe-world.csv,pk-hfad-1_make,433,433004
pk-hfad-1_male.landmarks-mediapipe-world.csv,pk-hfad-1_male,434,-1
pk-hfad-1_male.landmarks-mediapipe-world.csv,pk-hfad-1_male,434,434007
pk-hfad-1_male.landmarks-mediapipe-world.csv,pk-hfad-1_male,434,434006
pk-hfad-1_male.landmarks-mediapipe-world.csv,pk-hfad-1_male,434,434004
pk-hfad-1_male.landmarks-mediapipe-world.csv,pk-hfad-1_male,434,434005
pk-hfad-1_male.landmarks-mediapipe-world.csv,pk-hfad-1_male,434,434002
pk-hfad-1_male.landmarks-mediapipe-world.csv,pk-hfad-1_male,434,434001
pk-hfad-1_male.landmarks-mediapipe-world.csv,pk-hfad-1_male,434,434010
pk-hfad-1_mamon.landmarks-mediapipe-world.csv,pk-hfad-1_mamon,435,-1
pk-hfad-1_mamon.landmarks-mediapipe-world.csv,pk-hfad-1_mamon,435,435007
pk-hfad-1_mamon.landmarks-mediapipe-world.csv,pk-hfad-1_mamon,435,435001
pk-hfad-1_mamon.landmarks-mediapipe-world.csv,pk-hfad-1_mamon,435,435003
pk-hfad-1_mamon.landmarks-mediapipe-world.csv,pk-hfad-1_mamon,435,435010
pk-hfad-1_mamon.landmarks-mediapipe-world.csv,pk-hfad-1_mamon,435,435008
pk-hfad-1_mamon.landmarks-mediapipe-world.csv,pk-hfad-1_mamon,435,435011
pk-hfad-1_mamon.landmarks-mediapipe-world.csv,pk-hfad-1_mamon,435,435009
pk-hfad-1_mango.landmarks-mediapipe-world.csv,pk-hfad-1_mango,436,-1
pk-hfad-1_mango.landmarks-mediapipe-world.csv,pk-hfad-1_mango,436,436007
pk-hfad-1_mango.landmarks-mediapipe-world.csv,pk-hfad-1_mango,436,436006
pk-hfad-1_mango.landmarks-mediapipe-world.csv,pk-hfad-1_mango,436,436009
pk-hfad-1_mango.landmarks-mediapipe-world.csv,pk-hfad-1_mango,436,436002
pk-hfad-1_mango.landmarks-mediapipe-world.csv,pk-hfad-1_mango,436,436005
pk-hfad-1_mango.landmarks-mediapipe-world.csv,pk-hfad-1_mango,436,436011
pk-hfad-1_mango.landmarks-mediapipe-world.csv,pk-hfad-1_mango,436,436010
pk-hfad-1_march(month).landmarks-mediapipe-world.csv,pk-hfad-1_march(month),437,-1
pk-hfad-1_march(month).landmarks-mediapipe-world.csv,pk-hfad-1_march(month),437,437005
pk-hfad-1_march(month).landmarks-mediapipe-world.csv,pk-hfad-1_march(month),437,437011
pk-hfad-1_march(month).landmarks-mediapipe-world.csv,pk-hfad-1_march(month),437,437002
pk-hfad-1_march(month).landmarks-mediapipe-world.csv,pk-hfad-1_march(month),437,437001
pk-hfad-1_march(month).landmarks-mediapipe-world.csv,pk-hfad-1_march(month),437,437009
pk-hfad-1_march(month).landmarks-mediapipe-world.csv,pk-hfad-1_march(month),437,437010
pk-hfad-1_march(month).landmarks-mediapipe-world.csv,pk-hfad-1_march(month),437,437004
pk-hfad-1_market.landmarks-mediapipe-world.csv,pk-hfad-1_market,438,-1
pk-hfad-1_market.landmarks-mediapipe-world.csv,pk-hfad-1_market,438,438005
pk-hfad-1_market.landmarks-mediapipe-world.csv,pk-hfad-1_market,438,438001
pk-hfad-1_market.landmarks-mediapipe-world.csv,pk-hfad-1_market,438,438008
pk-hfad-1_market.landmarks-mediapipe-world.csv,pk-hfad-1_market,438,438002
pk-hfad-1_market.landmarks-mediapipe-world.csv,pk-hfad-1_market,438,438010
pk-hfad-1_market.landmarks-mediapipe-world.csv,pk-hfad-1_market,438,438004
pk-hfad-1_market.landmarks-mediapipe-world.csv,pk-hfad-1_market,438,438006
pk-hfad-1_masculine.landmarks-mediapipe-world.csv,pk-hfad-1_masculine,439,-1
pk-hfad-1_masculine.landmarks-mediapipe-world.csv,pk-hfad-1_masculine,439,439006
pk-hfad-1_masculine.landmarks-mediapipe-world.csv,pk-hfad-1_masculine,439,439002
pk-hfad-1_masculine.landmarks-mediapipe-world.csv,pk-hfad-1_masculine,439,439005
pk-hfad-1_masculine.landmarks-mediapipe-world.csv,pk-hfad-1_masculine,439,439003
pk-hfad-1_masculine.landmarks-mediapipe-world.csv,pk-hfad-1_masculine,439,439011
pk-hfad-1_masculine.landmarks-mediapipe-world.csv,pk-hfad-1_masculine,439,439009
pk-hfad-1_masculine.landmarks-mediapipe-world.csv,pk-hfad-1_masculine,439,439004
pk-hfad-1_maternal-grandfather.landmarks-mediapipe-world.csv,pk-hfad-1_maternal-grandfather,440,-1
pk-hfad-1_maternal-grandfather.landmarks-mediapipe-world.csv,pk-hfad-1_maternal-grandfather,440,440002
pk-hfad-1_maternal-grandfather.landmarks-mediapipe-world.csv,pk-hfad-1_maternal-grandfather,440,440001
pk-hfad-1_maternal-grandfather.landmarks-mediapipe-world.csv,pk-hfad-1_maternal-grandfather,440,440011
pk-hfad-1_maternal-grandfather.landmarks-mediapipe-world.csv,pk-hfad-1_maternal-grandfather,440,440006
pk-hfad-1_maternal-grandfather.landmarks-mediapipe-world.csv,pk-hfad-1_maternal-grandfather,440,440009
pk-hfad-1_maternal-grandfather.landmarks-mediapipe-world.csv,pk-hfad-1_maternal-grandfather,440,440005
pk-hfad-1_maternal-grandfather.landmarks-mediapipe-world.csv,pk-hfad-1_maternal-grandfather,440,440010
pk-hfad-1_maternal-grandmother.landmarks-mediapipe-world.csv,pk-hfad-1_maternal-grandmother,441,-1
pk-hfad-1_maternal-grandmother.landmarks-mediapipe-world.csv,pk-hfad-1_maternal-grandmother,441,441006
pk-hfad-1_maternal-grandmother.landmarks-mediapipe-world.csv,pk-hfad-1_maternal-grandmother,441,441010
pk-hfad-1_maternal-grandmother.landmarks-mediapipe-world.csv,pk-hfad-1_maternal-grandmother,441,441002
pk-hfad-1_maternal-grandmother.landmarks-mediapipe-world.csv,pk-hfad-1_maternal-grandmother,441,441008
pk-hfad-1_maternal-grandmother.landmarks-mediapipe-world.csv,pk-hfad-1_maternal-grandmother,441,441009
pk-hfad-1_maternal-grandmother.landmarks-mediapipe-world.csv,pk-hfad-1_maternal-grandmother,441,441007
pk-hfad-1_maternal-grandmother.landmarks-mediapipe-world.csv,pk-hfad-1_maternal-grandmother,441,441004
pk-hfad-1_may(month).landmarks-mediapipe-world.csv,pk-hfad-1_may(month),442,-1
pk-hfad-1_may(month).landmarks-mediapipe-world.csv,pk-hfad-1_may(month),442,442006
pk-hfad-1_may(month).landmarks-mediapipe-world.csv,pk-hfad-1_may(month),442,442008
pk-hfad-1_may(month).landmarks-mediapipe-world.csv,pk-hfad-1_may(month),442,442010
pk-hfad-1_may(month).landmarks-mediapipe-world.csv,pk-hfad-1_may(month),442,442001
pk-hfad-1_may(month).landmarks-mediapipe-world.csv,pk-hfad-1_may(month),442,442005
pk-hfad-1_may(month).landmarks-mediapipe-world.csv,pk-hfad-1_may(month),442,442009
pk-hfad-1_may(month).landmarks-mediapipe-world.csv,pk-hfad-1_may(month),442,442011
pk-hfad-1_me.landmarks-mediapipe-world.csv,pk-hfad-1_me,443,-1
pk-hfad-1_me.landmarks-mediapipe-world.csv,pk-hfad-1_me,443,443009
pk-hfad-1_me.landmarks-mediapipe-world.csv,pk-hfad-1_me,443,443006
pk-hfad-1_me.landmarks-mediapipe-world.csv,pk-hfad-1_me,443,443011
pk-hfad-1_me.landmarks-mediapipe-world.csv,pk-hfad-1_me,443,443004
pk-hfad-1_me.landmarks-mediapipe-world.csv,pk-hfad-1_me,443,443007
pk-hfad-1_me.landmarks-mediapipe-world.csv,pk-hfad-1_me,443,443001
pk-hfad-1_me.landmarks-mediapipe-world.csv,pk-hfad-1_me,443,443005
pk-hfad-1_medication.landmarks-mediapipe-world.csv,pk-hfad-1_medication,444,-1
pk-hfad-1_medication.landmarks-mediapipe-world.csv,pk-hfad-1_medication,444,444005
pk-hfad-1_medication.landmarks-mediapipe-world.csv,pk-hfad-1_medication,444,444003
pk-hfad-1_medication.landmarks-mediapipe-world.csv,pk-hfad-1_medication,444,444001
pk-hfad-1_medication.landmarks-mediapipe-world.csv,pk-hfad-1_medication,444,444011
pk-hfad-1_medication.landmarks-mediapipe-world.csv,pk-hfad-1_medication,444,444002
pk-hfad-1_medication.landmarks-mediapipe-world.csv,pk-hfad-1_medication,444,444006
pk-hfad-1_medication.landmarks-mediapipe-world.csv,pk-hfad-1_medication,444,444009
pk-hfad-1_meeting(noun).landmarks-mediapipe-world.csv,pk-hfad-1_meeting(noun),445,-1
pk-hfad-1_meeting(noun).landmarks-mediapipe-world.csv,pk-hfad-1_meeting(noun),445,445009
pk-hfad-1_meeting(noun).landmarks-mediapipe-world.csv,pk-hfad-1_meeting(noun),445,445002
pk-hfad-1_meeting(noun).landmarks-mediapipe-world.csv,pk-hfad-1_meeting(noun),445,445006
pk-hfad-1_meeting(noun).landmarks-mediapipe-world.csv,pk-hfad-1_meeting(noun),445,445007
pk-hfad-1_meeting(noun).landmarks-mediapipe-world.csv,pk-hfad-1_meeting(noun),445,445011
pk-hfad-1_meeting(noun).landmarks-mediapipe-world.csv,pk-hfad-1_meeting(noun),445,445005
pk-hfad-1_meeting(noun).landmarks-mediapipe-world.csv,pk-hfad-1_meeting(noun),445,445004
pk-hfad-1_melon.landmarks-mediapipe-world.csv,pk-hfad-1_melon,446,-1
pk-hfad-1_melon.landmarks-mediapipe-world.csv,pk-hfad-1_melon,446,446011
pk-hfad-1_melon.landmarks-mediapipe-world.csv,pk-hfad-1_melon,446,446008
pk-hfad-1_melon.landmarks-mediapipe-world.csv,pk-hfad-1_melon,446,446004
pk-hfad-1_melon.landmarks-mediapipe-world.csv,pk-hfad-1_melon,446,446007
pk-hfad-1_melon.landmarks-mediapipe-world.csv,pk-hfad-1_melon,446,446010
pk-hfad-1_melon.landmarks-mediapipe-world.csv,pk-hfad-1_melon,446,446006
pk-hfad-1_melon.landmarks-mediapipe-world.csv,pk-hfad-1_melon,446,446005
pk-hfad-1_mera.landmarks-mediapipe-world.csv,pk-hfad-1_mera,447,-1
pk-hfad-1_mera.landmarks-mediapipe-world.csv,pk-hfad-1_mera,447,447009
pk-hfad-1_mera.landmarks-mediapipe-world.csv,pk-hfad-1_mera,447,447001
pk-hfad-1_mera.landmarks-mediapipe-world.csv,pk-hfad-1_mera,447,447008
pk-hfad-1_mera.landmarks-mediapipe-world.csv,pk-hfad-1_mera,447,447010
pk-hfad-1_mera.landmarks-mediapipe-world.csv,pk-hfad-1_mera,447,447011
pk-hfad-1_mera.landmarks-mediapipe-world.csv,pk-hfad-1_mera,447,447005
pk-hfad-1_mera.landmarks-mediapipe-world.csv,pk-hfad-1_mera,447,447003
pk-hfad-1_mercy.landmarks-mediapipe-world.csv,pk-hfad-1_mercy,448,-1
pk-hfad-1_mercy.landmarks-mediapipe-world.csv,pk-hfad-1_mercy,448,448003
pk-hfad-1_mercy.landmarks-mediapipe-world.csv,pk-hfad-1_mercy,448,448009
pk-hfad-1_mercy.landmarks-mediapipe-world.csv,pk-hfad-1_mercy,448,448002
pk-hfad-1_mercy.landmarks-mediapipe-world.csv,pk-hfad-1_mercy,448,448001
pk-hfad-1_mercy.landmarks-mediapipe-world.csv,pk-hfad-1_mercy,448,448006
pk-hfad-1_mercy.landmarks-mediapipe-world.csv,pk-hfad-1_mercy,448,448005
pk-hfad-1_mercy.landmarks-mediapipe-world.csv,pk-hfad-1_mercy,448,448011
pk-hfad-1_meri.landmarks-mediapipe-world.csv,pk-hfad-1_meri,449,-1
pk-hfad-1_meri.landmarks-mediapipe-world.csv,pk-hfad-1_meri,449,449007
pk-hfad-1_meri.landmarks-mediapipe-world.csv,pk-hfad-1_meri,449,449009
pk-hfad-1_meri.landmarks-mediapipe-world.csv,pk-hfad-1_meri,449,449010
pk-hfad-1_meri.landmarks-mediapipe-world.csv,pk-hfad-1_meri,449,449002
pk-hfad-1_meri.landmarks-mediapipe-world.csv,pk-hfad-1_meri,449,449006
pk-hfad-1_meri.landmarks-mediapipe-world.csv,pk-hfad-1_meri,449,449011
pk-hfad-1_meri.landmarks-mediapipe-world.csv,pk-hfad-1_meri,449,449005
pk-hfad-1_mery.landmarks-mediapipe-world.csv,pk-hfad-1_mery,450,-1
pk-hfad-1_mery.landmarks-mediapipe-world.csv,pk-hfad-1_mery,450,450008
pk-hfad-1_mery.landmarks-mediapipe-world.csv,pk-hfad-1_mery,450,450006
pk-hfad-1_mery.landmarks-mediapipe-world.csv,pk-hfad-1_mery,450,450002
pk-hfad-1_mery.landmarks-mediapipe-world.csv,pk-hfad-1_mery,450,450004
pk-hfad-1_mery.landmarks-mediapipe-world.csv,pk-hfad-1_mery,450,450007
pk-hfad-1_mery.landmarks-mediapipe-world.csv,pk-hfad-1_mery,450,450011
pk-hfad-1_mery.landmarks-mediapipe-world.csv,pk-hfad-1_mery,450,450005
pk-hfad-1_meter-rod.landmarks-mediapipe-world.csv,pk-hfad-1_meter-rod,451,-1
pk-hfad-1_meter-rod.landmarks-mediapipe-world.csv,pk-hfad-1_meter-rod,451,451005
pk-hfad-1_meter-rod.landmarks-mediapipe-world.csv,pk-hfad-1_meter-rod,451,451006
pk-hfad-1_meter-rod.landmarks-mediapipe-world.csv,pk-hfad-1_meter-rod,451,451010
pk-hfad-1_meter-rod.landmarks-mediapipe-world.csv,pk-hfad-1_meter-rod,451,451008
pk-hfad-1_meter-rod.landmarks-mediapipe-world.csv,pk-hfad-1_meter-rod,451,451004
pk-hfad-1_meter-rod.landmarks-mediapipe-world.csv,pk-hfad-1_meter-rod,451,451009
pk-hfad-1_meter-rod.landmarks-mediapipe-world.csv,pk-hfad-1_meter-rod,451,451002
pk-hfad-1_middle.landmarks-mediapipe-world.csv,pk-hfad-1_middle,452,-1
pk-hfad-1_middle.landmarks-mediapipe-world.csv,pk-hfad-1_middle,452,452007
pk-hfad-1_middle.landmarks-mediapipe-world.csv,pk-hfad-1_middle,452,452008
pk-hfad-1_middle.landmarks-mediapipe-world.csv,pk-hfad-1_middle,452,452010
pk-hfad-1_middle.landmarks-mediapipe-world.csv,pk-hfad-1_middle,452,452011
pk-hfad-1_middle.landmarks-mediapipe-world.csv,pk-hfad-1_middle,452,452002
pk-hfad-1_middle.landmarks-mediapipe-world.csv,pk-hfad-1_middle,452,452001
pk-hfad-1_middle.landmarks-mediapipe-world.csv,pk-hfad-1_middle,452,452004
pk-hfad-1_milk.landmarks-mediapipe-world.csv,pk-hfad-1_milk,453,-1
pk-hfad-1_milk.landmarks-mediapipe-world.csv,pk-hfad-1_milk,453,453005
pk-hfad-1_milk.landmarks-mediapipe-world.csv,pk-hfad-1_milk,453,453008
pk-hfad-1_milk.landmarks-mediapipe-world.csv,pk-hfad-1_milk,453,453007
pk-hfad-1_milk.landmarks-mediapipe-world.csv,pk-hfad-1_milk,453,453010
pk-hfad-1_milk.landmarks-mediapipe-world.csv,pk-hfad-1_milk,453,453011
pk-hfad-1_milk.landmarks-mediapipe-world.csv,pk-hfad-1_milk,453,453006
pk-hfad-1_milk.landmarks-mediapipe-world.csv,pk-hfad-1_milk,453,453001
pk-hfad-1_minar-e-pakistan.landmarks-mediapipe-world.csv,pk-hfad-1_minar-e-pakistan,454,-1
pk-hfad-1_minar-e-pakistan.landmarks-mediapipe-world.csv,pk-hfad-1_minar-e-pakistan,454,454008
pk-hfad-1_minar-e-pakistan.landmarks-mediapipe-world.csv,pk-hfad-1_minar-e-pakistan,454,454009
pk-hfad-1_minar-e-pakistan.landmarks-mediapipe-world.csv,pk-hfad-1_minar-e-pakistan,454,454006
pk-hfad-1_minar-e-pakistan.landmarks-mediapipe-world.csv,pk-hfad-1_minar-e-pakistan,454,454007
pk-hfad-1_minar-e-pakistan.landmarks-mediapipe-world.csv,pk-hfad-1_minar-e-pakistan,454,454003
pk-hfad-1_minar-e-pakistan.landmarks-mediapipe-world.csv,pk-hfad-1_minar-e-pakistan,454,454002
pk-hfad-1_minar-e-pakistan.landmarks-mediapipe-world.csv,pk-hfad-1_minar-e-pakistan,454,454011
pk-hfad-1_minute(unit-of-time).landmarks-mediapipe-world.csv,pk-hfad-1_minute(unit-of-time),455,-1
pk-hfad-1_minute(unit-of-time).landmarks-mediapipe-world.csv,pk-hfad-1_minute(unit-of-time),455,455001
pk-hfad-1_minute(unit-of-time).landmarks-mediapipe-world.csv,pk-hfad-1_minute(unit-of-time),455,455002
pk-hfad-1_minute(unit-of-time).landmarks-mediapipe-world.csv,pk-hfad-1_minute(unit-of-time),455,455008
pk-hfad-1_minute(unit-of-time).landmarks-mediapipe-world.csv,pk-hfad-1_minute(unit-of-time),455,455003
pk-hfad-1_minute(unit-of-time).landmarks-mediapipe-world.csv,pk-hfad-1_minute(unit-of-time),455,455004
pk-hfad-1_minute(unit-of-time).landmarks-mediapipe-world.csv,pk-hfad-1_minute(unit-of-time),455,455005
pk-hfad-1_minute(unit-of-time).landmarks-mediapipe-world.csv,pk-hfad-1_minute(unit-of-time),455,455007
pk-hfad-1_miser.landmarks-mediapipe-world.csv,pk-hfad-1_miser,456,-1
pk-hfad-1_miser.landmarks-mediapipe-world.csv,pk-hfad-1_miser,456,456006
pk-hfad-1_miser.landmarks-mediapipe-world.csv,pk-hfad-1_miser,456,456009
pk-hfad-1_miser.landmarks-mediapipe-world.csv,pk-hfad-1_miser,456,456004
pk-hfad-1_miser.landmarks-mediapipe-world.csv,pk-hfad-1_miser,456,456011
pk-hfad-1_miser.landmarks-mediapipe-world.csv,pk-hfad-1_miser,456,456010
pk-hfad-1_miser.landmarks-mediapipe-world.csv,pk-hfad-1_miser,456,456003
pk-hfad-1_miser.landmarks-mediapipe-world.csv,pk-hfad-1_miser,456,456002
pk-hfad-1_mmani.landmarks-mediapipe-world.csv,pk-hfad-1_mmani,457,-1
pk-hfad-1_mmani.landmarks-mediapipe-world.csv,pk-hfad-1_mmani,457,457004
pk-hfad-1_mmani.landmarks-mediapipe-world.csv,pk-hfad-1_mmani,457,457003
pk-hfad-1_mmani.landmarks-mediapipe-world.csv,pk-hfad-1_mmani,457,457002
pk-hfad-1_mmani.landmarks-mediapipe-world.csv,pk-hfad-1_mmani,457,457010
pk-hfad-1_mmani.landmarks-mediapipe-world.csv,pk-hfad-1_mmani,457,457006
pk-hfad-1_mmani.landmarks-mediapipe-world.csv,pk-hfad-1_mmani,457,457011
pk-hfad-1_mmani.landmarks-mediapipe-world.csv,pk-hfad-1_mmani,457,457005
pk-hfad-1_monitor(prefect).landmarks-mediapipe-world.csv,pk-hfad-1_monitor(prefect),458,-1
pk-hfad-1_monitor(prefect).landmarks-mediapipe-world.csv,pk-hfad-1_monitor(prefect),458,458003
pk-hfad-1_monitor(prefect).landmarks-mediapipe-world.csv,pk-hfad-1_monitor(prefect),458,458002
pk-hfad-1_monitor(prefect).landmarks-mediapipe-world.csv,pk-hfad-1_monitor(prefect),458,458009
pk-hfad-1_monitor(prefect).landmarks-mediapipe-world.csv,pk-hfad-1_monitor(prefect),458,458001
pk-hfad-1_monitor(prefect).landmarks-mediapipe-world.csv,pk-hfad-1_monitor(prefect),458,458006
pk-hfad-1_monitor(prefect).landmarks-mediapipe-world.csv,pk-hfad-1_monitor(prefect),458,458004
pk-hfad-1_monitor(prefect).landmarks-mediapipe-world.csv,pk-hfad-1_monitor(prefect),458,458011
pk-hfad-1_monkey.landmarks-mediapipe-world.csv,pk-hfad-1_monkey,459,-1
pk-hfad-1_monkey.landmarks-mediapipe-world.csv,pk-hfad-1_monkey,459,459011
pk-hfad-1_monkey.landmarks-mediapipe-world.csv,pk-hfad-1_monkey,459,459007
pk-hfad-1_monkey.landmarks-mediapipe-world.csv,pk-hfad-1_monkey,459,459001
pk-hfad-1_monkey.landmarks-mediapipe-world.csv,pk-hfad-1_monkey,459,459005
pk-hfad-1_monkey.landmarks-mediapipe-world.csv,pk-hfad-1_monkey,459,459002
pk-hfad-1_monkey.landmarks-mediapipe-world.csv,pk-hfad-1_monkey,459,459004
pk-hfad-1_monkey.landmarks-mediapipe-world.csv,pk-hfad-1_monkey,459,459008
pk-hfad-1_monotheism.landmarks-mediapipe-world.csv,pk-hfad-1_monotheism,460,-1
pk-hfad-1_monotheism.landmarks-mediapipe-world.csv,pk-hfad-1_monotheism,460,460003
pk-hfad-1_monotheism.landmarks-mediapipe-world.csv,pk-hfad-1_monotheism,460,460006
pk-hfad-1_monotheism.landmarks-mediapipe-world.csv,pk-hfad-1_monotheism,460,460009
pk-hfad-1_monotheism.landmarks-mediapipe-world.csv,pk-hfad-1_monotheism,460,460005
pk-hfad-1_monotheism.landmarks-mediapipe-world.csv,pk-hfad-1_monotheism,460,460011
pk-hfad-1_monotheism.landmarks-mediapipe-world.csv,pk-hfad-1_monotheism,460,460004
pk-hfad-1_monotheism.landmarks-mediapipe-world.csv,pk-hfad-1_monotheism,460,460010
pk-hfad-1_month.landmarks-mediapipe-world.csv,pk-hfad-1_month,461,-1
pk-hfad-1_month.landmarks-mediapipe-world.csv,pk-hfad-1_month,461,461008
pk-hfad-1_month.landmarks-mediapipe-world.csv,pk-hfad-1_month,461,461010
pk-hfad-1_month.landmarks-mediapipe-world.csv,pk-hfad-1_month,461,461006
pk-hfad-1_month.landmarks-mediapipe-world.csv,pk-hfad-1_month,461,461001
pk-hfad-1_month.landmarks-mediapipe-world.csv,pk-hfad-1_month,461,461011
pk-hfad-1_month.landmarks-mediapipe-world.csv,pk-hfad-1_month,461,461009
pk-hfad-1_month.landmarks-mediapipe-world.csv,pk-hfad-1_month,461,461007
pk-hfad-1_moon.landmarks-mediapipe-world.csv,pk-hfad-1_moon,462,-1
pk-hfad-1_moon.landmarks-mediapipe-world.csv,pk-hfad-1_moon,462,462004
pk-hfad-1_moon.landmarks-mediapipe-world.csv,pk-hfad-1_moon,462,462001
pk-hfad-1_moon.landmarks-mediapipe-world.csv,pk-hfad-1_moon,462,462008
pk-hfad-1_moon.landmarks-mediapipe-world.csv,pk-hfad-1_moon,462,462005
pk-hfad-1_moon.landmarks-mediapipe-world.csv,pk-hfad-1_moon,462,462009
pk-hfad-1_moon.landmarks-mediapipe-world.csv,pk-hfad-1_moon,462,462010
pk-hfad-1_moon.landmarks-mediapipe-world.csv,pk-hfad-1_moon,462,462011
pk-hfad-1_morning.landmarks-mediapipe-world.csv,pk-hfad-1_morning,463,-1
pk-hfad-1_morning.landmarks-mediapipe-world.csv,pk-hfad-1_morning,463,463005
pk-hfad-1_morning.landmarks-mediapipe-world.csv,pk-hfad-1_morning,463,463004
pk-hfad-1_morning.landmarks-mediapipe-world.csv,pk-hfad-1_morning,463,463007
pk-hfad-1_morning.landmarks-mediapipe-world.csv,pk-hfad-1_morning,463,463003
pk-hfad-1_morning.landmarks-mediapipe-world.csv,pk-hfad-1_morning,463,463002
pk-hfad-1_morning.landmarks-mediapipe-world.csv,pk-hfad-1_morning,463,463001
pk-hfad-1_morning.landmarks-mediapipe-world.csv,pk-hfad-1_morning,463,463006
pk-hfad-1_mosque.landmarks-mediapipe-world.csv,pk-hfad-1_mosque,464,-1
pk-hfad-1_mosque.landmarks-mediapipe-world.csv,pk-hfad-1_mosque,464,464001
pk-hfad-1_mosque.landmarks-mediapipe-world.csv,pk-hfad-1_mosque,464,464003
pk-hfad-1_mosque.landmarks-mediapipe-world.csv,pk-hfad-1_mosque,464,464004
pk-hfad-1_mosque.landmarks-mediapipe-world.csv,pk-hfad-1_mosque,464,464007
pk-hfad-1_mosque.landmarks-mediapipe-world.csv,pk-hfad-1_mosque,464,464002
pk-hfad-1_mosque.landmarks-mediapipe-world.csv,pk-hfad-1_mosque,464,464010
pk-hfad-1_mosque.landmarks-mediapipe-world.csv,pk-hfad-1_mosque,464,464006
pk-hfad-1_mother.landmarks-mediapipe-world.csv,pk-hfad-1_mother,465,-1
pk-hfad-1_mother.landmarks-mediapipe-world.csv,pk-hfad-1_mother,465,465003
pk-hfad-1_mother.landmarks-mediapipe-world.csv,pk-hfad-1_mother,465,465010
pk-hfad-1_mother.landmarks-mediapipe-world.csv,pk-hfad-1_mother,465,465009
pk-hfad-1_mother.landmarks-mediapipe-world.csv,pk-hfad-1_mother,465,465005
pk-hfad-1_mother.landmarks-mediapipe-world.csv,pk-hfad-1_mother,465,465011
pk-hfad-1_mother.landmarks-mediapipe-world.csv,pk-hfad-1_mother,465,465002
pk-hfad-1_mother.landmarks-mediapipe-world.csv,pk-hfad-1_mother,465,465008
pk-hfad-1_motorcycle.landmarks-mediapipe-world.csv,pk-hfad-1_motorcycle,466,-1
pk-hfad-1_motorcycle.landmarks-mediapipe-world.csv,pk-hfad-1_motorcycle,466,466003
pk-hfad-1_motorcycle.landmarks-mediapipe-world.csv,pk-hfad-1_motorcycle,466,466011
pk-hfad-1_motorcycle.landmarks-mediapipe-world.csv,pk-hfad-1_motorcycle,466,466007
pk-hfad-1_motorcycle.landmarks-mediapipe-world.csv,pk-hfad-1_motorcycle,466,466009
pk-hfad-1_motorcycle.landmarks-mediapipe-world.csv,pk-hfad-1_motorcycle,466,466005
pk-hfad-1_motorcycle.landmarks-mediapipe-world.csv,pk-hfad-1_motorcycle,466,466001
pk-hfad-1_motorcycle.landmarks-mediapipe-world.csv,pk-hfad-1_motorcycle,466,466004
pk-hfad-1_mountain.landmarks-mediapipe-world.csv,pk-hfad-1_mountain,467,-1
pk-hfad-1_mountain.landmarks-mediapipe-world.csv,pk-hfad-1_mountain,467,467005
pk-hfad-1_mountain.landmarks-mediapipe-world.csv,pk-hfad-1_mountain,467,467006
pk-hfad-1_mountain.landmarks-mediapipe-world.csv,pk-hfad-1_mountain,467,467009
pk-hfad-1_mountain.landmarks-mediapipe-world.csv,pk-hfad-1_mountain,467,467002
pk-hfad-1_mountain.landmarks-mediapipe-world.csv,pk-hfad-1_mountain,467,467008
pk-hfad-1_mountain.landmarks-mediapipe-world.csv,pk-hfad-1_mountain,467,467011
pk-hfad-1_mountain.landmarks-mediapipe-world.csv,pk-hfad-1_mountain,467,467003
pk-hfad-1_movie.landmarks-mediapipe-world.csv,pk-hfad-1_movie,468,-1
pk-hfad-1_movie.landmarks-mediapipe-world.csv,pk-hfad-1_movie,468,468010
pk-hfad-1_movie.landmarks-mediapipe-world.csv,pk-hfad-1_movie,468,468009
pk-hfad-1_movie.landmarks-mediapipe-world.csv,pk-hfad-1_movie,468,468002
pk-hfad-1_movie.landmarks-mediapipe-world.csv,pk-hfad-1_movie,468,468004
pk-hfad-1_movie.landmarks-mediapipe-world.csv,pk-hfad-1_movie,468,468007
pk-hfad-1_movie.landmarks-mediapipe-world.csv,pk-hfad-1_movie,468,468006
pk-hfad-1_movie.landmarks-mediapipe-world.csv,pk-hfad-1_movie,468,468005
pk-hfad-1_multan.landmarks-mediapipe-world.csv,pk-hfad-1_multan,469,-1
pk-hfad-1_multan.landmarks-mediapipe-world.csv,pk-hfad-1_multan,469,469001
pk-hfad-1_multan.landmarks-mediapipe-world.csv,pk-hfad-1_multan,469,469011
pk-hfad-1_multan.landmarks-mediapipe-world.csv,pk-hfad-1_multan,469,469009
pk-hfad-1_multan.landmarks-mediapipe-world.csv,pk-hfad-1_multan,469,469004
pk-hfad-1_multan.landmarks-mediapipe-world.csv,pk-hfad-1_multan,469,469010
pk-hfad-1_multan.landmarks-mediapipe-world.csv,pk-hfad-1_multan,469,469008
pk-hfad-1_multan.landmarks-mediapipe-world.csv,pk-hfad-1_multan,469,469007
pk-hfad-1_murree.landmarks-mediapipe-world.csv,pk-hfad-1_murree,470,-1
pk-hfad-1_murree.landmarks-mediapipe-world.csv,pk-hfad-1_murree,470,470007
pk-hfad-1_murree.landmarks-mediapipe-world.csv,pk-hfad-1_murree,470,470006
pk-hfad-1_murree.landmarks-mediapipe-world.csv,pk-hfad-1_murree,470,470011
pk-hfad-1_murree.landmarks-mediapipe-world.csv,pk-hfad-1_murree,470,470008
pk-hfad-1_murree.landmarks-mediapipe-world.csv,pk-hfad-1_murree,470,470010
pk-hfad-1_murree.landmarks-mediapipe-world.csv,pk-hfad-1_murree,470,470005
pk-hfad-1_murree.landmarks-mediapipe-world.csv,pk-hfad-1_murree,470,470004
pk-hfad-1_museum.landmarks-mediapipe-world.csv,pk-hfad-1_museum,471,-1
pk-hfad-1_museum.landmarks-mediapipe-world.csv,pk-hfad-1_museum,471,471010
pk-hfad-1_museum.landmarks-mediapipe-world.csv,pk-hfad-1_museum,471,471007
pk-hfad-1_museum.landmarks-mediapipe-world.csv,pk-hfad-1_museum,471,471001
pk-hfad-1_museum.landmarks-mediapipe-world.csv,pk-hfad-1_museum,471,471003
pk-hfad-1_museum.landmarks-mediapipe-world.csv,pk-hfad-1_museum,471,471009
pk-hfad-1_museum.landmarks-mediapipe-world.csv,pk-hfad-1_museum,471,471006
pk-hfad-1_museum.landmarks-mediapipe-world.csv,pk-hfad-1_museum,471,471002
pk-hfad-1_muslim.landmarks-mediapipe-world.csv,pk-hfad-1_muslim,472,-1
pk-hfad-1_muslim.landmarks-mediapipe-world.csv,pk-hfad-1_muslim,472,472002
pk-hfad-1_muslim.landmarks-mediapipe-world.csv,pk-hfad-1_muslim,472,472007
pk-hfad-1_muslim.landmarks-mediapipe-world.csv,pk-hfad-1_muslim,472,472001
pk-hfad-1_muslim.landmarks-mediapipe-world.csv,pk-hfad-1_muslim,472,472010
pk-hfad-1_muslim.landmarks-mediapipe-world.csv,pk-hfad-1_muslim,472,472009
pk-hfad-1_muslim.landmarks-mediapipe-world.csv,pk-hfad-1_muslim,472,472003
pk-hfad-1_muslim.landmarks-mediapipe-world.csv,pk-hfad-1_muslim,472,472005
pk-hfad-1_n(double-handed-letter).landmarks-mediapipe-world.csv,pk-hfad-1_n(double-handed-letter),473,-1
pk-hfad-1_n(double-handed-letter).landmarks-mediapipe-world.csv,pk-hfad-1_n(double-handed-letter),473,473011
pk-hfad-1_n(double-handed-letter).landmarks-mediapipe-world.csv,pk-hfad-1_n(double-handed-letter),473,473009
pk-hfad-1_n(double-handed-letter).landmarks-mediapipe-world.csv,pk-hfad-1_n(double-handed-letter),473,473010
pk-hfad-1_n(double-handed-letter).landmarks-mediapipe-world.csv,pk-hfad-1_n(double-handed-letter),473,473002
pk-hfad-1_n(double-handed-letter).landmarks-mediapipe-world.csv,pk-hfad-1_n(double-handed-letter),473,473001
pk-hfad-1_n(double-handed-letter).landmarks-mediapipe-world.csv,pk-hfad-1_n(double-handed-letter),473,473006
pk-hfad-1_n(double-handed-letter).landmarks-mediapipe-world.csv,pk-hfad-1_n(double-handed-letter),473,473008
pk-hfad-1_n(single-handed-letter).landmarks-mediapipe-world.csv,pk-hfad-1_n(single-handed-letter),474,-1
pk-hfad-1_n(single-handed-letter).landmarks-mediapipe-world.csv,pk-hfad-1_n(single-handed-letter),474,474011
pk-hfad-1_n(single-handed-letter).landmarks-mediapipe-world.csv,pk-hfad-1_n(single-handed-letter),474,474010
pk-hfad-1_n(single-handed-letter).landmarks-mediapipe-world.csv,pk-hfad-1_n(single-handed-letter),474,474005
pk-hfad-1_n(single-handed-letter).landmarks-mediapipe-world.csv,pk-hfad-1_n(single-handed-letter),474,474003
pk-hfad-1_n(single-handed-letter).landmarks-mediapipe-world.csv,pk-hfad-1_n(single-handed-letter),474,474002
pk-hfad-1_n(single-handed-letter).landmarks-mediapipe-world.csv,pk-hfad-1_n(single-handed-letter),474,474007
pk-hfad-1_n(single-handed-letter).landmarks-mediapipe-world.csv,pk-hfad-1_n(single-handed-letter),474,474009
pk-hfad-1_naan.landmarks-mediapipe-world.csv,pk-hfad-1_naan,475,-1
pk-hfad-1_naan.landmarks-mediapipe-world.csv,pk-hfad-1_naan,475,475002
pk-hfad-1_naan.landmarks-mediapipe-world.csv,pk-hfad-1_naan,475,475011
pk-hfad-1_naan.landmarks-mediapipe-world.csv,pk-hfad-1_naan,475,475004
pk-hfad-1_naan.landmarks-mediapipe-world.csv,pk-hfad-1_naan,475,475007
pk-hfad-1_naan.landmarks-mediapipe-world.csv,pk-hfad-1_naan,475,475005
pk-hfad-1_naan.landmarks-mediapipe-world.csv,pk-hfad-1_naan,475,475008
pk-hfad-1_naan.landmarks-mediapipe-world.csv,pk-hfad-1_naan,475,475001
pk-hfad-1_name.landmarks-mediapipe-world.csv,pk-hfad-1_name,476,-1
pk-hfad-1_name.landmarks-mediapipe-world.csv,pk-hfad-1_name,476,476006
pk-hfad-1_name.landmarks-mediapipe-world.csv,pk-hfad-1_name,476,476007
pk-hfad-1_name.landmarks-mediapipe-world.csv,pk-hfad-1_name,476,476003
pk-hfad-1_name.landmarks-mediapipe-world.csv,pk-hfad-1_name,476,476005
pk-hfad-1_name.landmarks-mediapipe-world.csv,pk-hfad-1_name,476,476010
pk-hfad-1_name.landmarks-mediapipe-world.csv,pk-hfad-1_name,476,476004
pk-hfad-1_name.landmarks-mediapipe-world.csv,pk-hfad-1_name,476,476011
pk-hfad-1_nawab.landmarks-mediapipe-world.csv,pk-hfad-1_nawab,477,-1
pk-hfad-1_nawab.landmarks-mediapipe-world.csv,pk-hfad-1_nawab,477,477003
pk-hfad-1_nawab.landmarks-mediapipe-world.csv,pk-hfad-1_nawab,477,477009
pk-hfad-1_nawab.landmarks-mediapipe-world.csv,pk-hfad-1_nawab,477,477011
pk-hfad-1_nawab.landmarks-mediapipe-world.csv,pk-hfad-1_nawab,477,477007
pk-hfad-1_nawab.landmarks-mediapipe-world.csv,pk-hfad-1_nawab,477,477001
pk-hfad-1_nawab.landmarks-mediapipe-world.csv,pk-hfad-1_nawab,477,477002
pk-hfad-1_nawab.landmarks-mediapipe-world.csv,pk-hfad-1_nawab,477,477004
pk-hfad-1_near.landmarks-mediapipe-world.csv,pk-hfad-1_near,478,-1
pk-hfad-1_near.landmarks-mediapipe-world.csv,pk-hfad-1_near,478,478009
pk-hfad-1_near.landmarks-mediapipe-world.csv,pk-hfad-1_near,478,478011
pk-hfad-1_near.landmarks-mediapipe-world.csv,pk-hfad-1_near,478,478010
pk-hfad-1_near.landmarks-mediapipe-world.csv,pk-hfad-1_near,478,478006
pk-hfad-1_near.landmarks-mediapipe-world.csv,pk-hfad-1_near,478,478005
pk-hfad-1_near.landmarks-mediapipe-world.csv,pk-hfad-1_near,478,478007
pk-hfad-1_near.landmarks-mediapipe-world.csv,pk-hfad-1_near,478,478004
pk-hfad-1_necessary.landmarks-mediapipe-world.csv,pk-hfad-1_necessary,479,-1
pk-hfad-1_necessary.landmarks-mediapipe-world.csv,pk-hfad-1_necessary,479,479005
pk-hfad-1_necessary.landmarks-mediapipe-world.csv,pk-hfad-1_necessary,479,479010
pk-hfad-1_necessary.landmarks-mediapipe-world.csv,pk-hfad-1_necessary,479,479008
pk-hfad-1_necessary.landmarks-mediapipe-world.csv,pk-hfad-1_necessary,479,479011
pk-hfad-1_necessary.landmarks-mediapipe-world.csv,pk-hfad-1_necessary,479,479004
pk-hfad-1_necessary.landmarks-mediapipe-world.csv,pk-hfad-1_necessary,479,479001
pk-hfad-1_necessary.landmarks-mediapipe-world.csv,pk-hfad-1_necessary,479,479003
pk-hfad-1_neighbors.landmarks-mediapipe-world.csv,pk-hfad-1_neighbors,480,-1
pk-hfad-1_neighbors.landmarks-mediapipe-world.csv,pk-hfad-1_neighbors,480,480007
pk-hfad-1_neighbors.landmarks-mediapipe-world.csv,pk-hfad-1_neighbors,480,480001
pk-hfad-1_neighbors.landmarks-mediapipe-world.csv,pk-hfad-1_neighbors,480,480008
pk-hfad-1_neighbors.landmarks-mediapipe-world.csv,pk-hfad-1_neighbors,480,480011
pk-hfad-1_neighbors.landmarks-mediapipe-world.csv,pk-hfad-1_neighbors,480,480003
pk-hfad-1_neighbors.landmarks-mediapipe-world.csv,pk-hfad-1_neighbors,480,480009
pk-hfad-1_neighbors.landmarks-mediapipe-world.csv,pk-hfad-1_neighbors,480,480002
pk-hfad-1_new.landmarks-mediapipe-world.csv,pk-hfad-1_new,481,-1
pk-hfad-1_new.landmarks-mediapipe-world.csv,pk-hfad-1_new,481,481006
pk-hfad-1_new.landmarks-mediapipe-world.csv,pk-hfad-1_new,481,481004
pk-hfad-1_new.landmarks-mediapipe-world.csv,pk-hfad-1_new,481,481007
pk-hfad-1_new.landmarks-mediapipe-world.csv,pk-hfad-1_new,481,481010
pk-hfad-1_new.landmarks-mediapipe-world.csv,pk-hfad-1_new,481,481002
pk-hfad-1_new.landmarks-mediapipe-world.csv,pk-hfad-1_new,481,481011
pk-hfad-1_new.landmarks-mediapipe-world.csv,pk-hfad-1_new,481,481009
pk-hfad-1_newspaper.landmarks-mediapipe-world.csv,pk-hfad-1_newspaper,482,-1
pk-hfad-1_newspaper.landmarks-mediapipe-world.csv,pk-hfad-1_newspaper,482,482010
pk-hfad-1_newspaper.landmarks-mediapipe-world.csv,pk-hfad-1_newspaper,482,482001
pk-hfad-1_newspaper.landmarks-mediapipe-world.csv,pk-hfad-1_newspaper,482,482004
pk-hfad-1_newspaper.landmarks-mediapipe-world.csv,pk-hfad-1_newspaper,482,482011
pk-hfad-1_newspaper.landmarks-mediapipe-world.csv,pk-hfad-1_newspaper,482,482007
pk-hfad-1_newspaper.landmarks-mediapipe-world.csv,pk-hfad-1_newspaper,482,482008
pk-hfad-1_newspaper.landmarks-mediapipe-world.csv,pk-hfad-1_newspaper,482,482006
pk-hfad-1_next.landmarks-mediapipe-world.csv,pk-hfad-1_next,483,-1
pk-hfad-1_next.landmarks-mediapipe-world.csv,pk-hfad-1_next,483,483009
pk-hfad-1_next.landmarks-mediapipe-world.csv,pk-hfad-1_next,483,483001
pk-hfad-1_next.landmarks-mediapipe-world.csv,pk-hfad-1_next,483,483005
pk-hfad-1_next.landmarks-mediapipe-world.csv,pk-hfad-1_next,483,483010
pk-hfad-1_next.landmarks-mediapipe-world.csv,pk-hfad-1_next,483,483006
pk-hfad-1_next.landmarks-mediapipe-world.csv,pk-hfad-1_next,483,483002
pk-hfad-1_next.landmarks-mediapipe-world.csv,pk-hfad-1_next,483,483007
pk-hfad-1_night.landmarks-mediapipe-world.csv,pk-hfad-1_night,484,-1
pk-hfad-1_night.landmarks-mediapipe-world.csv,pk-hfad-1_night,484,484007
pk-hfad-1_night.landmarks-mediapipe-world.csv,pk-hfad-1_night,484,484003
pk-hfad-1_night.landmarks-mediapipe-world.csv,pk-hfad-1_night,484,484004
pk-hfad-1_night.landmarks-mediapipe-world.csv,pk-hfad-1_night,484,484006
pk-hfad-1_night.landmarks-mediapipe-world.csv,pk-hfad-1_night,484,484009
pk-hfad-1_night.landmarks-mediapipe-world.csv,pk-hfad-1_night,484,484005
pk-hfad-1_night.landmarks-mediapipe-world.csv,pk-hfad-1_night,484,484002
pk-hfad-1_noise.landmarks-mediapipe-world.csv,pk-hfad-1_noise,485,-1
pk-hfad-1_noise.landmarks-mediapipe-world.csv,pk-hfad-1_noise,485,485005
pk-hfad-1_noise.landmarks-mediapipe-world.csv,pk-hfad-1_noise,485,485007
pk-hfad-1_noise.landmarks-mediapipe-world.csv,pk-hfad-1_noise,485,485009
pk-hfad-1_noise.landmarks-mediapipe-world.csv,pk-hfad-1_noise,485,485010
pk-hfad-1_noise.landmarks-mediapipe-world.csv,pk-hfad-1_noise,485,485001
pk-hfad-1_noise.landmarks-mediapipe-world.csv,pk-hfad-1_noise,485,485006
pk-hfad-1_noise.landmarks-mediapipe-world.csv,pk-hfad-1_noise,485,485003
pk-hfad-1_nonsense.landmarks-mediapipe-world.csv,pk-hfad-1_nonsense,486,-1
pk-hfad-1_nonsense.landmarks-mediapipe-world.csv,pk-hfad-1_nonsense,486,486008
pk-hfad-1_nonsense.landmarks-mediapipe-world.csv,pk-hfad-1_nonsense,486,486002
pk-hfad-1_nonsense.landmarks-mediapipe-world.csv,pk-hfad-1_nonsense,486,486007
pk-hfad-1_nonsense.landmarks-mediapipe-world.csv,pk-hfad-1_nonsense,486,486005
pk-hfad-1_nonsense.landmarks-mediapipe-world.csv,pk-hfad-1_nonsense,486,486011
pk-hfad-1_nonsense.landmarks-mediapipe-world.csv,pk-hfad-1_nonsense,486,486001
pk-hfad-1_nonsense.landmarks-mediapipe-world.csv,pk-hfad-1_nonsense,486,486003
pk-hfad-1_noodles.landmarks-mediapipe-world.csv,pk-hfad-1_noodles,487,-1
pk-hfad-1_noodles.landmarks-mediapipe-world.csv,pk-hfad-1_noodles,487,487001
pk-hfad-1_noodles.landmarks-mediapipe-world.csv,pk-hfad-1_noodles,487,487003
pk-hfad-1_noodles.landmarks-mediapipe-world.csv,pk-hfad-1_noodles,487,487011
pk-hfad-1_noodles.landmarks-mediapipe-world.csv,pk-hfad-1_noodles,487,487010
pk-hfad-1_noodles.landmarks-mediapipe-world.csv,pk-hfad-1_noodles,487,487008
pk-hfad-1_noodles.landmarks-mediapipe-world.csv,pk-hfad-1_noodles,487,487004
pk-hfad-1_noodles.landmarks-mediapipe-world.csv,pk-hfad-1_noodles,487,487009
pk-hfad-1_noon-guna.landmarks-mediapipe-world.csv,pk-hfad-1_noon-guna,489,-1
pk-hfad-1_noon-guna.landmarks-mediapipe-world.csv,pk-hfad-1_noon-guna,489,489009
pk-hfad-1_noon-guna.landmarks-mediapipe-world.csv,pk-hfad-1_noon-guna,489,489002
pk-hfad-1_noon-guna.landmarks-mediapipe-world.csv,pk-hfad-1_noon-guna,489,489005
pk-hfad-1_noon-guna.landmarks-mediapipe-world.csv,pk-hfad-1_noon-guna,489,489003
pk-hfad-1_noon-guna.landmarks-mediapipe-world.csv,pk-hfad-1_noon-guna,489,489008
pk-hfad-1_noon-guna.landmarks-mediapipe-world.csv,pk-hfad-1_noon-guna,489,489006
pk-hfad-1_noon-guna.landmarks-mediapipe-world.csv,pk-hfad-1_noon-guna,489,489001
pk-hfad-1_noon.landmarks-mediapipe-world.csv,pk-hfad-1_noon,488,-1
pk-hfad-1_noon.landmarks-mediapipe-world.csv,pk-hfad-1_noon,488,488008
pk-hfad-1_noon.landmarks-mediapipe-world.csv,pk-hfad-1_noon,488,488007
pk-hfad-1_noon.landmarks-mediapipe-world.csv,pk-hfad-1_noon,488,488011
pk-hfad-1_noon.landmarks-mediapipe-world.csv,pk-hfad-1_noon,488,488003
pk-hfad-1_noon.landmarks-mediapipe-world.csv,pk-hfad-1_noon,488,488005
pk-hfad-1_noon.landmarks-mediapipe-world.csv,pk-hfad-1_noon,488,488006
pk-hfad-1_noon.landmarks-mediapipe-world.csv,pk-hfad-1_noon,488,488004
pk-hfad-1_not.landmarks-mediapipe-world.csv,pk-hfad-1_not,490,-1
pk-hfad-1_not.landmarks-mediapipe-world.csv,pk-hfad-1_not,490,490007
pk-hfad-1_not.landmarks-mediapipe-world.csv,pk-hfad-1_not,490,490008
pk-hfad-1_not.landmarks-mediapipe-world.csv,pk-hfad-1_not,490,490011
pk-hfad-1_not.landmarks-mediapipe-world.csv,pk-hfad-1_not,490,490004
pk-hfad-1_not.landmarks-mediapipe-world.csv,pk-hfad-1_not,490,490001
pk-hfad-1_not.landmarks-mediapipe-world.csv,pk-hfad-1_not,490,490010
pk-hfad-1_not.landmarks-mediapipe-world.csv,pk-hfad-1_not,490,490005
pk-hfad-1_notebook.landmarks-mediapipe-world.csv,pk-hfad-1_notebook,491,-1
pk-hfad-1_notebook.landmarks-mediapipe-world.csv,pk-hfad-1_notebook,491,491002
pk-hfad-1_notebook.landmarks-mediapipe-world.csv,pk-hfad-1_notebook,491,491008
pk-hfad-1_notebook.landmarks-mediapipe-world.csv,pk-hfad-1_notebook,491,491010
pk-hfad-1_notebook.landmarks-mediapipe-world.csv,pk-hfad-1_notebook,491,491003
pk-hfad-1_notebook.landmarks-mediapipe-world.csv,pk-hfad-1_notebook,491,491001
pk-hfad-1_notebook.landmarks-mediapipe-world.csv,pk-hfad-1_notebook,491,491006
pk-hfad-1_notebook.landmarks-mediapipe-world.csv,pk-hfad-1_notebook,491,491004
pk-hfad-1_ny.landmarks-mediapipe-world.csv,pk-hfad-1_ny,492,-1
pk-hfad-1_ny.landmarks-mediapipe-world.csv,pk-hfad-1_ny,492,492007
pk-hfad-1_ny.landmarks-mediapipe-world.csv,pk-hfad-1_ny,492,492002
pk-hfad-1_ny.landmarks-mediapipe-world.csv,pk-hfad-1_ny,492,492008
pk-hfad-1_ny.landmarks-mediapipe-world.csv,pk-hfad-1_ny,492,492004
pk-hfad-1_ny.landmarks-mediapipe-world.csv,pk-hfad-1_ny,492,492006
pk-hfad-1_ny.landmarks-mediapipe-world.csv,pk-hfad-1_ny,492,492010
pk-hfad-1_ny.landmarks-mediapipe-world.csv,pk-hfad-1_ny,492,492001
pk-hfad-1_o(single-handed-letter).landmarks-mediapipe-world.csv,pk-hfad-1_o(single-handed-letter),493,-1
pk-hfad-1_o(single-handed-letter).landmarks-mediapipe-world.csv,pk-hfad-1_o(single-handed-letter),493,493006
pk-hfad-1_o(single-handed-letter).landmarks-mediapipe-world.csv,pk-hfad-1_o(single-handed-letter),493,493001
pk-hfad-1_o(single-handed-letter).landmarks-mediapipe-world.csv,pk-hfad-1_o(single-handed-letter),493,493010
pk-hfad-1_o(single-handed-letter).landmarks-mediapipe-world.csv,pk-hfad-1_o(single-handed-letter),493,493009
pk-hfad-1_o(single-handed-letter).landmarks-mediapipe-world.csv,pk-hfad-1_o(single-handed-letter),493,493005
pk-hfad-1_o(single-handed-letter).landmarks-mediapipe-world.csv,pk-hfad-1_o(single-handed-letter),493,493008
pk-hfad-1_o(single-handed-letter).landmarks-mediapipe-world.csv,pk-hfad-1_o(single-handed-letter),493,493004
pk-hfad-1_obedience.landmarks-mediapipe-world.csv,pk-hfad-1_obedience,494,-1
pk-hfad-1_obedience.landmarks-mediapipe-world.csv,pk-hfad-1_obedience,494,494001
pk-hfad-1_obedience.landmarks-mediapipe-world.csv,pk-hfad-1_obedience,494,494009
pk-hfad-1_obedience.landmarks-mediapipe-world.csv,pk-hfad-1_obedience,494,494007
pk-hfad-1_obedience.landmarks-mediapipe-world.csv,pk-hfad-1_obedience,494,494002
pk-hfad-1_obedience.landmarks-mediapipe-world.csv,pk-hfad-1_obedience,494,494004
pk-hfad-1_obedience.landmarks-mediapipe-world.csv,pk-hfad-1_obedience,494,494011
pk-hfad-1_obedience.landmarks-mediapipe-world.csv,pk-hfad-1_obedience,494,494003
pk-hfad-1_of(ki).landmarks-mediapipe-world.csv,pk-hfad-1_of(ki),495,-1
pk-hfad-1_of(ki).landmarks-mediapipe-world.csv,pk-hfad-1_of(ki),495,495006
pk-hfad-1_of(ki).landmarks-mediapipe-world.csv,pk-hfad-1_of(ki),495,495003
pk-hfad-1_of(ki).landmarks-mediapipe-world.csv,pk-hfad-1_of(ki),495,495005
pk-hfad-1_of(ki).landmarks-mediapipe-world.csv,pk-hfad-1_of(ki),495,495008
pk-hfad-1_of(ki).landmarks-mediapipe-world.csv,pk-hfad-1_of(ki),495,495007
pk-hfad-1_of(ki).landmarks-mediapipe-world.csv,pk-hfad-1_of(ki),495,495011
pk-hfad-1_of(ki).landmarks-mediapipe-world.csv,pk-hfad-1_of(ki),495,495001
pk-hfad-1_of(ky).landmarks-mediapipe-world.csv,pk-hfad-1_of(ky),496,-1
pk-hfad-1_of(ky).landmarks-mediapipe-world.csv,pk-hfad-1_of(ky),496,496005
pk-hfad-1_of(ky).landmarks-mediapipe-world.csv,pk-hfad-1_of(ky),496,496004
pk-hfad-1_of(ky).landmarks-mediapipe-world.csv,pk-hfad-1_of(ky),496,496008
pk-hfad-1_of(ky).landmarks-mediapipe-world.csv,pk-hfad-1_of(ky),496,496006
pk-hfad-1_of(ky).landmarks-mediapipe-world.csv,pk-hfad-1_of(ky),496,496009
pk-hfad-1_of(ky).landmarks-mediapipe-world.csv,pk-hfad-1_of(ky),496,496011
pk-hfad-1_of(ky).landmarks-mediapipe-world.csv,pk-hfad-1_of(ky),496,496002
pk-hfad-1_office.landmarks-mediapipe-world.csv,pk-hfad-1_office,497,-1
pk-hfad-1_office.landmarks-mediapipe-world.csv,pk-hfad-1_office,497,497003
pk-hfad-1_office.landmarks-mediapipe-world.csv,pk-hfad-1_office,497,497001
pk-hfad-1_office.landmarks-mediapipe-world.csv,pk-hfad-1_office,497,497005
pk-hfad-1_office.landmarks-mediapipe-world.csv,pk-hfad-1_office,497,497007
pk-hfad-1_office.landmarks-mediapipe-world.csv,pk-hfad-1_office,497,497006
pk-hfad-1_office.landmarks-mediapipe-world.csv,pk-hfad-1_office,497,497009
pk-hfad-1_office.landmarks-mediapipe-world.csv,pk-hfad-1_office,497,497010
pk-hfad-1_okra.landmarks-mediapipe-world.csv,pk-hfad-1_okra,498,-1
pk-hfad-1_okra.landmarks-mediapipe-world.csv,pk-hfad-1_okra,498,498004
pk-hfad-1_okra.landmarks-mediapipe-world.csv,pk-hfad-1_okra,498,498006
pk-hfad-1_okra.landmarks-mediapipe-world.csv,pk-hfad-1_okra,498,498001
pk-hfad-1_okra.landmarks-mediapipe-world.csv,pk-hfad-1_okra,498,498008
pk-hfad-1_okra.landmarks-mediapipe-world.csv,pk-hfad-1_okra,498,498010
pk-hfad-1_okra.landmarks-mediapipe-world.csv,pk-hfad-1_okra,498,498002
pk-hfad-1_okra.landmarks-mediapipe-world.csv,pk-hfad-1_okra,498,498011
pk-hfad-1_old-man.landmarks-mediapipe-world.csv,pk-hfad-1_old-man,499,-1
pk-hfad-1_old-man.landmarks-mediapipe-world.csv,pk-hfad-1_old-man,499,499003
pk-hfad-1_old-man.landmarks-mediapipe-world.csv,pk-hfad-1_old-man,499,499001
pk-hfad-1_old-man.landmarks-mediapipe-world.csv,pk-hfad-1_old-man,499,499006
pk-hfad-1_old-man.landmarks-mediapipe-world.csv,pk-hfad-1_old-man,499,499010
pk-hfad-1_old-man.landmarks-mediapipe-world.csv,pk-hfad-1_old-man,499,499005
pk-hfad-1_old-man.landmarks-mediapipe-world.csv,pk-hfad-1_old-man,499,499009
pk-hfad-1_old-man.landmarks-mediapipe-world.csv,pk-hfad-1_old-man,499,499011
pk-hfad-1_old-woman.landmarks-mediapipe-world.csv,pk-hfad-1_old-woman,500,-1
pk-hfad-1_old-woman.landmarks-mediapipe-world.csv,pk-hfad-1_old-woman,500,500003
pk-hfad-1_old-woman.landmarks-mediapipe-world.csv,pk-hfad-1_old-woman,500,500002
pk-hfad-1_old-woman.landmarks-mediapipe-world.csv,pk-hfad-1_old-woman,500,500006
pk-hfad-1_old-woman.landmarks-mediapipe-world.csv,pk-hfad-1_old-woman,500,500001
pk-hfad-1_old-woman.landmarks-mediapipe-world.csv,pk-hfad-1_old-woman,500,500008
pk-hfad-1_old-woman.landmarks-mediapipe-world.csv,pk-hfad-1_old-woman,500,500004
pk-hfad-1_old-woman.landmarks-mediapipe-world.csv,pk-hfad-1_old-woman,500,500010
pk-hfad-1_onion.landmarks-mediapipe-world.csv,pk-hfad-1_onion,501,-1
pk-hfad-1_onion.landmarks-mediapipe-world.csv,pk-hfad-1_onion,501,501010
pk-hfad-1_onion.landmarks-mediapipe-world.csv,pk-hfad-1_onion,501,501008
pk-hfad-1_onion.landmarks-mediapipe-world.csv,pk-hfad-1_onion,501,501009
pk-hfad-1_onion.landmarks-mediapipe-world.csv,pk-hfad-1_onion,501,501003
pk-hfad-1_onion.landmarks-mediapipe-world.csv,pk-hfad-1_onion,501,501002
pk-hfad-1_onion.landmarks-mediapipe-world.csv,pk-hfad-1_onion,501,501011
pk-hfad-1_onion.landmarks-mediapipe-world.csv,pk-hfad-1_onion,501,501001
pk-hfad-1_orange(color).landmarks-mediapipe-world.csv,pk-hfad-1_orange(color),502,-1
pk-hfad-1_orange(color).landmarks-mediapipe-world.csv,pk-hfad-1_orange(color),502,502001
pk-hfad-1_orange(color).landmarks-mediapipe-world.csv,pk-hfad-1_orange(color),502,502008
pk-hfad-1_orange(color).landmarks-mediapipe-world.csv,pk-hfad-1_orange(color),502,502007
pk-hfad-1_orange(color).landmarks-mediapipe-world.csv,pk-hfad-1_orange(color),502,502009
pk-hfad-1_orange(color).landmarks-mediapipe-world.csv,pk-hfad-1_orange(color),502,502002
pk-hfad-1_orange(color).landmarks-mediapipe-world.csv,pk-hfad-1_orange(color),502,502006
pk-hfad-1_orange(color).landmarks-mediapipe-world.csv,pk-hfad-1_orange(color),502,502004
pk-hfad-1_orange(fruit).landmarks-mediapipe-world.csv,pk-hfad-1_orange(fruit),503,-1
pk-hfad-1_orange(fruit).landmarks-mediapipe-world.csv,pk-hfad-1_orange(fruit),503,503004
pk-hfad-1_orange(fruit).landmarks-mediapipe-world.csv,pk-hfad-1_orange(fruit),503,503011
pk-hfad-1_orange(fruit).landmarks-mediapipe-world.csv,pk-hfad-1_orange(fruit),503,503001
pk-hfad-1_orange(fruit).landmarks-mediapipe-world.csv,pk-hfad-1_orange(fruit),503,503007
pk-hfad-1_orange(fruit).landmarks-mediapipe-world.csv,pk-hfad-1_orange(fruit),503,503009
pk-hfad-1_orange(fruit).landmarks-mediapipe-world.csv,pk-hfad-1_orange(fruit),503,503005
pk-hfad-1_orange(fruit).landmarks-mediapipe-world.csv,pk-hfad-1_orange(fruit),503,503010
pk-hfad-1_owl.landmarks-mediapipe-world.csv,pk-hfad-1_owl,504,-1
pk-hfad-1_owl.landmarks-mediapipe-world.csv,pk-hfad-1_owl,504,504004
pk-hfad-1_owl.landmarks-mediapipe-world.csv,pk-hfad-1_owl,504,504006
pk-hfad-1_owl.landmarks-mediapipe-world.csv,pk-hfad-1_owl,504,504008
pk-hfad-1_owl.landmarks-mediapipe-world.csv,pk-hfad-1_owl,504,504007
pk-hfad-1_owl.landmarks-mediapipe-world.csv,pk-hfad-1_owl,504,504009
pk-hfad-1_owl.landmarks-mediapipe-world.csv,pk-hfad-1_owl,504,504010
pk-hfad-1_owl.landmarks-mediapipe-world.csv,pk-hfad-1_owl,504,504003
pk-hfad-1_owner.landmarks-mediapipe-world.csv,pk-hfad-1_owner,505,-1
pk-hfad-1_owner.landmarks-mediapipe-world.csv,pk-hfad-1_owner,505,505007
pk-hfad-1_owner.landmarks-mediapipe-world.csv,pk-hfad-1_owner,505,505004
pk-hfad-1_owner.landmarks-mediapipe-world.csv,pk-hfad-1_owner,505,505010
pk-hfad-1_owner.landmarks-mediapipe-world.csv,pk-hfad-1_owner,505,505002
pk-hfad-1_owner.landmarks-mediapipe-world.csv,pk-hfad-1_owner,505,505006
pk-hfad-1_owner.landmarks-mediapipe-world.csv,pk-hfad-1_owner,505,505011
pk-hfad-1_owner.landmarks-mediapipe-world.csv,pk-hfad-1_owner,505,505009
pk-hfad-1_p(double-handed-letter).landmarks-mediapipe-world.csv,pk-hfad-1_p(double-handed-letter),506,-1
pk-hfad-1_p(double-handed-letter).landmarks-mediapipe-world.csv,pk-hfad-1_p(double-handed-letter),506,506004
pk-hfad-1_p(double-handed-letter).landmarks-mediapipe-world.csv,pk-hfad-1_p(double-handed-letter),506,506010
pk-hfad-1_p(double-handed-letter).landmarks-mediapipe-world.csv,pk-hfad-1_p(double-handed-letter),506,506003
pk-hfad-1_p(double-handed-letter).landmarks-mediapipe-world.csv,pk-hfad-1_p(double-handed-letter),506,506007
pk-hfad-1_p(double-handed-letter).landmarks-mediapipe-world.csv,pk-hfad-1_p(double-handed-letter),506,506002
pk-hfad-1_p(double-handed-letter).landmarks-mediapipe-world.csv,pk-hfad-1_p(double-handed-letter),506,506005
pk-hfad-1_p(double-handed-letter).landmarks-mediapipe-world.csv,pk-hfad-1_p(double-handed-letter),506,506011
pk-hfad-1_p(single-handed-letter).landmarks-mediapipe-world.csv,pk-hfad-1_p(single-handed-letter),507,-1
pk-hfad-1_p(single-handed-letter).landmarks-mediapipe-world.csv,pk-hfad-1_p(single-handed-letter),507,507005
pk-hfad-1_p(single-handed-letter).landmarks-mediapipe-world.csv,pk-hfad-1_p(single-handed-letter),507,507011
pk-hfad-1_p(single-handed-letter).landmarks-mediapipe-world.csv,pk-hfad-1_p(single-handed-letter),507,507003
pk-hfad-1_p(single-handed-letter).landmarks-mediapipe-world.csv,pk-hfad-1_p(single-handed-letter),507,507009
pk-hfad-1_p(single-handed-letter).landmarks-mediapipe-world.csv,pk-hfad-1_p(single-handed-letter),507,507008
pk-hfad-1_p(single-handed-letter).landmarks-mediapipe-world.csv,pk-hfad-1_p(single-handed-letter),507,507010
pk-hfad-1_p(single-handed-letter).landmarks-mediapipe-world.csv,pk-hfad-1_p(single-handed-letter),507,507004
pk-hfad-1_pakistan-studies.landmarks-mediapipe-world.csv,pk-hfad-1_pakistan-studies,508,-1
pk-hfad-1_pakistan-studies.landmarks-mediapipe-world.csv,pk-hfad-1_pakistan-studies,508,508008
pk-hfad-1_pakistan-studies.landmarks-mediapipe-world.csv,pk-hfad-1_pakistan-studies,508,508003
pk-hfad-1_pakistan-studies.landmarks-mediapipe-world.csv,pk-hfad-1_pakistan-studies,508,508002
pk-hfad-1_pakistan-studies.landmarks-mediapipe-world.csv,pk-hfad-1_pakistan-studies,508,508007
pk-hfad-1_pakistan-studies.landmarks-mediapipe-world.csv,pk-hfad-1_pakistan-studies,508,508001
pk-hfad-1_pakistan-studies.landmarks-mediapipe-world.csv,pk-hfad-1_pakistan-studies,508,508006
pk-hfad-1_pakistan-studies.landmarks-mediapipe-world.csv,pk-hfad-1_pakistan-studies,508,508010
pk-hfad-1_papa.landmarks-mediapipe-world.csv,pk-hfad-1_papa,509,-1
pk-hfad-1_papa.landmarks-mediapipe-world.csv,pk-hfad-1_papa,509,509003
pk-hfad-1_papa.landmarks-mediapipe-world.csv,pk-hfad-1_papa,509,509004
pk-hfad-1_papa.landmarks-mediapipe-world.csv,pk-hfad-1_papa,509,509001
pk-hfad-1_papa.landmarks-mediapipe-world.csv,pk-hfad-1_papa,509,509011
pk-hfad-1_papa.landmarks-mediapipe-world.csv,pk-hfad-1_papa,509,509002
pk-hfad-1_papa.landmarks-mediapipe-world.csv,pk-hfad-1_papa,509,509009
pk-hfad-1_papa.landmarks-mediapipe-world.csv,pk-hfad-1_papa,509,509008
pk-hfad-1_parrot.landmarks-mediapipe-world.csv,pk-hfad-1_parrot,510,-1
pk-hfad-1_parrot.landmarks-mediapipe-world.csv,pk-hfad-1_parrot,510,510003
pk-hfad-1_parrot.landmarks-mediapipe-world.csv,pk-hfad-1_parrot,510,510006
pk-hfad-1_parrot.landmarks-mediapipe-world.csv,pk-hfad-1_parrot,510,510010
pk-hfad-1_parrot.landmarks-mediapipe-world.csv,pk-hfad-1_parrot,510,510001
pk-hfad-1_parrot.landmarks-mediapipe-world.csv,pk-hfad-1_parrot,510,510007
pk-hfad-1_parrot.landmarks-mediapipe-world.csv,pk-hfad-1_parrot,510,510009
pk-hfad-1_parrot.landmarks-mediapipe-world.csv,pk-hfad-1_parrot,510,510002
pk-hfad-1_pass(succeed).landmarks-mediapipe-world.csv,pk-hfad-1_pass(succeed),511,-1
pk-hfad-1_pass(succeed).landmarks-mediapipe-world.csv,pk-hfad-1_pass(succeed),511,511003
pk-hfad-1_pass(succeed).landmarks-mediapipe-world.csv,pk-hfad-1_pass(succeed),511,511008
pk-hfad-1_pass(succeed).landmarks-mediapipe-world.csv,pk-hfad-1_pass(succeed),511,511006
pk-hfad-1_pass(succeed).landmarks-mediapipe-world.csv,pk-hfad-1_pass(succeed),511,511004
pk-hfad-1_pass(succeed).landmarks-mediapipe-world.csv,pk-hfad-1_pass(succeed),511,511007
pk-hfad-1_pass(succeed).landmarks-mediapipe-world.csv,pk-hfad-1_pass(succeed),511,511002
pk-hfad-1_pass(succeed).landmarks-mediapipe-world.csv,pk-hfad-1_pass(succeed),511,511011
pk-hfad-1_paternal-grandfather.landmarks-mediapipe-world.csv,pk-hfad-1_paternal-grandfather,512,-1
pk-hfad-1_paternal-grandfather.landmarks-mediapipe-world.csv,pk-hfad-1_paternal-grandfather,512,512011
pk-hfad-1_paternal-grandfather.landmarks-mediapipe-world.csv,pk-hfad-1_paternal-grandfather,512,512007
pk-hfad-1_paternal-grandfather.landmarks-mediapipe-world.csv,pk-hfad-1_paternal-grandfather,512,512006
pk-hfad-1_paternal-grandfather.landmarks-mediapipe-world.csv,pk-hfad-1_paternal-grandfather,512,512001
pk-hfad-1_paternal-grandfather.landmarks-mediapipe-world.csv,pk-hfad-1_paternal-grandfather,512,512002
pk-hfad-1_paternal-grandfather.landmarks-mediapipe-world.csv,pk-hfad-1_paternal-grandfather,512,512003
pk-hfad-1_paternal-grandfather.landmarks-mediapipe-world.csv,pk-hfad-1_paternal-grandfather,512,512004
pk-hfad-1_paternal-grandmother.landmarks-mediapipe-world.csv,pk-hfad-1_paternal-grandmother,513,-1
pk-hfad-1_paternal-grandmother.landmarks-mediapipe-world.csv,pk-hfad-1_paternal-grandmother,513,513008
pk-hfad-1_paternal-grandmother.landmarks-mediapipe-world.csv,pk-hfad-1_paternal-grandmother,513,513003
pk-hfad-1_paternal-grandmother.landmarks-mediapipe-world.csv,pk-hfad-1_paternal-grandmother,513,513009
pk-hfad-1_paternal-grandmother.landmarks-mediapipe-world.csv,pk-hfad-1_paternal-grandmother,513,513002
pk-hfad-1_paternal-grandmother.landmarks-mediapipe-world.csv,pk-hfad-1_paternal-grandmother,513,513006
pk-hfad-1_paternal-grandmother.landmarks-mediapipe-world.csv,pk-hfad-1_paternal-grandmother,513,513010
pk-hfad-1_paternal-grandmother.landmarks-mediapipe-world.csv,pk-hfad-1_paternal-grandmother,513,513007
pk-hfad-1_patient(sick).landmarks-mediapipe-world.csv,pk-hfad-1_patient(sick),514,-1
pk-hfad-1_patient(sick).landmarks-mediapipe-world.csv,pk-hfad-1_patient(sick),514,514006
pk-hfad-1_patient(sick).landmarks-mediapipe-world.csv,pk-hfad-1_patient(sick),514,514009
pk-hfad-1_patient(sick).landmarks-mediapipe-world.csv,pk-hfad-1_patient(sick),514,514011
pk-hfad-1_patient(sick).landmarks-mediapipe-world.csv,pk-hfad-1_patient(sick),514,514010
pk-hfad-1_patient(sick).landmarks-mediapipe-world.csv,pk-hfad-1_patient(sick),514,514003
pk-hfad-1_patient(sick).landmarks-mediapipe-world.csv,pk-hfad-1_patient(sick),514,514005
pk-hfad-1_patient(sick).landmarks-mediapipe-world.csv,pk-hfad-1_patient(sick),514,514002
pk-hfad-1_peacock.landmarks-mediapipe-world.csv,pk-hfad-1_peacock,515,-1
pk-hfad-1_peacock.landmarks-mediapipe-world.csv,pk-hfad-1_peacock,515,515008
pk-hfad-1_peacock.landmarks-mediapipe-world.csv,pk-hfad-1_peacock,515,515009
pk-hfad-1_peacock.landmarks-mediapipe-world.csv,pk-hfad-1_peacock,515,515006
pk-hfad-1_peacock.landmarks-mediapipe-world.csv,pk-hfad-1_peacock,515,515005
pk-hfad-1_peacock.landmarks-mediapipe-world.csv,pk-hfad-1_peacock,515,515007
pk-hfad-1_peacock.landmarks-mediapipe-world.csv,pk-hfad-1_peacock,515,515004
pk-hfad-1_peacock.landmarks-mediapipe-world.csv,pk-hfad-1_peacock,515,515011
pk-hfad-1_pen.landmarks-mediapipe-world.csv,pk-hfad-1_pen,516,-1
pk-hfad-1_pen.landmarks-mediapipe-world.csv,pk-hfad-1_pen,516,516009
pk-hfad-1_pen.landmarks-mediapipe-world.csv,pk-hfad-1_pen,516,516008
pk-hfad-1_pen.landmarks-mediapipe-world.csv,pk-hfad-1_pen,516,516005
pk-hfad-1_pen.landmarks-mediapipe-world.csv,pk-hfad-1_pen,516,516010
pk-hfad-1_pen.landmarks-mediapipe-world.csv,pk-hfad-1_pen,516,516011
pk-hfad-1_pen.landmarks-mediapipe-world.csv,pk-hfad-1_pen,516,516007
pk-hfad-1_pen.landmarks-mediapipe-world.csv,pk-hfad-1_pen,516,516004
pk-hfad-1_penalty.landmarks-mediapipe-world.csv,pk-hfad-1_penalty,517,-1
pk-hfad-1_penalty.landmarks-mediapipe-world.csv,pk-hfad-1_penalty,517,517010
pk-hfad-1_penalty.landmarks-mediapipe-world.csv,pk-hfad-1_penalty,517,517002
pk-hfad-1_penalty.landmarks-mediapipe-world.csv,pk-hfad-1_penalty,517,517001
pk-hfad-1_penalty.landmarks-mediapipe-world.csv,pk-hfad-1_penalty,517,517004
pk-hfad-1_penalty.landmarks-mediapipe-world.csv,pk-hfad-1_penalty,517,517006
pk-hfad-1_penalty.landmarks-mediapipe-world.csv,pk-hfad-1_penalty,517,517007
pk-hfad-1_penalty.landmarks-mediapipe-world.csv,pk-hfad-1_penalty,517,517009
pk-hfad-1_pencil.landmarks-mediapipe-world.csv,pk-hfad-1_pencil,518,-1
pk-hfad-1_pencil.landmarks-mediapipe-world.csv,pk-hfad-1_pencil,518,518001
pk-hfad-1_pencil.landmarks-mediapipe-world.csv,pk-hfad-1_pencil,518,518007
pk-hfad-1_pencil.landmarks-mediapipe-world.csv,pk-hfad-1_pencil,518,518008
pk-hfad-1_pencil.landmarks-mediapipe-world.csv,pk-hfad-1_pencil,518,518004
pk-hfad-1_pencil.landmarks-mediapipe-world.csv,pk-hfad-1_pencil,518,518003
pk-hfad-1_pencil.landmarks-mediapipe-world.csv,pk-hfad-1_pencil,518,518009
pk-hfad-1_pencil.landmarks-mediapipe-world.csv,pk-hfad-1_pencil,518,518011
pk-hfad-1_people.landmarks-mediapipe-world.csv,pk-hfad-1_people,519,-1
pk-hfad-1_people.landmarks-mediapipe-world.csv,pk-hfad-1_people,519,519003
pk-hfad-1_people.landmarks-mediapipe-world.csv,pk-hfad-1_people,519,519011
pk-hfad-1_people.landmarks-mediapipe-world.csv,pk-hfad-1_people,519,519010
pk-hfad-1_people.landmarks-mediapipe-world.csv,pk-hfad-1_people,519,519001
pk-hfad-1_people.landmarks-mediapipe-world.csv,pk-hfad-1_people,519,519007
pk-hfad-1_people.landmarks-mediapipe-world.csv,pk-hfad-1_people,519,519008
pk-hfad-1_people.landmarks-mediapipe-world.csv,pk-hfad-1_people,519,519002
pk-hfad-1_perhaps.landmarks-mediapipe-world.csv,pk-hfad-1_perhaps,520,-1
pk-hfad-1_perhaps.landmarks-mediapipe-world.csv,pk-hfad-1_perhaps,520,520006
pk-hfad-1_perhaps.landmarks-mediapipe-world.csv,pk-hfad-1_perhaps,520,520005
pk-hfad-1_perhaps.landmarks-mediapipe-world.csv,pk-hfad-1_perhaps,520,520001
pk-hfad-1_perhaps.landmarks-mediapipe-world.csv,pk-hfad-1_perhaps,520,520007
pk-hfad-1_perhaps.landmarks-mediapipe-world.csv,pk-hfad-1_perhaps,520,520003
pk-hfad-1_perhaps.landmarks-mediapipe-world.csv,pk-hfad-1_perhaps,520,520004
pk-hfad-1_perhaps.landmarks-mediapipe-world.csv,pk-hfad-1_perhaps,520,520002
pk-hfad-1_peshawar.landmarks-mediapipe-world.csv,pk-hfad-1_peshawar,521,-1
pk-hfad-1_peshawar.landmarks-mediapipe-world.csv,pk-hfad-1_peshawar,521,521001
pk-hfad-1_peshawar.landmarks-mediapipe-world.csv,pk-hfad-1_peshawar,521,521005
pk-hfad-1_peshawar.landmarks-mediapipe-world.csv,pk-hfad-1_peshawar,521,521007
pk-hfad-1_peshawar.landmarks-mediapipe-world.csv,pk-hfad-1_peshawar,521,521008
pk-hfad-1_peshawar.landmarks-mediapipe-world.csv,pk-hfad-1_peshawar,521,521002
pk-hfad-1_peshawar.landmarks-mediapipe-world.csv,pk-hfad-1_peshawar,521,521003
pk-hfad-1_peshawar.landmarks-mediapipe-world.csv,pk-hfad-1_peshawar,521,521011
pk-hfad-1_photo.landmarks-mediapipe-world.csv,pk-hfad-1_photo,522,-1
pk-hfad-1_photo.landmarks-mediapipe-world.csv,pk-hfad-1_photo,522,522011
pk-hfad-1_photo.landmarks-mediapipe-world.csv,pk-hfad-1_photo,522,522004
pk-hfad-1_photo.landmarks-mediapipe-world.csv,pk-hfad-1_photo,522,522010
pk-hfad-1_photo.landmarks-mediapipe-world.csv,pk-hfad-1_photo,522,522005
pk-hfad-1_photo.landmarks-mediapipe-world.csv,pk-hfad-1_photo,522,522003
pk-hfad-1_photo.landmarks-mediapipe-world.csv,pk-hfad-1_photo,522,522001
pk-hfad-1_photo.landmarks-mediapipe-world.csv,pk-hfad-1_photo,522,522007
pk-hfad-1_phupha.landmarks-mediapipe-world.csv,pk-hfad-1_phupha,523,-1
pk-hfad-1_phupha.landmarks-mediapipe-world.csv,pk-hfad-1_phupha,523,523001
pk-hfad-1_phupha.landmarks-mediapipe-world.csv,pk-hfad-1_phupha,523,523002
pk-hfad-1_phupha.landmarks-mediapipe-world.csv,pk-hfad-1_phupha,523,523008
pk-hfad-1_phupha.landmarks-mediapipe-world.csv,pk-hfad-1_phupha,523,523004
pk-hfad-1_phupha.landmarks-mediapipe-world.csv,pk-hfad-1_phupha,523,523003
pk-hfad-1_phupha.landmarks-mediapipe-world.csv,pk-hfad-1_phupha,523,523007
pk-hfad-1_phupha.landmarks-mediapipe-world.csv,pk-hfad-1_phupha,523,523005
pk-hfad-1_phuphi.landmarks-mediapipe-world.csv,pk-hfad-1_phuphi,524,-1
pk-hfad-1_phuphi.landmarks-mediapipe-world.csv,pk-hfad-1_phuphi,524,524003
pk-hfad-1_phuphi.landmarks-mediapipe-world.csv,pk-hfad-1_phuphi,524,524006
pk-hfad-1_phuphi.landmarks-mediapipe-world.csv,pk-hfad-1_phuphi,524,524010
pk-hfad-1_phuphi.landmarks-mediapipe-world.csv,pk-hfad-1_phuphi,524,524011
pk-hfad-1_phuphi.landmarks-mediapipe-world.csv,pk-hfad-1_phuphi,524,524007
pk-hfad-1_phuphi.landmarks-mediapipe-world.csv,pk-hfad-1_phuphi,524,524008
pk-hfad-1_phuphi.landmarks-mediapipe-world.csv,pk-hfad-1_phuphi,524,524002
pk-hfad-1_pigeon.landmarks-mediapipe-world.csv,pk-hfad-1_pigeon,525,-1
pk-hfad-1_pigeon.landmarks-mediapipe-world.csv,pk-hfad-1_pigeon,525,525006
pk-hfad-1_pigeon.landmarks-mediapipe-world.csv,pk-hfad-1_pigeon,525,525007
pk-hfad-1_pigeon.landmarks-mediapipe-world.csv,pk-hfad-1_pigeon,525,525002
pk-hfad-1_pigeon.landmarks-mediapipe-world.csv,pk-hfad-1_pigeon,525,525008
pk-hfad-1_pigeon.landmarks-mediapipe-world.csv,pk-hfad-1_pigeon,525,525005
pk-hfad-1_pigeon.landmarks-mediapipe-world.csv,pk-hfad-1_pigeon,525,525010
pk-hfad-1_pigeon.landmarks-mediapipe-world.csv,pk-hfad-1_pigeon,525,525009
pk-hfad-1_pineapple.landmarks-mediapipe-world.csv,pk-hfad-1_pineapple,526,-1
pk-hfad-1_pineapple.landmarks-mediapipe-world.csv,pk-hfad-1_pineapple,526,526011
pk-hfad-1_pineapple.landmarks-mediapipe-world.csv,pk-hfad-1_pineapple,526,526007
pk-hfad-1_pineapple.landmarks-mediapipe-world.csv,pk-hfad-1_pineapple,526,526010
pk-hfad-1_pineapple.landmarks-mediapipe-world.csv,pk-hfad-1_pineapple,526,526006
pk-hfad-1_pineapple.landmarks-mediapipe-world.csv,pk-hfad-1_pineapple,526,526005
pk-hfad-1_pineapple.landmarks-mediapipe-world.csv,pk-hfad-1_pineapple,526,526003
pk-hfad-1_pineapple.landmarks-mediapipe-world.csv,pk-hfad-1_pineapple,526,526009
pk-hfad-1_pink.landmarks-mediapipe-world.csv,pk-hfad-1_pink,527,-1
pk-hfad-1_pink.landmarks-mediapipe-world.csv,pk-hfad-1_pink,527,527005
pk-hfad-1_pink.landmarks-mediapipe-world.csv,pk-hfad-1_pink,527,527002
pk-hfad-1_pink.landmarks-mediapipe-world.csv,pk-hfad-1_pink,527,527009
pk-hfad-1_pink.landmarks-mediapipe-world.csv,pk-hfad-1_pink,527,527010
pk-hfad-1_pink.landmarks-mediapipe-world.csv,pk-hfad-1_pink,527,527008
pk-hfad-1_pink.landmarks-mediapipe-world.csv,pk-hfad-1_pink,527,527006
pk-hfad-1_pink.landmarks-mediapipe-world.csv,pk-hfad-1_pink,527,527001
pk-hfad-1_place.landmarks-mediapipe-world.csv,pk-hfad-1_place,528,-1
pk-hfad-1_place.landmarks-mediapipe-world.csv,pk-hfad-1_place,528,528004
pk-hfad-1_place.landmarks-mediapipe-world.csv,pk-hfad-1_place,528,528011
pk-hfad-1_place.landmarks-mediapipe-world.csv,pk-hfad-1_place,528,528003
pk-hfad-1_place.landmarks-mediapipe-world.csv,pk-hfad-1_place,528,528010
pk-hfad-1_place.landmarks-mediapipe-world.csv,pk-hfad-1_place,528,528002
pk-hfad-1_place.landmarks-mediapipe-world.csv,pk-hfad-1_place,528,528001
pk-hfad-1_place.landmarks-mediapipe-world.csv,pk-hfad-1_place,528,528005
pk-hfad-1_plants.landmarks-mediapipe-world.csv,pk-hfad-1_plants,529,-1
pk-hfad-1_plants.landmarks-mediapipe-world.csv,pk-hfad-1_plants,529,529010
pk-hfad-1_plants.landmarks-mediapipe-world.csv,pk-hfad-1_plants,529,529009
pk-hfad-1_plants.landmarks-mediapipe-world.csv,pk-hfad-1_plants,529,529005
pk-hfad-1_plants.landmarks-mediapipe-world.csv,pk-hfad-1_plants,529,529006
pk-hfad-1_plants.landmarks-mediapipe-world.csv,pk-hfad-1_plants,529,529003
pk-hfad-1_plants.landmarks-mediapipe-world.csv,pk-hfad-1_plants,529,529011
pk-hfad-1_plants.landmarks-mediapipe-world.csv,pk-hfad-1_plants,529,529008
pk-hfad-1_play(sports).landmarks-mediapipe-world.csv,pk-hfad-1_play(sports),530,-1
pk-hfad-1_play(sports).landmarks-mediapipe-world.csv,pk-hfad-1_play(sports),530,530009
pk-hfad-1_play(sports).landmarks-mediapipe-world.csv,pk-hfad-1_play(sports),530,530001
pk-hfad-1_play(sports).landmarks-mediapipe-world.csv,pk-hfad-1_play(sports),530,530011
pk-hfad-1_play(sports).landmarks-mediapipe-world.csv,pk-hfad-1_play(sports),530,530010
pk-hfad-1_play(sports).landmarks-mediapipe-world.csv,pk-hfad-1_play(sports),530,530006
pk-hfad-1_play(sports).landmarks-mediapipe-world.csv,pk-hfad-1_play(sports),530,530005
pk-hfad-1_play(sports).landmarks-mediapipe-world.csv,pk-hfad-1_play(sports),530,530007
pk-hfad-1_pleasant.landmarks-mediapipe-world.csv,pk-hfad-1_pleasant,531,-1
pk-hfad-1_pleasant.landmarks-mediapipe-world.csv,pk-hfad-1_pleasant,531,531007
pk-hfad-1_pleasant.landmarks-mediapipe-world.csv,pk-hfad-1_pleasant,531,531003
pk-hfad-1_pleasant.landmarks-mediapipe-world.csv,pk-hfad-1_pleasant,531,531009
pk-hfad-1_pleasant.landmarks-mediapipe-world.csv,pk-hfad-1_pleasant,531,531010
pk-hfad-1_pleasant.landmarks-mediapipe-world.csv,pk-hfad-1_pleasant,531,531011
pk-hfad-1_pleasant.landmarks-mediapipe-world.csv,pk-hfad-1_pleasant,531,531005
pk-hfad-1_pleasant.landmarks-mediapipe-world.csv,pk-hfad-1_pleasant,531,531004
pk-hfad-1_plural.landmarks-mediapipe-world.csv,pk-hfad-1_plural,532,-1
pk-hfad-1_plural.landmarks-mediapipe-world.csv,pk-hfad-1_plural,532,532007
pk-hfad-1_plural.landmarks-mediapipe-world.csv,pk-hfad-1_plural,532,532010
pk-hfad-1_plural.landmarks-mediapipe-world.csv,pk-hfad-1_plural,532,532003
pk-hfad-1_plural.landmarks-mediapipe-world.csv,pk-hfad-1_plural,532,532006
pk-hfad-1_plural.landmarks-mediapipe-world.csv,pk-hfad-1_plural,532,532008
pk-hfad-1_plural.landmarks-mediapipe-world.csv,pk-hfad-1_plural,532,532002
pk-hfad-1_plural.landmarks-mediapipe-world.csv,pk-hfad-1_plural,532,532004
pk-hfad-1_poet.landmarks-mediapipe-world.csv,pk-hfad-1_poet,533,-1
pk-hfad-1_poet.landmarks-mediapipe-world.csv,pk-hfad-1_poet,533,533006
pk-hfad-1_poet.landmarks-mediapipe-world.csv,pk-hfad-1_poet,533,533001
pk-hfad-1_poet.landmarks-mediapipe-world.csv,pk-hfad-1_poet,533,533011
pk-hfad-1_poet.landmarks-mediapipe-world.csv,pk-hfad-1_poet,533,533009
pk-hfad-1_poet.landmarks-mediapipe-world.csv,pk-hfad-1_poet,533,533003
pk-hfad-1_poet.landmarks-mediapipe-world.csv,pk-hfad-1_poet,533,533004
pk-hfad-1_poet.landmarks-mediapipe-world.csv,pk-hfad-1_poet,533,533008
pk-hfad-1_police-officer.landmarks-mediapipe-world.csv,pk-hfad-1_police-officer,534,-1
pk-hfad-1_police-officer.landmarks-mediapipe-world.csv,pk-hfad-1_police-officer,534,534001
pk-hfad-1_police-officer.landmarks-mediapipe-world.csv,pk-hfad-1_police-officer,534,534009
pk-hfad-1_police-officer.landmarks-mediapipe-world.csv,pk-hfad-1_police-officer,534,534007
pk-hfad-1_police-officer.landmarks-mediapipe-world.csv,pk-hfad-1_police-officer,534,534011
pk-hfad-1_police-officer.landmarks-mediapipe-world.csv,pk-hfad-1_police-officer,534,534005
pk-hfad-1_police-officer.landmarks-mediapipe-world.csv,pk-hfad-1_police-officer,534,534010
pk-hfad-1_police-officer.landmarks-mediapipe-world.csv,pk-hfad-1_police-officer,534,534008
pk-hfad-1_pomegranate.landmarks-mediapipe-world.csv,pk-hfad-1_pomegranate,535,-1
pk-hfad-1_pomegranate.landmarks-mediapipe-world.csv,pk-hfad-1_pomegranate,535,535001
pk-hfad-1_pomegranate.landmarks-mediapipe-world.csv,pk-hfad-1_pomegranate,535,535002
pk-hfad-1_pomegranate.landmarks-mediapipe-world.csv,pk-hfad-1_pomegranate,535,535008
pk-hfad-1_pomegranate.landmarks-mediapipe-world.csv,pk-hfad-1_pomegranate,535,535004
pk-hfad-1_pomegranate.landmarks-mediapipe-world.csv,pk-hfad-1_pomegranate,535,535007
pk-hfad-1_pomegranate.landmarks-mediapipe-world.csv,pk-hfad-1_pomegranate,535,535003
pk-hfad-1_pomegranate.landmarks-mediapipe-world.csv,pk-hfad-1_pomegranate,535,535006
pk-hfad-1_population.landmarks-mediapipe-world.csv,pk-hfad-1_population,536,-1
pk-hfad-1_population.landmarks-mediapipe-world.csv,pk-hfad-1_population,536,536003
pk-hfad-1_population.landmarks-mediapipe-world.csv,pk-hfad-1_population,536,536006
pk-hfad-1_population.landmarks-mediapipe-world.csv,pk-hfad-1_population,536,536008
pk-hfad-1_population.landmarks-mediapipe-world.csv,pk-hfad-1_population,536,536010
pk-hfad-1_population.landmarks-mediapipe-world.csv,pk-hfad-1_population,536,536004
pk-hfad-1_population.landmarks-mediapipe-world.csv,pk-hfad-1_population,536,536002
pk-hfad-1_population.landmarks-mediapipe-world.csv,pk-hfad-1_population,536,536007
pk-hfad-1_post-office.landmarks-mediapipe-world.csv,pk-hfad-1_post-office,537,-1
pk-hfad-1_post-office.landmarks-mediapipe-world.csv,pk-hfad-1_post-office,537,537004
pk-hfad-1_post-office.landmarks-mediapipe-world.csv,pk-hfad-1_post-office,537,537007
pk-hfad-1_post-office.landmarks-mediapipe-world.csv,pk-hfad-1_post-office,537,537006
pk-hfad-1_post-office.landmarks-mediapipe-world.csv,pk-hfad-1_post-office,537,537001
pk-hfad-1_post-office.landmarks-mediapipe-world.csv,pk-hfad-1_post-office,537,537009
pk-hfad-1_post-office.landmarks-mediapipe-world.csv,pk-hfad-1_post-office,537,537008
pk-hfad-1_post-office.landmarks-mediapipe-world.csv,pk-hfad-1_post-office,537,537005
pk-hfad-1_potato.landmarks-mediapipe-world.csv,pk-hfad-1_potato,538,-1
pk-hfad-1_potato.landmarks-mediapipe-world.csv,pk-hfad-1_potato,538,538004
pk-hfad-1_potato.landmarks-mediapipe-world.csv,pk-hfad-1_potato,538,538002
pk-hfad-1_potato.landmarks-mediapipe-world.csv,pk-hfad-1_potato,538,538009
pk-hfad-1_potato.landmarks-mediapipe-world.csv,pk-hfad-1_potato,538,538005
pk-hfad-1_potato.landmarks-mediapipe-world.csv,pk-hfad-1_potato,538,538006
pk-hfad-1_potato.landmarks-mediapipe-world.csv,pk-hfad-1_potato,538,538001
pk-hfad-1_potato.landmarks-mediapipe-world.csv,pk-hfad-1_potato,538,538011
pk-hfad-1_poverty.landmarks-mediapipe-world.csv,pk-hfad-1_poverty,539,-1
pk-hfad-1_poverty.landmarks-mediapipe-world.csv,pk-hfad-1_poverty,539,539008
pk-hfad-1_poverty.landmarks-mediapipe-world.csv,pk-hfad-1_poverty,539,539004
pk-hfad-1_poverty.landmarks-mediapipe-world.csv,pk-hfad-1_poverty,539,539010
pk-hfad-1_poverty.landmarks-mediapipe-world.csv,pk-hfad-1_poverty,539,539006
pk-hfad-1_poverty.landmarks-mediapipe-world.csv,pk-hfad-1_poverty,539,539002
pk-hfad-1_poverty.landmarks-mediapipe-world.csv,pk-hfad-1_poverty,539,539001
pk-hfad-1_poverty.landmarks-mediapipe-world.csv,pk-hfad-1_poverty,539,539007
pk-hfad-1_preach.landmarks-mediapipe-world.csv,pk-hfad-1_preach,540,-1
pk-hfad-1_preach.landmarks-mediapipe-world.csv,pk-hfad-1_preach,540,540010
pk-hfad-1_preach.landmarks-mediapipe-world.csv,pk-hfad-1_preach,540,540002
pk-hfad-1_preach.landmarks-mediapipe-world.csv,pk-hfad-1_preach,540,540004
pk-hfad-1_preach.landmarks-mediapipe-world.csv,pk-hfad-1_preach,540,540007
pk-hfad-1_preach.landmarks-mediapipe-world.csv,pk-hfad-1_preach,540,540001
pk-hfad-1_preach.landmarks-mediapipe-world.csv,pk-hfad-1_preach,540,540009
pk-hfad-1_preach.landmarks-mediapipe-world.csv,pk-hfad-1_preach,540,540008
pk-hfad-1_prime-minister.landmarks-mediapipe-world.csv,pk-hfad-1_prime-minister,541,-1
pk-hfad-1_prime-minister.landmarks-mediapipe-world.csv,pk-hfad-1_prime-minister,541,541003
pk-hfad-1_prime-minister.landmarks-mediapipe-world.csv,pk-hfad-1_prime-minister,541,541009
pk-hfad-1_prime-minister.landmarks-mediapipe-world.csv,pk-hfad-1_prime-minister,541,541002
pk-hfad-1_prime-minister.landmarks-mediapipe-world.csv,pk-hfad-1_prime-minister,541,541001
pk-hfad-1_prime-minister.landmarks-mediapipe-world.csv,pk-hfad-1_prime-minister,541,541007
pk-hfad-1_prime-minister.landmarks-mediapipe-world.csv,pk-hfad-1_prime-minister,541,541010
pk-hfad-1_prime-minister.landmarks-mediapipe-world.csv,pk-hfad-1_prime-minister,541,541008
pk-hfad-1_principal.landmarks-mediapipe-world.csv,pk-hfad-1_principal,542,-1
pk-hfad-1_principal.landmarks-mediapipe-world.csv,pk-hfad-1_principal,542,542005
pk-hfad-1_principal.landmarks-mediapipe-world.csv,pk-hfad-1_principal,542,542007
pk-hfad-1_principal.landmarks-mediapipe-world.csv,pk-hfad-1_principal,542,542006
pk-hfad-1_principal.landmarks-mediapipe-world.csv,pk-hfad-1_principal,542,542009
pk-hfad-1_principal.landmarks-mediapipe-world.csv,pk-hfad-1_principal,542,542010
pk-hfad-1_principal.landmarks-mediapipe-world.csv,pk-hfad-1_principal,542,542011
pk-hfad-1_principal.landmarks-mediapipe-world.csv,pk-hfad-1_principal,542,542003
pk-hfad-1_principle.landmarks-mediapipe-world.csv,pk-hfad-1_principle,543,-1
pk-hfad-1_principle.landmarks-mediapipe-world.csv,pk-hfad-1_principle,543,543010
pk-hfad-1_principle.landmarks-mediapipe-world.csv,pk-hfad-1_principle,543,543008
pk-hfad-1_principle.landmarks-mediapipe-world.csv,pk-hfad-1_principle,543,543009
pk-hfad-1_principle.landmarks-mediapipe-world.csv,pk-hfad-1_principle,543,543005
pk-hfad-1_principle.landmarks-mediapipe-world.csv,pk-hfad-1_principle,543,543006
pk-hfad-1_principle.landmarks-mediapipe-world.csv,pk-hfad-1_principle,543,543001
pk-hfad-1_principle.landmarks-mediapipe-world.csv,pk-hfad-1_principle,543,543004
pk-hfad-1_procession.landmarks-mediapipe-world.csv,pk-hfad-1_procession,544,-1
pk-hfad-1_procession.landmarks-mediapipe-world.csv,pk-hfad-1_procession,544,544003
pk-hfad-1_procession.landmarks-mediapipe-world.csv,pk-hfad-1_procession,544,544001
pk-hfad-1_procession.landmarks-mediapipe-world.csv,pk-hfad-1_procession,544,544008
pk-hfad-1_procession.landmarks-mediapipe-world.csv,pk-hfad-1_procession,544,544005
pk-hfad-1_procession.landmarks-mediapipe-world.csv,pk-hfad-1_procession,544,544007
pk-hfad-1_procession.landmarks-mediapipe-world.csv,pk-hfad-1_procession,544,544002
pk-hfad-1_procession.landmarks-mediapipe-world.csv,pk-hfad-1_procession,544,544004
pk-hfad-1_program.landmarks-mediapipe-world.csv,pk-hfad-1_program,545,-1
pk-hfad-1_program.landmarks-mediapipe-world.csv,pk-hfad-1_program,545,545002
pk-hfad-1_program.landmarks-mediapipe-world.csv,pk-hfad-1_program,545,545011
pk-hfad-1_program.landmarks-mediapipe-world.csv,pk-hfad-1_program,545,545010
pk-hfad-1_program.landmarks-mediapipe-world.csv,pk-hfad-1_program,545,545009
pk-hfad-1_program.landmarks-mediapipe-world.csv,pk-hfad-1_program,545,545005
pk-hfad-1_program.landmarks-mediapipe-world.csv,pk-hfad-1_program,545,545003
pk-hfad-1_program.landmarks-mediapipe-world.csv,pk-hfad-1_program,545,545001
pk-hfad-1_promise.landmarks-mediapipe-world.csv,pk-hfad-1_promise,546,-1
pk-hfad-1_promise.landmarks-mediapipe-world.csv,pk-hfad-1_promise,546,546009
pk-hfad-1_promise.landmarks-mediapipe-world.csv,pk-hfad-1_promise,546,546002
pk-hfad-1_promise.landmarks-mediapipe-world.csv,pk-hfad-1_promise,546,546007
pk-hfad-1_promise.landmarks-mediapipe-world.csv,pk-hfad-1_promise,546,546006
pk-hfad-1_promise.landmarks-mediapipe-world.csv,pk-hfad-1_promise,546,546004
pk-hfad-1_promise.landmarks-mediapipe-world.csv,pk-hfad-1_promise,546,546003
pk-hfad-1_promise.landmarks-mediapipe-world.csv,pk-hfad-1_promise,546,546005
pk-hfad-1_prophet.landmarks-mediapipe-world.csv,pk-hfad-1_prophet,547,-1
pk-hfad-1_prophet.landmarks-mediapipe-world.csv,pk-hfad-1_prophet,547,547006
pk-hfad-1_prophet.landmarks-mediapipe-world.csv,pk-hfad-1_prophet,547,547007
pk-hfad-1_prophet.landmarks-mediapipe-world.csv,pk-hfad-1_prophet,547,547001
pk-hfad-1_prophet.landmarks-mediapipe-world.csv,pk-hfad-1_prophet,547,547003
pk-hfad-1_prophet.landmarks-mediapipe-world.csv,pk-hfad-1_prophet,547,547005
pk-hfad-1_prophet.landmarks-mediapipe-world.csv,pk-hfad-1_prophet,547,547008
pk-hfad-1_prophet.landmarks-mediapipe-world.csv,pk-hfad-1_prophet,547,547009
pk-hfad-1_proud.landmarks-mediapipe-world.csv,pk-hfad-1_proud,548,-1
pk-hfad-1_proud.landmarks-mediapipe-world.csv,pk-hfad-1_proud,548,548003
pk-hfad-1_proud.landmarks-mediapipe-world.csv,pk-hfad-1_proud,548,548007
pk-hfad-1_proud.landmarks-mediapipe-world.csv,pk-hfad-1_proud,548,548011
pk-hfad-1_proud.landmarks-mediapipe-world.csv,pk-hfad-1_proud,548,548004
pk-hfad-1_proud.landmarks-mediapipe-world.csv,pk-hfad-1_proud,548,548005
pk-hfad-1_proud.landmarks-mediapipe-world.csv,pk-hfad-1_proud,548,548009
pk-hfad-1_proud.landmarks-mediapipe-world.csv,pk-hfad-1_proud,548,548008
pk-hfad-1_province.landmarks-mediapipe-world.csv,pk-hfad-1_province,549,-1
pk-hfad-1_province.landmarks-mediapipe-world.csv,pk-hfad-1_province,549,549003
pk-hfad-1_province.landmarks-mediapipe-world.csv,pk-hfad-1_province,549,549002
pk-hfad-1_province.landmarks-mediapipe-world.csv,pk-hfad-1_province,549,549008
pk-hfad-1_province.landmarks-mediapipe-world.csv,pk-hfad-1_province,549,549010
pk-hfad-1_province.landmarks-mediapipe-world.csv,pk-hfad-1_province,549,549001
pk-hfad-1_province.landmarks-mediapipe-world.csv,pk-hfad-1_province,549,549004
pk-hfad-1_province.landmarks-mediapipe-world.csv,pk-hfad-1_province,549,549006
pk-hfad-1_punctuality.landmarks-mediapipe-world.csv,pk-hfad-1_punctuality,550,-1
pk-hfad-1_punctuality.landmarks-mediapipe-world.csv,pk-hfad-1_punctuality,550,550005
pk-hfad-1_punctuality.landmarks-mediapipe-world.csv,pk-hfad-1_punctuality,550,550006
pk-hfad-1_punctuality.landmarks-mediapipe-world.csv,pk-hfad-1_punctuality,550,550009
pk-hfad-1_punctuality.landmarks-mediapipe-world.csv,pk-hfad-1_punctuality,550,550003
pk-hfad-1_punctuality.landmarks-mediapipe-world.csv,pk-hfad-1_punctuality,550,550001
pk-hfad-1_punctuality.landmarks-mediapipe-world.csv,pk-hfad-1_punctuality,550,550004
pk-hfad-1_punctuality.landmarks-mediapipe-world.csv,pk-hfad-1_punctuality,550,550010
pk-hfad-1_punish.landmarks-mediapipe-world.csv,pk-hfad-1_punish,551,-1
pk-hfad-1_punish.landmarks-mediapipe-world.csv,pk-hfad-1_punish,551,551008
pk-hfad-1_punish.landmarks-mediapipe-world.csv,pk-hfad-1_punish,551,551007
pk-hfad-1_punish.landmarks-mediapipe-world.csv,pk-hfad-1_punish,551,551009
pk-hfad-1_punish.landmarks-mediapipe-world.csv,pk-hfad-1_punish,551,551010
pk-hfad-1_punish.landmarks-mediapipe-world.csv,pk-hfad-1_punish,551,551002
pk-hfad-1_punish.landmarks-mediapipe-world.csv,pk-hfad-1_punish,551,551001
pk-hfad-1_punish.landmarks-mediapipe-world.csv,pk-hfad-1_punish,551,551006
pk-hfad-1_punjab.landmarks-mediapipe-world.csv,pk-hfad-1_punjab,552,-1
pk-hfad-1_punjab.landmarks-mediapipe-world.csv,pk-hfad-1_punjab,552,552005
pk-hfad-1_punjab.landmarks-mediapipe-world.csv,pk-hfad-1_punjab,552,552001
pk-hfad-1_punjab.landmarks-mediapipe-world.csv,pk-hfad-1_punjab,552,552007
pk-hfad-1_punjab.landmarks-mediapipe-world.csv,pk-hfad-1_punjab,552,552006
pk-hfad-1_punjab.landmarks-mediapipe-world.csv,pk-hfad-1_punjab,552,552011
pk-hfad-1_punjab.landmarks-mediapipe-world.csv,pk-hfad-1_punjab,552,552002
pk-hfad-1_punjab.landmarks-mediapipe-world.csv,pk-hfad-1_punjab,552,552008
pk-hfad-1_purple.landmarks-mediapipe-world.csv,pk-hfad-1_purple,553,-1
pk-hfad-1_purple.landmarks-mediapipe-world.csv,pk-hfad-1_purple,553,553008
pk-hfad-1_purple.landmarks-mediapipe-world.csv,pk-hfad-1_purple,553,553004
pk-hfad-1_purple.landmarks-mediapipe-world.csv,pk-hfad-1_purple,553,553011
pk-hfad-1_purple.landmarks-mediapipe-world.csv,pk-hfad-1_purple,553,553001
pk-hfad-1_purple.landmarks-mediapipe-world.csv,pk-hfad-1_purple,553,553002
pk-hfad-1_purple.landmarks-mediapipe-world.csv,pk-hfad-1_purple,553,553003
pk-hfad-1_purple.landmarks-mediapipe-world.csv,pk-hfad-1_purple,553,553006
pk-hfad-1_purpose.landmarks-mediapipe-world.csv,pk-hfad-1_purpose,554,-1
pk-hfad-1_purpose.landmarks-mediapipe-world.csv,pk-hfad-1_purpose,554,554001
pk-hfad-1_purpose.landmarks-mediapipe-world.csv,pk-hfad-1_purpose,554,554009
pk-hfad-1_purpose.landmarks-mediapipe-world.csv,pk-hfad-1_purpose,554,554003
pk-hfad-1_purpose.landmarks-mediapipe-world.csv,pk-hfad-1_purpose,554,554004
pk-hfad-1_purpose.landmarks-mediapipe-world.csv,pk-hfad-1_purpose,554,554007
pk-hfad-1_purpose.landmarks-mediapipe-world.csv,pk-hfad-1_purpose,554,554011
pk-hfad-1_purpose.landmarks-mediapipe-world.csv,pk-hfad-1_purpose,554,554010
pk-hfad-1_q(double-handed-letter).landmarks-mediapipe-world.csv,pk-hfad-1_q(double-handed-letter),555,-1
pk-hfad-1_q(double-handed-letter).landmarks-mediapipe-world.csv,pk-hfad-1_q(double-handed-letter),555,555006
pk-hfad-1_q(double-handed-letter).landmarks-mediapipe-world.csv,pk-hfad-1_q(double-handed-letter),555,555011
pk-hfad-1_q(double-handed-letter).landmarks-mediapipe-world.csv,pk-hfad-1_q(double-handed-letter),555,555005
pk-hfad-1_q(double-handed-letter).landmarks-mediapipe-world.csv,pk-hfad-1_q(double-handed-letter),555,555004
pk-hfad-1_q(double-handed-letter).landmarks-mediapipe-world.csv,pk-hfad-1_q(double-handed-letter),555,555009
pk-hfad-1_q(double-handed-letter).landmarks-mediapipe-world.csv,pk-hfad-1_q(double-handed-letter),555,555008
pk-hfad-1_q(double-handed-letter).landmarks-mediapipe-world.csv,pk-hfad-1_q(double-handed-letter),555,555003
pk-hfad-1_q(single-handed-letter).landmarks-mediapipe-world.csv,pk-hfad-1_q(single-handed-letter),556,-1
pk-hfad-1_q(single-handed-letter).landmarks-mediapipe-world.csv,pk-hfad-1_q(single-handed-letter),556,556007
pk-hfad-1_q(single-handed-letter).landmarks-mediapipe-world.csv,pk-hfad-1_q(single-handed-letter),556,556010
pk-hfad-1_q(single-handed-letter).landmarks-mediapipe-world.csv,pk-hfad-1_q(single-handed-letter),556,556003
pk-hfad-1_q(single-handed-letter).landmarks-mediapipe-world.csv,pk-hfad-1_q(single-handed-letter),556,556011
pk-hfad-1_q(single-handed-letter).landmarks-mediapipe-world.csv,pk-hfad-1_q(single-handed-letter),556,556008
pk-hfad-1_q(single-handed-letter).landmarks-mediapipe-world.csv,pk-hfad-1_q(single-handed-letter),556,556009
pk-hfad-1_q(single-handed-letter).landmarks-mediapipe-world.csv,pk-hfad-1_q(single-handed-letter),556,556001
pk-hfad-1_quaid-e-azam.landmarks-mediapipe-world.csv,pk-hfad-1_quaid-e-azam,557,-1
pk-hfad-1_quaid-e-azam.landmarks-mediapipe-world.csv,pk-hfad-1_quaid-e-azam,557,557009
pk-hfad-1_quaid-e-azam.landmarks-mediapipe-world.csv,pk-hfad-1_quaid-e-azam,557,557010
pk-hfad-1_quaid-e-azam.landmarks-mediapipe-world.csv,pk-hfad-1_quaid-e-azam,557,557007
pk-hfad-1_quaid-e-azam.landmarks-mediapipe-world.csv,pk-hfad-1_quaid-e-azam,557,557001
pk-hfad-1_quaid-e-azam.landmarks-mediapipe-world.csv,pk-hfad-1_quaid-e-azam,557,557011
pk-hfad-1_quaid-e-azam.landmarks-mediapipe-world.csv,pk-hfad-1_quaid-e-azam,557,557005
pk-hfad-1_quaid-e-azam.landmarks-mediapipe-world.csv,pk-hfad-1_quaid-e-azam,557,557008
pk-hfad-1_quick.landmarks-mediapipe-world.csv,pk-hfad-1_quick,558,-1
pk-hfad-1_quick.landmarks-mediapipe-world.csv,pk-hfad-1_quick,558,558007
pk-hfad-1_quick.landmarks-mediapipe-world.csv,pk-hfad-1_quick,558,558011
pk-hfad-1_quick.landmarks-mediapipe-world.csv,pk-hfad-1_quick,558,558001
pk-hfad-1_quick.landmarks-mediapipe-world.csv,pk-hfad-1_quick,558,558003
pk-hfad-1_quick.landmarks-mediapipe-world.csv,pk-hfad-1_quick,558,558010
pk-hfad-1_quick.landmarks-mediapipe-world.csv,pk-hfad-1_quick,558,558005
pk-hfad-1_quick.landmarks-mediapipe-world.csv,pk-hfad-1_quick,558,558006
pk-hfad-1_quran.landmarks-mediapipe-world.csv,pk-hfad-1_quran,559,-1
pk-hfad-1_quran.landmarks-mediapipe-world.csv,pk-hfad-1_quran,559,559003
pk-hfad-1_quran.landmarks-mediapipe-world.csv,pk-hfad-1_quran,559,559005
pk-hfad-1_quran.landmarks-mediapipe-world.csv,pk-hfad-1_quran,559,559007
pk-hfad-1_quran.landmarks-mediapipe-world.csv,pk-hfad-1_quran,559,559001
pk-hfad-1_quran.landmarks-mediapipe-world.csv,pk-hfad-1_quran,559,559009
pk-hfad-1_quran.landmarks-mediapipe-world.csv,pk-hfad-1_quran,559,559004
pk-hfad-1_quran.landmarks-mediapipe-world.csv,pk-hfad-1_quran,559,559011
pk-hfad-1_r(double-handed-letter).landmarks-mediapipe-world.csv,pk-hfad-1_r(double-handed-letter),560,-1
pk-hfad-1_r(double-handed-letter).landmarks-mediapipe-world.csv,pk-hfad-1_r(double-handed-letter),560,560009
pk-hfad-1_r(double-handed-letter).landmarks-mediapipe-world.csv,pk-hfad-1_r(double-handed-letter),560,560002
pk-hfad-1_r(double-handed-letter).landmarks-mediapipe-world.csv,pk-hfad-1_r(double-handed-letter),560,560003
pk-hfad-1_r(double-handed-letter).landmarks-mediapipe-world.csv,pk-hfad-1_r(double-handed-letter),560,560008
pk-hfad-1_r(double-handed-letter).landmarks-mediapipe-world.csv,pk-hfad-1_r(double-handed-letter),560,560001
pk-hfad-1_r(double-handed-letter).landmarks-mediapipe-world.csv,pk-hfad-1_r(double-handed-letter),560,560010
pk-hfad-1_r(double-handed-letter).landmarks-mediapipe-world.csv,pk-hfad-1_r(double-handed-letter),560,560005
pk-hfad-1_r(single-handed-letter).landmarks-mediapipe-world.csv,pk-hfad-1_r(single-handed-letter),561,-1
pk-hfad-1_r(single-handed-letter).landmarks-mediapipe-world.csv,pk-hfad-1_r(single-handed-letter),561,561007
pk-hfad-1_r(single-handed-letter).landmarks-mediapipe-world.csv,pk-hfad-1_r(single-handed-letter),561,561005
pk-hfad-1_r(single-handed-letter).landmarks-mediapipe-world.csv,pk-hfad-1_r(single-handed-letter),561,561009
pk-hfad-1_r(single-handed-letter).landmarks-mediapipe-world.csv,pk-hfad-1_r(single-handed-letter),561,561010
pk-hfad-1_r(single-handed-letter).landmarks-mediapipe-world.csv,pk-hfad-1_r(single-handed-letter),561,561011
pk-hfad-1_r(single-handed-letter).landmarks-mediapipe-world.csv,pk-hfad-1_r(single-handed-letter),561,561002
pk-hfad-1_r(single-handed-letter).landmarks-mediapipe-world.csv,pk-hfad-1_r(single-handed-letter),561,561001
pk-hfad-1_radish.landmarks-mediapipe-world.csv,pk-hfad-1_radish,562,-1
pk-hfad-1_radish.landmarks-mediapipe-world.csv,pk-hfad-1_radish,562,562009
pk-hfad-1_radish.landmarks-mediapipe-world.csv,pk-hfad-1_radish,562,562007
pk-hfad-1_radish.landmarks-mediapipe-world.csv,pk-hfad-1_radish,562,562010
pk-hfad-1_radish.landmarks-mediapipe-world.csv,pk-hfad-1_radish,562,562001
pk-hfad-1_radish.landmarks-mediapipe-world.csv,pk-hfad-1_radish,562,562002
pk-hfad-1_radish.landmarks-mediapipe-world.csv,pk-hfad-1_radish,562,562003
pk-hfad-1_radish.landmarks-mediapipe-world.csv,pk-hfad-1_radish,562,562004
pk-hfad-1_railway-station.landmarks-mediapipe-world.csv,pk-hfad-1_railway-station,563,-1
pk-hfad-1_railway-station.landmarks-mediapipe-world.csv,pk-hfad-1_railway-station,563,563002
pk-hfad-1_railway-station.landmarks-mediapipe-world.csv,pk-hfad-1_railway-station,563,563009
pk-hfad-1_railway-station.landmarks-mediapipe-world.csv,pk-hfad-1_railway-station,563,563005
pk-hfad-1_railway-station.landmarks-mediapipe-world.csv,pk-hfad-1_railway-station,563,563011
pk-hfad-1_railway-station.landmarks-mediapipe-world.csv,pk-hfad-1_railway-station,563,563003
pk-hfad-1_railway-station.landmarks-mediapipe-world.csv,pk-hfad-1_railway-station,563,563004
pk-hfad-1_railway-station.landmarks-mediapipe-world.csv,pk-hfad-1_railway-station,563,563008
pk-hfad-1_rain.landmarks-mediapipe-world.csv,pk-hfad-1_rain,564,-1
pk-hfad-1_rain.landmarks-mediapipe-world.csv,pk-hfad-1_rain,564,564004
pk-hfad-1_rain.landmarks-mediapipe-world.csv,pk-hfad-1_rain,564,564001
pk-hfad-1_rain.landmarks-mediapipe-world.csv,pk-hfad-1_rain,564,564006
pk-hfad-1_rain.landmarks-mediapipe-world.csv,pk-hfad-1_rain,564,564010
pk-hfad-1_rain.landmarks-mediapipe-world.csv,pk-hfad-1_rain,564,564005
pk-hfad-1_rain.landmarks-mediapipe-world.csv,pk-hfad-1_rain,564,564008
pk-hfad-1_rain.landmarks-mediapipe-world.csv,pk-hfad-1_rain,564,564002
pk-hfad-1_rainbow.landmarks-mediapipe-world.csv,pk-hfad-1_rainbow,565,-1
pk-hfad-1_rainbow.landmarks-mediapipe-world.csv,pk-hfad-1_rainbow,565,565011
pk-hfad-1_rainbow.landmarks-mediapipe-world.csv,pk-hfad-1_rainbow,565,565005
pk-hfad-1_rainbow.landmarks-mediapipe-world.csv,pk-hfad-1_rainbow,565,565004
pk-hfad-1_rainbow.landmarks-mediapipe-world.csv,pk-hfad-1_rainbow,565,565008
pk-hfad-1_rainbow.landmarks-mediapipe-world.csv,pk-hfad-1_rainbow,565,565003
pk-hfad-1_rainbow.landmarks-mediapipe-world.csv,pk-hfad-1_rainbow,565,565010
pk-hfad-1_rainbow.landmarks-mediapipe-world.csv,pk-hfad-1_rainbow,565,565002
pk-hfad-1_rat.landmarks-mediapipe-world.csv,pk-hfad-1_rat,566,-1
pk-hfad-1_rat.landmarks-mediapipe-world.csv,pk-hfad-1_rat,566,566006
pk-hfad-1_rat.landmarks-mediapipe-world.csv,pk-hfad-1_rat,566,566009
pk-hfad-1_rat.landmarks-mediapipe-world.csv,pk-hfad-1_rat,566,566002
pk-hfad-1_rat.landmarks-mediapipe-world.csv,pk-hfad-1_rat,566,566007
pk-hfad-1_rat.landmarks-mediapipe-world.csv,pk-hfad-1_rat,566,566005
pk-hfad-1_rat.landmarks-mediapipe-world.csv,pk-hfad-1_rat,566,566008
pk-hfad-1_rat.landmarks-mediapipe-world.csv,pk-hfad-1_rat,566,566010
pk-hfad-1_rawalpindi.landmarks-mediapipe-world.csv,pk-hfad-1_rawalpindi,567,-1
pk-hfad-1_rawalpindi.landmarks-mediapipe-world.csv,pk-hfad-1_rawalpindi,567,567004
pk-hfad-1_rawalpindi.landmarks-mediapipe-world.csv,pk-hfad-1_rawalpindi,567,567008
pk-hfad-1_rawalpindi.landmarks-mediapipe-world.csv,pk-hfad-1_rawalpindi,567,567003
pk-hfad-1_rawalpindi.landmarks-mediapipe-world.csv,pk-hfad-1_rawalpindi,567,567007
pk-hfad-1_rawalpindi.landmarks-mediapipe-world.csv,pk-hfad-1_rawalpindi,567,567011
pk-hfad-1_rawalpindi.landmarks-mediapipe-world.csv,pk-hfad-1_rawalpindi,567,567005
pk-hfad-1_rawalpindi.landmarks-mediapipe-world.csv,pk-hfad-1_rawalpindi,567,567009
pk-hfad-1_rebellion.landmarks-mediapipe-world.csv,pk-hfad-1_rebellion,568,-1
pk-hfad-1_rebellion.landmarks-mediapipe-world.csv,pk-hfad-1_rebellion,568,568002
pk-hfad-1_rebellion.landmarks-mediapipe-world.csv,pk-hfad-1_rebellion,568,568004
pk-hfad-1_rebellion.landmarks-mediapipe-world.csv,pk-hfad-1_rebellion,568,568007
pk-hfad-1_rebellion.landmarks-mediapipe-world.csv,pk-hfad-1_rebellion,568,568001
pk-hfad-1_rebellion.landmarks-mediapipe-world.csv,pk-hfad-1_rebellion,568,568009
pk-hfad-1_rebellion.landmarks-mediapipe-world.csv,pk-hfad-1_rebellion,568,568010
pk-hfad-1_rebellion.landmarks-mediapipe-world.csv,pk-hfad-1_rebellion,568,568011
pk-hfad-1_reconcile.landmarks-mediapipe-world.csv,pk-hfad-1_reconcile,569,-1
pk-hfad-1_reconcile.landmarks-mediapipe-world.csv,pk-hfad-1_reconcile,569,569010
pk-hfad-1_reconcile.landmarks-mediapipe-world.csv,pk-hfad-1_reconcile,569,569003
pk-hfad-1_reconcile.landmarks-mediapipe-world.csv,pk-hfad-1_reconcile,569,569009
pk-hfad-1_reconcile.landmarks-mediapipe-world.csv,pk-hfad-1_reconcile,569,569007
pk-hfad-1_reconcile.landmarks-mediapipe-world.csv,pk-hfad-1_reconcile,569,569005
pk-hfad-1_reconcile.landmarks-mediapipe-world.csv,pk-hfad-1_reconcile,569,569001
pk-hfad-1_reconcile.landmarks-mediapipe-world.csv,pk-hfad-1_reconcile,569,569006
pk-hfad-1_red-chilli.landmarks-mediapipe-world.csv,pk-hfad-1_red-chilli,571,-1
pk-hfad-1_red-chilli.landmarks-mediapipe-world.csv,pk-hfad-1_red-chilli,571,571010
pk-hfad-1_red-chilli.landmarks-mediapipe-world.csv,pk-hfad-1_red-chilli,571,571009
pk-hfad-1_red-chilli.landmarks-mediapipe-world.csv,pk-hfad-1_red-chilli,571,571004
pk-hfad-1_red-chilli.landmarks-mediapipe-world.csv,pk-hfad-1_red-chilli,571,571002
pk-hfad-1_red-chilli.landmarks-mediapipe-world.csv,pk-hfad-1_red-chilli,571,571011
pk-hfad-1_red-chilli.landmarks-mediapipe-world.csv,pk-hfad-1_red-chilli,571,571005
pk-hfad-1_red-chilli.landmarks-mediapipe-world.csv,pk-hfad-1_red-chilli,571,571003
pk-hfad-1_red.landmarks-mediapipe-world.csv,pk-hfad-1_red,570,-1
pk-hfad-1_red.landmarks-mediapipe-world.csv,pk-hfad-1_red,570,570002
pk-hfad-1_red.landmarks-mediapipe-world.csv,pk-hfad-1_red,570,570003
pk-hfad-1_red.landmarks-mediapipe-world.csv,pk-hfad-1_red,570,570004
pk-hfad-1_red.landmarks-mediapipe-world.csv,pk-hfad-1_red,570,570009
pk-hfad-1_red.landmarks-mediapipe-world.csv,pk-hfad-1_red,570,570001
pk-hfad-1_red.landmarks-mediapipe-world.csv,pk-hfad-1_red,570,570008
pk-hfad-1_red.landmarks-mediapipe-world.csv,pk-hfad-1_red,570,570007
pk-hfad-1_relative(family).landmarks-mediapipe-world.csv,pk-hfad-1_relative(family),572,-1
pk-hfad-1_relative(family).landmarks-mediapipe-world.csv,pk-hfad-1_relative(family),572,572005
pk-hfad-1_relative(family).landmarks-mediapipe-world.csv,pk-hfad-1_relative(family),572,572001
pk-hfad-1_relative(family).landmarks-mediapipe-world.csv,pk-hfad-1_relative(family),572,572009
pk-hfad-1_relative(family).landmarks-mediapipe-world.csv,pk-hfad-1_relative(family),572,572007
pk-hfad-1_relative(family).landmarks-mediapipe-world.csv,pk-hfad-1_relative(family),572,572004
pk-hfad-1_relative(family).landmarks-mediapipe-world.csv,pk-hfad-1_relative(family),572,572008
pk-hfad-1_relative(family).landmarks-mediapipe-world.csv,pk-hfad-1_relative(family),572,572010
pk-hfad-1_relax.landmarks-mediapipe-world.csv,pk-hfad-1_relax,573,-1
pk-hfad-1_relax.landmarks-mediapipe-world.csv,pk-hfad-1_relax,573,573009
pk-hfad-1_relax.landmarks-mediapipe-world.csv,pk-hfad-1_relax,573,573005
pk-hfad-1_relax.landmarks-mediapipe-world.csv,pk-hfad-1_relax,573,573008
pk-hfad-1_relax.landmarks-mediapipe-world.csv,pk-hfad-1_relax,573,573001
pk-hfad-1_relax.landmarks-mediapipe-world.csv,pk-hfad-1_relax,573,573011
pk-hfad-1_relax.landmarks-mediapipe-world.csv,pk-hfad-1_relax,573,573002
pk-hfad-1_relax.landmarks-mediapipe-world.csv,pk-hfad-1_relax,573,573006
pk-hfad-1_respect.landmarks-mediapipe-world.csv,pk-hfad-1_respect,574,-1
pk-hfad-1_respect.landmarks-mediapipe-world.csv,pk-hfad-1_respect,574,574004
pk-hfad-1_respect.landmarks-mediapipe-world.csv,pk-hfad-1_respect,574,574009
pk-hfad-1_respect.landmarks-mediapipe-world.csv,pk-hfad-1_respect,574,574006
pk-hfad-1_respect.landmarks-mediapipe-world.csv,pk-hfad-1_respect,574,574002
pk-hfad-1_respect.landmarks-mediapipe-world.csv,pk-hfad-1_respect,574,574010
pk-hfad-1_respect.landmarks-mediapipe-world.csv,pk-hfad-1_respect,574,574003
pk-hfad-1_respect.landmarks-mediapipe-world.csv,pk-hfad-1_respect,574,574007
pk-hfad-1_responsible.landmarks-mediapipe-world.csv,pk-hfad-1_responsible,575,-1
pk-hfad-1_responsible.landmarks-mediapipe-world.csv,pk-hfad-1_responsible,575,575011
pk-hfad-1_responsible.landmarks-mediapipe-world.csv,pk-hfad-1_responsible,575,575004
pk-hfad-1_responsible.landmarks-mediapipe-world.csv,pk-hfad-1_responsible,575,575007
pk-hfad-1_responsible.landmarks-mediapipe-world.csv,pk-hfad-1_responsible,575,575008
pk-hfad-1_responsible.landmarks-mediapipe-world.csv,pk-hfad-1_responsible,575,575002
pk-hfad-1_responsible.landmarks-mediapipe-world.csv,pk-hfad-1_responsible,575,575005
pk-hfad-1_responsible.landmarks-mediapipe-world.csv,pk-hfad-1_responsible,575,575006
pk-hfad-1_restaurant.landmarks-mediapipe-world.csv,pk-hfad-1_restaurant,576,-1
pk-hfad-1_restaurant.landmarks-mediapipe-world.csv,pk-hfad-1_restaurant,576,576001
pk-hfad-1_restaurant.landmarks-mediapipe-world.csv,pk-hfad-1_restaurant,576,576009
pk-hfad-1_restaurant.landmarks-mediapipe-world.csv,pk-hfad-1_restaurant,576,576003
pk-hfad-1_restaurant.landmarks-mediapipe-world.csv,pk-hfad-1_restaurant,576,576008
pk-hfad-1_restaurant.landmarks-mediapipe-world.csv,pk-hfad-1_restaurant,576,576005
pk-hfad-1_restaurant.landmarks-mediapipe-world.csv,pk-hfad-1_restaurant,576,576004
pk-hfad-1_restaurant.landmarks-mediapipe-world.csv,pk-hfad-1_restaurant,576,576002
pk-hfad-1_result.landmarks-mediapipe-world.csv,pk-hfad-1_result,577,-1
pk-hfad-1_result.landmarks-mediapipe-world.csv,pk-hfad-1_result,577,577010
pk-hfad-1_result.landmarks-mediapipe-world.csv,pk-hfad-1_result,577,577002
pk-hfad-1_result.landmarks-mediapipe-world.csv,pk-hfad-1_result,577,577009
pk-hfad-1_result.landmarks-mediapipe-world.csv,pk-hfad-1_result,577,577008
pk-hfad-1_result.landmarks-mediapipe-world.csv,pk-hfad-1_result,577,577004
pk-hfad-1_result.landmarks-mediapipe-world.csv,pk-hfad-1_result,577,577001
pk-hfad-1_result.landmarks-mediapipe-world.csv,pk-hfad-1_result,577,577003
pk-hfad-1_reward(spiritual).landmarks-mediapipe-world.csv,pk-hfad-1_reward(spiritual),578,-1
pk-hfad-1_reward(spiritual).landmarks-mediapipe-world.csv,pk-hfad-1_reward(spiritual),578,578005
pk-hfad-1_reward(spiritual).landmarks-mediapipe-world.csv,pk-hfad-1_reward(spiritual),578,578010
pk-hfad-1_reward(spiritual).landmarks-mediapipe-world.csv,pk-hfad-1_reward(spiritual),578,578008
pk-hfad-1_reward(spiritual).landmarks-mediapipe-world.csv,pk-hfad-1_reward(spiritual),578,578011
pk-hfad-1_reward(spiritual).landmarks-mediapipe-world.csv,pk-hfad-1_reward(spiritual),578,578006
pk-hfad-1_reward(spiritual).landmarks-mediapipe-world.csv,pk-hfad-1_reward(spiritual),578,578003
pk-hfad-1_reward(spiritual).landmarks-mediapipe-world.csv,pk-hfad-1_reward(spiritual),578,578001
pk-hfad-1_rha(-ing-auxiliary-verb).landmarks-mediapipe-world.csv,pk-hfad-1_rha(-ing-auxiliary-verb),579,-1
pk-hfad-1_rha(-ing-auxiliary-verb).landmarks-mediapipe-world.csv,pk-hfad-1_rha(-ing-auxiliary-verb),579,579001
pk-hfad-1_rha(-ing-auxiliary-verb).landmarks-mediapipe-world.csv,pk-hfad-1_rha(-ing-auxiliary-verb),579,579010
pk-hfad-1_rha(-ing-auxiliary-verb).landmarks-mediapipe-world.csv,pk-hfad-1_rha(-ing-auxiliary-verb),579,579005
pk-hfad-1_rha(-ing-auxiliary-verb).landmarks-mediapipe-world.csv,pk-hfad-1_rha(-ing-auxiliary-verb),579,579003
pk-hfad-1_rha(-ing-auxiliary-verb).landmarks-mediapipe-world.csv,pk-hfad-1_rha(-ing-auxiliary-verb),579,579008
pk-hfad-1_rha(-ing-auxiliary-verb).landmarks-mediapipe-world.csv,pk-hfad-1_rha(-ing-auxiliary-verb),579,579006
pk-hfad-1_rha(-ing-auxiliary-verb).landmarks-mediapipe-world.csv,pk-hfad-1_rha(-ing-auxiliary-verb),579,579007
pk-hfad-1_rhi(-ing-auxiliary-verb).landmarks-mediapipe-world.csv,pk-hfad-1_rhi(-ing-auxiliary-verb),580,-1
pk-hfad-1_rhi(-ing-auxiliary-verb).landmarks-mediapipe-world.csv,pk-hfad-1_rhi(-ing-auxiliary-verb),580,580009
pk-hfad-1_rhi(-ing-auxiliary-verb).landmarks-mediapipe-world.csv,pk-hfad-1_rhi(-ing-auxiliary-verb),580,580004
pk-hfad-1_rhi(-ing-auxiliary-verb).landmarks-mediapipe-world.csv,pk-hfad-1_rhi(-ing-auxiliary-verb),580,580006
pk-hfad-1_rhi(-ing-auxiliary-verb).landmarks-mediapipe-world.csv,pk-hfad-1_rhi(-ing-auxiliary-verb),580,580007
pk-hfad-1_rhi(-ing-auxiliary-verb).landmarks-mediapipe-world.csv,pk-hfad-1_rhi(-ing-auxiliary-verb),580,580005
pk-hfad-1_rhi(-ing-auxiliary-verb).landmarks-mediapipe-world.csv,pk-hfad-1_rhi(-ing-auxiliary-verb),580,580003
pk-hfad-1_rhi(-ing-auxiliary-verb).landmarks-mediapipe-world.csv,pk-hfad-1_rhi(-ing-auxiliary-verb),580,580002
pk-hfad-1_rhin(-ing-auxiliary-verb).landmarks-mediapipe-world.csv,pk-hfad-1_rhin(-ing-auxiliary-verb),581,-1
pk-hfad-1_rhin(-ing-auxiliary-verb).landmarks-mediapipe-world.csv,pk-hfad-1_rhin(-ing-auxiliary-verb),581,581005
pk-hfad-1_rhin(-ing-auxiliary-verb).landmarks-mediapipe-world.csv,pk-hfad-1_rhin(-ing-auxiliary-verb),581,581010
pk-hfad-1_rhin(-ing-auxiliary-verb).landmarks-mediapipe-world.csv,pk-hfad-1_rhin(-ing-auxiliary-verb),581,581001
pk-hfad-1_rhin(-ing-auxiliary-verb).landmarks-mediapipe-world.csv,pk-hfad-1_rhin(-ing-auxiliary-verb),581,581006
pk-hfad-1_rhin(-ing-auxiliary-verb).landmarks-mediapipe-world.csv,pk-hfad-1_rhin(-ing-auxiliary-verb),581,581011
pk-hfad-1_rhin(-ing-auxiliary-verb).landmarks-mediapipe-world.csv,pk-hfad-1_rhin(-ing-auxiliary-verb),581,581007
pk-hfad-1_rhin(-ing-auxiliary-verb).landmarks-mediapipe-world.csv,pk-hfad-1_rhin(-ing-auxiliary-verb),581,581002
pk-hfad-1_rho(-ing-auxiliary-verb).landmarks-mediapipe-world.csv,pk-hfad-1_rho(-ing-auxiliary-verb),582,-1
pk-hfad-1_rho(-ing-auxiliary-verb).landmarks-mediapipe-world.csv,pk-hfad-1_rho(-ing-auxiliary-verb),582,582008
pk-hfad-1_rho(-ing-auxiliary-verb).landmarks-mediapipe-world.csv,pk-hfad-1_rho(-ing-auxiliary-verb),582,582003
pk-hfad-1_rho(-ing-auxiliary-verb).landmarks-mediapipe-world.csv,pk-hfad-1_rho(-ing-auxiliary-verb),582,582004
pk-hfad-1_rho(-ing-auxiliary-verb).landmarks-mediapipe-world.csv,pk-hfad-1_rho(-ing-auxiliary-verb),582,582011
pk-hfad-1_rho(-ing-auxiliary-verb).landmarks-mediapipe-world.csv,pk-hfad-1_rho(-ing-auxiliary-verb),582,582002
pk-hfad-1_rho(-ing-auxiliary-verb).landmarks-mediapipe-world.csv,pk-hfad-1_rho(-ing-auxiliary-verb),582,582005
pk-hfad-1_rho(-ing-auxiliary-verb).landmarks-mediapipe-world.csv,pk-hfad-1_rho(-ing-auxiliary-verb),582,582009
pk-hfad-1_rhy(-ing-auxiliary-verb).landmarks-mediapipe-world.csv,pk-hfad-1_rhy(-ing-auxiliary-verb),583,-1
pk-hfad-1_rhy(-ing-auxiliary-verb).landmarks-mediapipe-world.csv,pk-hfad-1_rhy(-ing-auxiliary-verb),583,583001
pk-hfad-1_rhy(-ing-auxiliary-verb).landmarks-mediapipe-world.csv,pk-hfad-1_rhy(-ing-auxiliary-verb),583,583004
pk-hfad-1_rhy(-ing-auxiliary-verb).landmarks-mediapipe-world.csv,pk-hfad-1_rhy(-ing-auxiliary-verb),583,583002
pk-hfad-1_rhy(-ing-auxiliary-verb).landmarks-mediapipe-world.csv,pk-hfad-1_rhy(-ing-auxiliary-verb),583,583009
pk-hfad-1_rhy(-ing-auxiliary-verb).landmarks-mediapipe-world.csv,pk-hfad-1_rhy(-ing-auxiliary-verb),583,583010
pk-hfad-1_rhy(-ing-auxiliary-verb).landmarks-mediapipe-world.csv,pk-hfad-1_rhy(-ing-auxiliary-verb),583,583003
pk-hfad-1_rhy(-ing-auxiliary-verb).landmarks-mediapipe-world.csv,pk-hfad-1_rhy(-ing-auxiliary-verb),583,583008
pk-hfad-1_rice.landmarks-mediapipe-world.csv,pk-hfad-1_rice,584,-1
pk-hfad-1_rice.landmarks-mediapipe-world.csv,pk-hfad-1_rice,584,584009
pk-hfad-1_rice.landmarks-mediapipe-world.csv,pk-hfad-1_rice,584,584010
pk-hfad-1_rice.landmarks-mediapipe-world.csv,pk-hfad-1_rice,584,584007
pk-hfad-1_rice.landmarks-mediapipe-world.csv,pk-hfad-1_rice,584,584004
pk-hfad-1_rice.landmarks-mediapipe-world.csv,pk-hfad-1_rice,584,584005
pk-hfad-1_rice.landmarks-mediapipe-world.csv,pk-hfad-1_rice,584,584002
pk-hfad-1_rice.landmarks-mediapipe-world.csv,pk-hfad-1_rice,584,584011
pk-hfad-1_rickshaw.landmarks-mediapipe-world.csv,pk-hfad-1_rickshaw,585,-1
pk-hfad-1_rickshaw.landmarks-mediapipe-world.csv,pk-hfad-1_rickshaw,585,585008
pk-hfad-1_rickshaw.landmarks-mediapipe-world.csv,pk-hfad-1_rickshaw,585,585006
pk-hfad-1_rickshaw.landmarks-mediapipe-world.csv,pk-hfad-1_rickshaw,585,585003
pk-hfad-1_rickshaw.landmarks-mediapipe-world.csv,pk-hfad-1_rickshaw,585,585004
pk-hfad-1_rickshaw.landmarks-mediapipe-world.csv,pk-hfad-1_rickshaw,585,585001
pk-hfad-1_rickshaw.landmarks-mediapipe-world.csv,pk-hfad-1_rickshaw,585,585010
pk-hfad-1_rickshaw.landmarks-mediapipe-world.csv,pk-hfad-1_rickshaw,585,585007
pk-hfad-1_right(entitlement).landmarks-mediapipe-world.csv,pk-hfad-1_right(entitlement),586,-1
pk-hfad-1_right(entitlement).landmarks-mediapipe-world.csv,pk-hfad-1_right(entitlement),586,586003
pk-hfad-1_right(entitlement).landmarks-mediapipe-world.csv,pk-hfad-1_right(entitlement),586,586011
pk-hfad-1_right(entitlement).landmarks-mediapipe-world.csv,pk-hfad-1_right(entitlement),586,586001
pk-hfad-1_right(entitlement).landmarks-mediapipe-world.csv,pk-hfad-1_right(entitlement),586,586005
pk-hfad-1_right(entitlement).landmarks-mediapipe-world.csv,pk-hfad-1_right(entitlement),586,586002
pk-hfad-1_right(entitlement).landmarks-mediapipe-world.csv,pk-hfad-1_right(entitlement),586,586007
pk-hfad-1_right(entitlement).landmarks-mediapipe-world.csv,pk-hfad-1_right(entitlement),586,586006
pk-hfad-1_right-now.landmarks-mediapipe-world.csv,pk-hfad-1_right-now,587,-1
pk-hfad-1_right-now.landmarks-mediapipe-world.csv,pk-hfad-1_right-now,587,587008
pk-hfad-1_right-now.landmarks-mediapipe-world.csv,pk-hfad-1_right-now,587,587003
pk-hfad-1_right-now.landmarks-mediapipe-world.csv,pk-hfad-1_right-now,587,587004
pk-hfad-1_right-now.landmarks-mediapipe-world.csv,pk-hfad-1_right-now,587,587001
pk-hfad-1_right-now.landmarks-mediapipe-world.csv,pk-hfad-1_right-now,587,587010
pk-hfad-1_right-now.landmarks-mediapipe-world.csv,pk-hfad-1_right-now,587,587002
pk-hfad-1_right-now.landmarks-mediapipe-world.csv,pk-hfad-1_right-now,587,587006
pk-hfad-1_river.landmarks-mediapipe-world.csv,pk-hfad-1_river,588,-1
pk-hfad-1_river.landmarks-mediapipe-world.csv,pk-hfad-1_river,588,588010
pk-hfad-1_river.landmarks-mediapipe-world.csv,pk-hfad-1_river,588,588011
pk-hfad-1_river.landmarks-mediapipe-world.csv,pk-hfad-1_river,588,588007
pk-hfad-1_river.landmarks-mediapipe-world.csv,pk-hfad-1_river,588,588004
pk-hfad-1_river.landmarks-mediapipe-world.csv,pk-hfad-1_river,588,588005
pk-hfad-1_river.landmarks-mediapipe-world.csv,pk-hfad-1_river,588,588008
pk-hfad-1_river.landmarks-mediapipe-world.csv,pk-hfad-1_river,588,588002
pk-hfad-1_road.landmarks-mediapipe-world.csv,pk-hfad-1_road,589,-1
pk-hfad-1_road.landmarks-mediapipe-world.csv,pk-hfad-1_road,589,589008
pk-hfad-1_road.landmarks-mediapipe-world.csv,pk-hfad-1_road,589,589010
pk-hfad-1_road.landmarks-mediapipe-world.csv,pk-hfad-1_road,589,589001
pk-hfad-1_road.landmarks-mediapipe-world.csv,pk-hfad-1_road,589,589002
pk-hfad-1_road.landmarks-mediapipe-world.csv,pk-hfad-1_road,589,589007
pk-hfad-1_road.landmarks-mediapipe-world.csv,pk-hfad-1_road,589,589003
pk-hfad-1_road.landmarks-mediapipe-world.csv,pk-hfad-1_road,589,589005
pk-hfad-1_roti.landmarks-mediapipe-world.csv,pk-hfad-1_roti,590,-1
pk-hfad-1_roti.landmarks-mediapipe-world.csv,pk-hfad-1_roti,590,590006
pk-hfad-1_roti.landmarks-mediapipe-world.csv,pk-hfad-1_roti,590,590011
pk-hfad-1_roti.landmarks-mediapipe-world.csv,pk-hfad-1_roti,590,590008
pk-hfad-1_roti.landmarks-mediapipe-world.csv,pk-hfad-1_roti,590,590005
pk-hfad-1_roti.landmarks-mediapipe-world.csv,pk-hfad-1_roti,590,590003
pk-hfad-1_roti.landmarks-mediapipe-world.csv,pk-hfad-1_roti,590,590007
pk-hfad-1_roti.landmarks-mediapipe-world.csv,pk-hfad-1_roti,590,590004
pk-hfad-1_rrey.landmarks-mediapipe-world.csv,pk-hfad-1_rrey,591,-1
pk-hfad-1_rrey.landmarks-mediapipe-world.csv,pk-hfad-1_rrey,591,591003
pk-hfad-1_rrey.landmarks-mediapipe-world.csv,pk-hfad-1_rrey,591,591008
pk-hfad-1_rrey.landmarks-mediapipe-world.csv,pk-hfad-1_rrey,591,591006
pk-hfad-1_rrey.landmarks-mediapipe-world.csv,pk-hfad-1_rrey,591,591007
pk-hfad-1_rrey.landmarks-mediapipe-world.csv,pk-hfad-1_rrey,591,591001
pk-hfad-1_rrey.landmarks-mediapipe-world.csv,pk-hfad-1_rrey,591,591011
pk-hfad-1_rrey.landmarks-mediapipe-world.csv,pk-hfad-1_rrey,591,591010
pk-hfad-1_rumor.landmarks-mediapipe-world.csv,pk-hfad-1_rumor,592,-1
pk-hfad-1_rumor.landmarks-mediapipe-world.csv,pk-hfad-1_rumor,592,592001
pk-hfad-1_rumor.landmarks-mediapipe-world.csv,pk-hfad-1_rumor,592,592005
pk-hfad-1_rumor.landmarks-mediapipe-world.csv,pk-hfad-1_rumor,592,592002
pk-hfad-1_rumor.landmarks-mediapipe-world.csv,pk-hfad-1_rumor,592,592003
pk-hfad-1_rumor.landmarks-mediapipe-world.csv,pk-hfad-1_rumor,592,592009
pk-hfad-1_rumor.landmarks-mediapipe-world.csv,pk-hfad-1_rumor,592,592008
pk-hfad-1_rumor.landmarks-mediapipe-world.csv,pk-hfad-1_rumor,592,592004
pk-hfad-1_s(double-handed-letter).landmarks-mediapipe-world.csv,pk-hfad-1_s(double-handed-letter),593,-1
pk-hfad-1_s(double-handed-letter).landmarks-mediapipe-world.csv,pk-hfad-1_s(double-handed-letter),593,593009
pk-hfad-1_s(double-handed-letter).landmarks-mediapipe-world.csv,pk-hfad-1_s(double-handed-letter),593,593010
pk-hfad-1_s(double-handed-letter).landmarks-mediapipe-world.csv,pk-hfad-1_s(double-handed-letter),593,593003
pk-hfad-1_s(double-handed-letter).landmarks-mediapipe-world.csv,pk-hfad-1_s(double-handed-letter),593,593011
pk-hfad-1_s(double-handed-letter).landmarks-mediapipe-world.csv,pk-hfad-1_s(double-handed-letter),593,593001
pk-hfad-1_s(double-handed-letter).landmarks-mediapipe-world.csv,pk-hfad-1_s(double-handed-letter),593,593004
pk-hfad-1_s(double-handed-letter).landmarks-mediapipe-world.csv,pk-hfad-1_s(double-handed-letter),593,593007
pk-hfad-1_s(single-handed-letter).landmarks-mediapipe-world.csv,pk-hfad-1_s(single-handed-letter),594,-1
pk-hfad-1_s(single-handed-letter).landmarks-mediapipe-world.csv,pk-hfad-1_s(single-handed-letter),594,594009
pk-hfad-1_s(single-handed-letter).landmarks-mediapipe-world.csv,pk-hfad-1_s(single-handed-letter),594,594011
pk-hfad-1_s(single-handed-letter).landmarks-mediapipe-world.csv,pk-hfad-1_s(single-handed-letter),594,594004
pk-hfad-1_s(single-handed-letter).landmarks-mediapipe-world.csv,pk-hfad-1_s(single-handed-letter),594,594001
pk-hfad-1_s(single-handed-letter).landmarks-mediapipe-world.csv,pk-hfad-1_s(single-handed-letter),594,594010
pk-hfad-1_s(single-handed-letter).landmarks-mediapipe-world.csv,pk-hfad-1_s(single-handed-letter),594,594005
pk-hfad-1_s(single-handed-letter).landmarks-mediapipe-world.csv,pk-hfad-1_s(single-handed-letter),594,594008
pk-hfad-1_safe.landmarks-mediapipe-world.csv,pk-hfad-1_safe,595,-1
pk-hfad-1_safe.landmarks-mediapipe-world.csv,pk-hfad-1_safe,595,595011
pk-hfad-1_safe.landmarks-mediapipe-world.csv,pk-hfad-1_safe,595,595006
pk-hfad-1_safe.landmarks-mediapipe-world.csv,pk-hfad-1_safe,595,595008
pk-hfad-1_safe.landmarks-mediapipe-world.csv,pk-hfad-1_safe,595,595001
pk-hfad-1_safe.landmarks-mediapipe-world.csv,pk-hfad-1_safe,595,595009
pk-hfad-1_safe.landmarks-mediapipe-world.csv,pk-hfad-1_safe,595,595004
pk-hfad-1_safe.landmarks-mediapipe-world.csv,pk-hfad-1_safe,595,595005
pk-hfad-1_sahiwal.landmarks-mediapipe-world.csv,pk-hfad-1_sahiwal,596,-1
pk-hfad-1_sahiwal.landmarks-mediapipe-world.csv,pk-hfad-1_sahiwal,596,596005
pk-hfad-1_sahiwal.landmarks-mediapipe-world.csv,pk-hfad-1_sahiwal,596,596006
pk-hfad-1_sahiwal.landmarks-mediapipe-world.csv,pk-hfad-1_sahiwal,596,596011
pk-hfad-1_sahiwal.landmarks-mediapipe-world.csv,pk-hfad-1_sahiwal,596,596004
pk-hfad-1_sahiwal.landmarks-mediapipe-world.csv,pk-hfad-1_sahiwal,596,596008
pk-hfad-1_sahiwal.landmarks-mediapipe-world.csv,pk-hfad-1_sahiwal,596,596009
pk-hfad-1_sahiwal.landmarks-mediapipe-world.csv,pk-hfad-1_sahiwal,596,596002
pk-hfad-1_salat.landmarks-mediapipe-world.csv,pk-hfad-1_salat,597,-1
pk-hfad-1_salat.landmarks-mediapipe-world.csv,pk-hfad-1_salat,597,597004
pk-hfad-1_salat.landmarks-mediapipe-world.csv,pk-hfad-1_salat,597,597002
pk-hfad-1_salat.landmarks-mediapipe-world.csv,pk-hfad-1_salat,597,597009
pk-hfad-1_salat.landmarks-mediapipe-world.csv,pk-hfad-1_salat,597,597006
pk-hfad-1_salat.landmarks-mediapipe-world.csv,pk-hfad-1_salat,597,597011
pk-hfad-1_salat.landmarks-mediapipe-world.csv,pk-hfad-1_salat,597,597003
pk-hfad-1_salat.landmarks-mediapipe-world.csv,pk-hfad-1_salat,597,597001
pk-hfad-1_salt.landmarks-mediapipe-world.csv,pk-hfad-1_salt,598,-1
pk-hfad-1_salt.landmarks-mediapipe-world.csv,pk-hfad-1_salt,598,598008
pk-hfad-1_salt.landmarks-mediapipe-world.csv,pk-hfad-1_salt,598,598007
pk-hfad-1_salt.landmarks-mediapipe-world.csv,pk-hfad-1_salt,598,598001
pk-hfad-1_salt.landmarks-mediapipe-world.csv,pk-hfad-1_salt,598,598003
pk-hfad-1_salt.landmarks-mediapipe-world.csv,pk-hfad-1_salt,598,598009
pk-hfad-1_salt.landmarks-mediapipe-world.csv,pk-hfad-1_salt,598,598010
pk-hfad-1_salt.landmarks-mediapipe-world.csv,pk-hfad-1_salt,598,598004
pk-hfad-1_samosa.landmarks-mediapipe-world.csv,pk-hfad-1_samosa,599,-1
pk-hfad-1_samosa.landmarks-mediapipe-world.csv,pk-hfad-1_samosa,599,599006
pk-hfad-1_samosa.landmarks-mediapipe-world.csv,pk-hfad-1_samosa,599,599005
pk-hfad-1_samosa.landmarks-mediapipe-world.csv,pk-hfad-1_samosa,599,599008
pk-hfad-1_samosa.landmarks-mediapipe-world.csv,pk-hfad-1_samosa,599,599001
pk-hfad-1_samosa.landmarks-mediapipe-world.csv,pk-hfad-1_samosa,599,599011
pk-hfad-1_samosa.landmarks-mediapipe-world.csv,pk-hfad-1_samosa,599,599010
pk-hfad-1_samosa.landmarks-mediapipe-world.csv,pk-hfad-1_samosa,599,599009
pk-hfad-1_sargodha.landmarks-mediapipe-world.csv,pk-hfad-1_sargodha,600,-1
pk-hfad-1_sargodha.landmarks-mediapipe-world.csv,pk-hfad-1_sargodha,600,600003
pk-hfad-1_sargodha.landmarks-mediapipe-world.csv,pk-hfad-1_sargodha,600,600004
pk-hfad-1_sargodha.landmarks-mediapipe-world.csv,pk-hfad-1_sargodha,600,600005
pk-hfad-1_sargodha.landmarks-mediapipe-world.csv,pk-hfad-1_sargodha,600,600011
pk-hfad-1_sargodha.landmarks-mediapipe-world.csv,pk-hfad-1_sargodha,600,600010
pk-hfad-1_sargodha.landmarks-mediapipe-world.csv,pk-hfad-1_sargodha,600,600006
pk-hfad-1_sargodha.landmarks-mediapipe-world.csv,pk-hfad-1_sargodha,600,600007
pk-hfad-1_satan.landmarks-mediapipe-world.csv,pk-hfad-1_satan,601,-1
pk-hfad-1_satan.landmarks-mediapipe-world.csv,pk-hfad-1_satan,601,601008
pk-hfad-1_satan.landmarks-mediapipe-world.csv,pk-hfad-1_satan,601,601010
pk-hfad-1_satan.landmarks-mediapipe-world.csv,pk-hfad-1_satan,601,601005
pk-hfad-1_satan.landmarks-mediapipe-world.csv,pk-hfad-1_satan,601,601011
pk-hfad-1_satan.landmarks-mediapipe-world.csv,pk-hfad-1_satan,601,601006
pk-hfad-1_satan.landmarks-mediapipe-world.csv,pk-hfad-1_satan,601,601009
pk-hfad-1_satan.landmarks-mediapipe-world.csv,pk-hfad-1_satan,601,601003
pk-hfad-1_saturday.landmarks-mediapipe-world.csv,pk-hfad-1_saturday,602,-1
pk-hfad-1_saturday.landmarks-mediapipe-world.csv,pk-hfad-1_saturday,602,602010
pk-hfad-1_saturday.landmarks-mediapipe-world.csv,pk-hfad-1_saturday,602,602011
pk-hfad-1_saturday.landmarks-mediapipe-world.csv,pk-hfad-1_saturday,602,602009
pk-hfad-1_saturday.landmarks-mediapipe-world.csv,pk-hfad-1_saturday,602,602006
pk-hfad-1_saturday.landmarks-mediapipe-world.csv,pk-hfad-1_saturday,602,602007
pk-hfad-1_saturday.landmarks-mediapipe-world.csv,pk-hfad-1_saturday,602,602005
pk-hfad-1_saturday.landmarks-mediapipe-world.csv,pk-hfad-1_saturday,602,602003
pk-hfad-1_saudi-arabia.landmarks-mediapipe-world.csv,pk-hfad-1_saudi-arabia,603,-1
pk-hfad-1_saudi-arabia.landmarks-mediapipe-world.csv,pk-hfad-1_saudi-arabia,603,603002
pk-hfad-1_saudi-arabia.landmarks-mediapipe-world.csv,pk-hfad-1_saudi-arabia,603,603007
pk-hfad-1_saudi-arabia.landmarks-mediapipe-world.csv,pk-hfad-1_saudi-arabia,603,603003
pk-hfad-1_saudi-arabia.landmarks-mediapipe-world.csv,pk-hfad-1_saudi-arabia,603,603005
pk-hfad-1_saudi-arabia.landmarks-mediapipe-world.csv,pk-hfad-1_saudi-arabia,603,603009
pk-hfad-1_saudi-arabia.landmarks-mediapipe-world.csv,pk-hfad-1_saudi-arabia,603,603006
pk-hfad-1_saudi-arabia.landmarks-mediapipe-world.csv,pk-hfad-1_saudi-arabia,603,603008
pk-hfad-1_scarf.landmarks-mediapipe-world.csv,pk-hfad-1_scarf,604,-1
pk-hfad-1_scarf.landmarks-mediapipe-world.csv,pk-hfad-1_scarf,604,604008
pk-hfad-1_scarf.landmarks-mediapipe-world.csv,pk-hfad-1_scarf,604,604010
pk-hfad-1_scarf.landmarks-mediapipe-world.csv,pk-hfad-1_scarf,604,604009
pk-hfad-1_scarf.landmarks-mediapipe-world.csv,pk-hfad-1_scarf,604,604002
pk-hfad-1_scarf.landmarks-mediapipe-world.csv,pk-hfad-1_scarf,604,604006
pk-hfad-1_scarf.landmarks-mediapipe-world.csv,pk-hfad-1_scarf,604,604007
pk-hfad-1_scarf.landmarks-mediapipe-world.csv,pk-hfad-1_scarf,604,604004
pk-hfad-1_school-canteen.landmarks-mediapipe-world.csv,pk-hfad-1_school-canteen,606,-1
pk-hfad-1_school-canteen.landmarks-mediapipe-world.csv,pk-hfad-1_school-canteen,606,606006
pk-hfad-1_school-canteen.landmarks-mediapipe-world.csv,pk-hfad-1_school-canteen,606,606005
pk-hfad-1_school-canteen.landmarks-mediapipe-world.csv,pk-hfad-1_school-canteen,606,606011
pk-hfad-1_school-canteen.landmarks-mediapipe-world.csv,pk-hfad-1_school-canteen,606,606003
pk-hfad-1_school-canteen.landmarks-mediapipe-world.csv,pk-hfad-1_school-canteen,606,606004
pk-hfad-1_school-canteen.landmarks-mediapipe-world.csv,pk-hfad-1_school-canteen,606,606010
pk-hfad-1_school-canteen.landmarks-mediapipe-world.csv,pk-hfad-1_school-canteen,606,606001
pk-hfad-1_school.landmarks-mediapipe-world.csv,pk-hfad-1_school,605,-1
pk-hfad-1_school.landmarks-mediapipe-world.csv,pk-hfad-1_school,605,605003
pk-hfad-1_school.landmarks-mediapipe-world.csv,pk-hfad-1_school,605,605002
pk-hfad-1_school.landmarks-mediapipe-world.csv,pk-hfad-1_school,605,605010
pk-hfad-1_school.landmarks-mediapipe-world.csv,pk-hfad-1_school,605,605009
pk-hfad-1_school.landmarks-mediapipe-world.csv,pk-hfad-1_school,605,605004
pk-hfad-1_school.landmarks-mediapipe-world.csv,pk-hfad-1_school,605,605011
pk-hfad-1_school.landmarks-mediapipe-world.csv,pk-hfad-1_school,605,605005
pk-hfad-1_science.landmarks-mediapipe-world.csv,pk-hfad-1_science,607,-1
pk-hfad-1_science.landmarks-mediapipe-world.csv,pk-hfad-1_science,607,607009
pk-hfad-1_science.landmarks-mediapipe-world.csv,pk-hfad-1_science,607,607006
pk-hfad-1_science.landmarks-mediapipe-world.csv,pk-hfad-1_science,607,607003
pk-hfad-1_science.landmarks-mediapipe-world.csv,pk-hfad-1_science,607,607005
pk-hfad-1_science.landmarks-mediapipe-world.csv,pk-hfad-1_science,607,607011
pk-hfad-1_science.landmarks-mediapipe-world.csv,pk-hfad-1_science,607,607001
pk-hfad-1_science.landmarks-mediapipe-world.csv,pk-hfad-1_science,607,607008
pk-hfad-1_sea.landmarks-mediapipe-world.csv,pk-hfad-1_sea,608,-1
pk-hfad-1_sea.landmarks-mediapipe-world.csv,pk-hfad-1_sea,608,608010
pk-hfad-1_sea.landmarks-mediapipe-world.csv,pk-hfad-1_sea,608,608003
pk-hfad-1_sea.landmarks-mediapipe-world.csv,pk-hfad-1_sea,608,608008
pk-hfad-1_sea.landmarks-mediapipe-world.csv,pk-hfad-1_sea,608,608007
pk-hfad-1_sea.landmarks-mediapipe-world.csv,pk-hfad-1_sea,608,608006
pk-hfad-1_sea.landmarks-mediapipe-world.csv,pk-hfad-1_sea,608,608009
pk-hfad-1_sea.landmarks-mediapipe-world.csv,pk-hfad-1_sea,608,608011
pk-hfad-1_search.landmarks-mediapipe-world.csv,pk-hfad-1_search,609,-1
pk-hfad-1_search.landmarks-mediapipe-world.csv,pk-hfad-1_search,609,609005
pk-hfad-1_search.landmarks-mediapipe-world.csv,pk-hfad-1_search,609,609010
pk-hfad-1_search.landmarks-mediapipe-world.csv,pk-hfad-1_search,609,609002
pk-hfad-1_search.landmarks-mediapipe-world.csv,pk-hfad-1_search,609,609004
pk-hfad-1_search.landmarks-mediapipe-world.csv,pk-hfad-1_search,609,609006
pk-hfad-1_search.landmarks-mediapipe-world.csv,pk-hfad-1_search,609,609007
pk-hfad-1_search.landmarks-mediapipe-world.csv,pk-hfad-1_search,609,609008
pk-hfad-1_second(unit-of-time).landmarks-mediapipe-world.csv,pk-hfad-1_second(unit-of-time),610,-1
pk-hfad-1_second(unit-of-time).landmarks-mediapipe-world.csv,pk-hfad-1_second(unit-of-time),610,610004
pk-hfad-1_second(unit-of-time).landmarks-mediapipe-world.csv,pk-hfad-1_second(unit-of-time),610,610008
pk-hfad-1_second(unit-of-time).landmarks-mediapipe-world.csv,pk-hfad-1_second(unit-of-time),610,610007
pk-hfad-1_second(unit-of-time).landmarks-mediapipe-world.csv,pk-hfad-1_second(unit-of-time),610,610001
pk-hfad-1_second(unit-of-time).landmarks-mediapipe-world.csv,pk-hfad-1_second(unit-of-time),610,610010
pk-hfad-1_second(unit-of-time).landmarks-mediapipe-world.csv,pk-hfad-1_second(unit-of-time),610,610005
pk-hfad-1_second(unit-of-time).landmarks-mediapipe-world.csv,pk-hfad-1_second(unit-of-time),610,610011
pk-hfad-1_security-guard.landmarks-mediapipe-world.csv,pk-hfad-1_security-guard,611,-1
pk-hfad-1_security-guard.landmarks-mediapipe-world.csv,pk-hfad-1_security-guard,611,611005
pk-hfad-1_security-guard.landmarks-mediapipe-world.csv,pk-hfad-1_security-guard,611,611009
pk-hfad-1_security-guard.landmarks-mediapipe-world.csv,pk-hfad-1_security-guard,611,611007
pk-hfad-1_security-guard.landmarks-mediapipe-world.csv,pk-hfad-1_security-guard,611,611003
pk-hfad-1_security-guard.landmarks-mediapipe-world.csv,pk-hfad-1_security-guard,611,611004
pk-hfad-1_security-guard.landmarks-mediapipe-world.csv,pk-hfad-1_security-guard,611,611006
pk-hfad-1_security-guard.landmarks-mediapipe-world.csv,pk-hfad-1_security-guard,611,611011
pk-hfad-1_selfishness.landmarks-mediapipe-world.csv,pk-hfad-1_selfishness,612,-1
pk-hfad-1_selfishness.landmarks-mediapipe-world.csv,pk-hfad-1_selfishness,612,612001
pk-hfad-1_selfishness.landmarks-mediapipe-world.csv,pk-hfad-1_selfishness,612,612009
pk-hfad-1_selfishness.landmarks-mediapipe-world.csv,pk-hfad-1_selfishness,612,612003
pk-hfad-1_selfishness.landmarks-mediapipe-world.csv,pk-hfad-1_selfishness,612,612011
pk-hfad-1_selfishness.landmarks-mediapipe-world.csv,pk-hfad-1_selfishness,612,612010
pk-hfad-1_selfishness.landmarks-mediapipe-world.csv,pk-hfad-1_selfishness,612,612005
pk-hfad-1_selfishness.landmarks-mediapipe-world.csv,pk-hfad-1_selfishness,612,612004
pk-hfad-1_servant.landmarks-mediapipe-world.csv,pk-hfad-1_servant,613,-1
pk-hfad-1_servant.landmarks-mediapipe-world.csv,pk-hfad-1_servant,613,613005
pk-hfad-1_servant.landmarks-mediapipe-world.csv,pk-hfad-1_servant,613,613009
pk-hfad-1_servant.landmarks-mediapipe-world.csv,pk-hfad-1_servant,613,613008
pk-hfad-1_servant.landmarks-mediapipe-world.csv,pk-hfad-1_servant,613,613011
pk-hfad-1_servant.landmarks-mediapipe-world.csv,pk-hfad-1_servant,613,613001
pk-hfad-1_servant.landmarks-mediapipe-world.csv,pk-hfad-1_servant,613,613004
pk-hfad-1_servant.landmarks-mediapipe-world.csv,pk-hfad-1_servant,613,613007
pk-hfad-1_shadow.landmarks-mediapipe-world.csv,pk-hfad-1_shadow,614,-1
pk-hfad-1_shadow.landmarks-mediapipe-world.csv,pk-hfad-1_shadow,614,614006
pk-hfad-1_shadow.landmarks-mediapipe-world.csv,pk-hfad-1_shadow,614,614008
pk-hfad-1_shadow.landmarks-mediapipe-world.csv,pk-hfad-1_shadow,614,614009
pk-hfad-1_shadow.landmarks-mediapipe-world.csv,pk-hfad-1_shadow,614,614004
pk-hfad-1_shadow.landmarks-mediapipe-world.csv,pk-hfad-1_shadow,614,614002
pk-hfad-1_shadow.landmarks-mediapipe-world.csv,pk-hfad-1_shadow,614,614007
pk-hfad-1_shadow.landmarks-mediapipe-world.csv,pk-hfad-1_shadow,614,614011
pk-hfad-1_shame.landmarks-mediapipe-world.csv,pk-hfad-1_shame,615,-1
pk-hfad-1_shame.landmarks-mediapipe-world.csv,pk-hfad-1_shame,615,615010
pk-hfad-1_shame.landmarks-mediapipe-world.csv,pk-hfad-1_shame,615,615009
pk-hfad-1_shame.landmarks-mediapipe-world.csv,pk-hfad-1_shame,615,615011
pk-hfad-1_shame.landmarks-mediapipe-world.csv,pk-hfad-1_shame,615,615003
pk-hfad-1_shame.landmarks-mediapipe-world.csv,pk-hfad-1_shame,615,615007
pk-hfad-1_shame.landmarks-mediapipe-world.csv,pk-hfad-1_shame,615,615004
pk-hfad-1_shame.landmarks-mediapipe-world.csv,pk-hfad-1_shame,615,615002
pk-hfad-1_sharpener.landmarks-mediapipe-world.csv,pk-hfad-1_sharpener,616,-1
pk-hfad-1_sharpener.landmarks-mediapipe-world.csv,pk-hfad-1_sharpener,616,616006
pk-hfad-1_sharpener.landmarks-mediapipe-world.csv,pk-hfad-1_sharpener,616,616001
pk-hfad-1_sharpener.landmarks-mediapipe-world.csv,pk-hfad-1_sharpener,616,616010
pk-hfad-1_sharpener.landmarks-mediapipe-world.csv,pk-hfad-1_sharpener,616,616007
pk-hfad-1_sharpener.landmarks-mediapipe-world.csv,pk-hfad-1_sharpener,616,616003
pk-hfad-1_sharpener.landmarks-mediapipe-world.csv,pk-hfad-1_sharpener,616,616009
pk-hfad-1_sharpener.landmarks-mediapipe-world.csv,pk-hfad-1_sharpener,616,616005
pk-hfad-1_sheen.landmarks-mediapipe-world.csv,pk-hfad-1_sheen,617,-1
pk-hfad-1_sheen.landmarks-mediapipe-world.csv,pk-hfad-1_sheen,617,617008
pk-hfad-1_sheen.landmarks-mediapipe-world.csv,pk-hfad-1_sheen,617,617006
pk-hfad-1_sheen.landmarks-mediapipe-world.csv,pk-hfad-1_sheen,617,617003
pk-hfad-1_sheen.landmarks-mediapipe-world.csv,pk-hfad-1_sheen,617,617007
pk-hfad-1_sheen.landmarks-mediapipe-world.csv,pk-hfad-1_sheen,617,617002
pk-hfad-1_sheen.landmarks-mediapipe-world.csv,pk-hfad-1_sheen,617,617009
pk-hfad-1_sheen.landmarks-mediapipe-world.csv,pk-hfad-1_sheen,617,617005
pk-hfad-1_sheikhupura.landmarks-mediapipe-world.csv,pk-hfad-1_sheikhupura,618,-1
pk-hfad-1_sheikhupura.landmarks-mediapipe-world.csv,pk-hfad-1_sheikhupura,618,618011
pk-hfad-1_sheikhupura.landmarks-mediapipe-world.csv,pk-hfad-1_sheikhupura,618,618008
pk-hfad-1_sheikhupura.landmarks-mediapipe-world.csv,pk-hfad-1_sheikhupura,618,618005
pk-hfad-1_sheikhupura.landmarks-mediapipe-world.csv,pk-hfad-1_sheikhupura,618,618001
pk-hfad-1_sheikhupura.landmarks-mediapipe-world.csv,pk-hfad-1_sheikhupura,618,618007
pk-hfad-1_sheikhupura.landmarks-mediapipe-world.csv,pk-hfad-1_sheikhupura,618,618004
pk-hfad-1_sheikhupura.landmarks-mediapipe-world.csv,pk-hfad-1_sheikhupura,618,618003
pk-hfad-1_ship(boat).landmarks-mediapipe-world.csv,pk-hfad-1_ship(boat),619,-1
pk-hfad-1_ship(boat).landmarks-mediapipe-world.csv,pk-hfad-1_ship(boat),619,619009
pk-hfad-1_ship(boat).landmarks-mediapipe-world.csv,pk-hfad-1_ship(boat),619,619010
pk-hfad-1_ship(boat).landmarks-mediapipe-world.csv,pk-hfad-1_ship(boat),619,619002
pk-hfad-1_ship(boat).landmarks-mediapipe-world.csv,pk-hfad-1_ship(boat),619,619004
pk-hfad-1_ship(boat).landmarks-mediapipe-world.csv,pk-hfad-1_ship(boat),619,619008
pk-hfad-1_ship(boat).landmarks-mediapipe-world.csv,pk-hfad-1_ship(boat),619,619006
pk-hfad-1_ship(boat).landmarks-mediapipe-world.csv,pk-hfad-1_ship(boat),619,619003
pk-hfad-1_shirt.landmarks-mediapipe-world.csv,pk-hfad-1_shirt,620,-1
pk-hfad-1_shirt.landmarks-mediapipe-world.csv,pk-hfad-1_shirt,620,620008
pk-hfad-1_shirt.landmarks-mediapipe-world.csv,pk-hfad-1_shirt,620,620001
pk-hfad-1_shirt.landmarks-mediapipe-world.csv,pk-hfad-1_shirt,620,620006
pk-hfad-1_shirt.landmarks-mediapipe-world.csv,pk-hfad-1_shirt,620,620010
pk-hfad-1_shirt.landmarks-mediapipe-world.csv,pk-hfad-1_shirt,620,620011
pk-hfad-1_shirt.landmarks-mediapipe-world.csv,pk-hfad-1_shirt,620,620005
pk-hfad-1_shirt.landmarks-mediapipe-world.csv,pk-hfad-1_shirt,620,620003
pk-hfad-1_shop.landmarks-mediapipe-world.csv,pk-hfad-1_shop,621,-1
pk-hfad-1_shop.landmarks-mediapipe-world.csv,pk-hfad-1_shop,621,621007
pk-hfad-1_shop.landmarks-mediapipe-world.csv,pk-hfad-1_shop,621,621008
pk-hfad-1_shop.landmarks-mediapipe-world.csv,pk-hfad-1_shop,621,621009
pk-hfad-1_shop.landmarks-mediapipe-world.csv,pk-hfad-1_shop,621,621011
pk-hfad-1_shop.landmarks-mediapipe-world.csv,pk-hfad-1_shop,621,621005
pk-hfad-1_shop.landmarks-mediapipe-world.csv,pk-hfad-1_shop,621,621002
pk-hfad-1_shop.landmarks-mediapipe-world.csv,pk-hfad-1_shop,621,621010
pk-hfad-1_shut.landmarks-mediapipe-world.csv,pk-hfad-1_shut,622,-1
pk-hfad-1_shut.landmarks-mediapipe-world.csv,pk-hfad-1_shut,622,622011
pk-hfad-1_shut.landmarks-mediapipe-world.csv,pk-hfad-1_shut,622,622008
pk-hfad-1_shut.landmarks-mediapipe-world.csv,pk-hfad-1_shut,622,622006
pk-hfad-1_shut.landmarks-mediapipe-world.csv,pk-hfad-1_shut,622,622002
pk-hfad-1_shut.landmarks-mediapipe-world.csv,pk-hfad-1_shut,622,622009
pk-hfad-1_shut.landmarks-mediapipe-world.csv,pk-hfad-1_shut,622,622001
pk-hfad-1_shut.landmarks-mediapipe-world.csv,pk-hfad-1_shut,622,622003
pk-hfad-1_sialkot.landmarks-mediapipe-world.csv,pk-hfad-1_sialkot,623,-1
pk-hfad-1_sialkot.landmarks-mediapipe-world.csv,pk-hfad-1_sialkot,623,623009
pk-hfad-1_sialkot.landmarks-mediapipe-world.csv,pk-hfad-1_sialkot,623,623006
pk-hfad-1_sialkot.landmarks-mediapipe-world.csv,pk-hfad-1_sialkot,623,623004
pk-hfad-1_sialkot.landmarks-mediapipe-world.csv,pk-hfad-1_sialkot,623,623007
pk-hfad-1_sialkot.landmarks-mediapipe-world.csv,pk-hfad-1_sialkot,623,623002
pk-hfad-1_sialkot.landmarks-mediapipe-world.csv,pk-hfad-1_sialkot,623,623011
pk-hfad-1_sialkot.landmarks-mediapipe-world.csv,pk-hfad-1_sialkot,623,623003
pk-hfad-1_silver.landmarks-mediapipe-world.csv,pk-hfad-1_silver,624,-1
pk-hfad-1_silver.landmarks-mediapipe-world.csv,pk-hfad-1_silver,624,624006
pk-hfad-1_silver.landmarks-mediapipe-world.csv,pk-hfad-1_silver,624,624007
pk-hfad-1_silver.landmarks-mediapipe-world.csv,pk-hfad-1_silver,624,624011
pk-hfad-1_silver.landmarks-mediapipe-world.csv,pk-hfad-1_silver,624,624008
pk-hfad-1_silver.landmarks-mediapipe-world.csv,pk-hfad-1_silver,624,624005
pk-hfad-1_silver.landmarks-mediapipe-world.csv,pk-hfad-1_silver,624,624010
pk-hfad-1_silver.landmarks-mediapipe-world.csv,pk-hfad-1_silver,624,624003
pk-hfad-1_sin.landmarks-mediapipe-world.csv,pk-hfad-1_sin,625,-1
pk-hfad-1_sin.landmarks-mediapipe-world.csv,pk-hfad-1_sin,625,625005
pk-hfad-1_sin.landmarks-mediapipe-world.csv,pk-hfad-1_sin,625,625004
pk-hfad-1_sin.landmarks-mediapipe-world.csv,pk-hfad-1_sin,625,625006
pk-hfad-1_sin.landmarks-mediapipe-world.csv,pk-hfad-1_sin,625,625007
pk-hfad-1_sin.landmarks-mediapipe-world.csv,pk-hfad-1_sin,625,625003
pk-hfad-1_sin.landmarks-mediapipe-world.csv,pk-hfad-1_sin,625,625008
pk-hfad-1_sin.landmarks-mediapipe-world.csv,pk-hfad-1_sin,625,625010
pk-hfad-1_sindh.landmarks-mediapipe-world.csv,pk-hfad-1_sindh,626,-1
pk-hfad-1_sindh.landmarks-mediapipe-world.csv,pk-hfad-1_sindh,626,626003
pk-hfad-1_sindh.landmarks-mediapipe-world.csv,pk-hfad-1_sindh,626,626009
pk-hfad-1_sindh.landmarks-mediapipe-world.csv,pk-hfad-1_sindh,626,626007
pk-hfad-1_sindh.landmarks-mediapipe-world.csv,pk-hfad-1_sindh,626,626010
pk-hfad-1_sindh.landmarks-mediapipe-world.csv,pk-hfad-1_sindh,626,626001
pk-hfad-1_sindh.landmarks-mediapipe-world.csv,pk-hfad-1_sindh,626,626011
pk-hfad-1_sindh.landmarks-mediapipe-world.csv,pk-hfad-1_sindh,626,626008
pk-hfad-1_singular.landmarks-mediapipe-world.csv,pk-hfad-1_singular,627,-1
pk-hfad-1_singular.landmarks-mediapipe-world.csv,pk-hfad-1_singular,627,627004
pk-hfad-1_singular.landmarks-mediapipe-world.csv,pk-hfad-1_singular,627,627002
pk-hfad-1_singular.landmarks-mediapipe-world.csv,pk-hfad-1_singular,627,627010
pk-hfad-1_singular.landmarks-mediapipe-world.csv,pk-hfad-1_singular,627,627001
pk-hfad-1_singular.landmarks-mediapipe-world.csv,pk-hfad-1_singular,627,627008
pk-hfad-1_singular.landmarks-mediapipe-world.csv,pk-hfad-1_singular,627,627007
pk-hfad-1_singular.landmarks-mediapipe-world.csv,pk-hfad-1_singular,627,627003
pk-hfad-1_sister.landmarks-mediapipe-world.csv,pk-hfad-1_sister,628,-1
pk-hfad-1_sister.landmarks-mediapipe-world.csv,pk-hfad-1_sister,628,628011
pk-hfad-1_sister.landmarks-mediapipe-world.csv,pk-hfad-1_sister,628,628002
pk-hfad-1_sister.landmarks-mediapipe-world.csv,pk-hfad-1_sister,628,628004
pk-hfad-1_sister.landmarks-mediapipe-world.csv,pk-hfad-1_sister,628,628001
pk-hfad-1_sister.landmarks-mediapipe-world.csv,pk-hfad-1_sister,628,628010
pk-hfad-1_sister.landmarks-mediapipe-world.csv,pk-hfad-1_sister,628,628009
pk-hfad-1_sister.landmarks-mediapipe-world.csv,pk-hfad-1_sister,628,628006
pk-hfad-1_sisters-daughter.landmarks-mediapipe-world.csv,pk-hfad-1_sisters-daughter,629,-1
pk-hfad-1_sisters-daughter.landmarks-mediapipe-world.csv,pk-hfad-1_sisters-daughter,629,629003
pk-hfad-1_sisters-daughter.landmarks-mediapipe-world.csv,pk-hfad-1_sisters-daughter,629,629009
pk-hfad-1_sisters-daughter.landmarks-mediapipe-world.csv,pk-hfad-1_sisters-daughter,629,629002
pk-hfad-1_sisters-daughter.landmarks-mediapipe-world.csv,pk-hfad-1_sisters-daughter,629,629001
pk-hfad-1_sisters-daughter.landmarks-mediapipe-world.csv,pk-hfad-1_sisters-daughter,629,629010
pk-hfad-1_sisters-daughter.landmarks-mediapipe-world.csv,pk-hfad-1_sisters-daughter,629,629008
pk-hfad-1_sisters-daughter.landmarks-mediapipe-world.csv,pk-hfad-1_sisters-daughter,629,629011
pk-hfad-1_sisters-son.landmarks-mediapipe-world.csv,pk-hfad-1_sisters-son,630,-1
pk-hfad-1_sisters-son.landmarks-mediapipe-world.csv,pk-hfad-1_sisters-son,630,630005
pk-hfad-1_sisters-son.landmarks-mediapipe-world.csv,pk-hfad-1_sisters-son,630,630011
pk-hfad-1_sisters-son.landmarks-mediapipe-world.csv,pk-hfad-1_sisters-son,630,630004
pk-hfad-1_sisters-son.landmarks-mediapipe-world.csv,pk-hfad-1_sisters-son,630,630006
pk-hfad-1_sisters-son.landmarks-mediapipe-world.csv,pk-hfad-1_sisters-son,630,630002
pk-hfad-1_sisters-son.landmarks-mediapipe-world.csv,pk-hfad-1_sisters-son,630,630009
pk-hfad-1_sisters-son.landmarks-mediapipe-world.csv,pk-hfad-1_sisters-son,630,630003
pk-hfad-1_sky.landmarks-mediapipe-world.csv,pk-hfad-1_sky,631,-1
pk-hfad-1_sky.landmarks-mediapipe-world.csv,pk-hfad-1_sky,631,631009
pk-hfad-1_sky.landmarks-mediapipe-world.csv,pk-hfad-1_sky,631,631007
pk-hfad-1_sky.landmarks-mediapipe-world.csv,pk-hfad-1_sky,631,631005
pk-hfad-1_sky.landmarks-mediapipe-world.csv,pk-hfad-1_sky,631,631010
pk-hfad-1_sky.landmarks-mediapipe-world.csv,pk-hfad-1_sky,631,631001
pk-hfad-1_sky.landmarks-mediapipe-world.csv,pk-hfad-1_sky,631,631011
pk-hfad-1_sky.landmarks-mediapipe-world.csv,pk-hfad-1_sky,631,631002
pk-hfad-1_slippers.landmarks-mediapipe-world.csv,pk-hfad-1_slippers,632,-1
pk-hfad-1_slippers.landmarks-mediapipe-world.csv,pk-hfad-1_slippers,632,632007
pk-hfad-1_slippers.landmarks-mediapipe-world.csv,pk-hfad-1_slippers,632,632011
pk-hfad-1_slippers.landmarks-mediapipe-world.csv,pk-hfad-1_slippers,632,632001
pk-hfad-1_slippers.landmarks-mediapipe-world.csv,pk-hfad-1_slippers,632,632006
pk-hfad-1_slippers.landmarks-mediapipe-world.csv,pk-hfad-1_slippers,632,632005
pk-hfad-1_slippers.landmarks-mediapipe-world.csv,pk-hfad-1_slippers,632,632002
pk-hfad-1_slippers.landmarks-mediapipe-world.csv,pk-hfad-1_slippers,632,632009
pk-hfad-1_snatch.landmarks-mediapipe-world.csv,pk-hfad-1_snatch,633,-1
pk-hfad-1_snatch.landmarks-mediapipe-world.csv,pk-hfad-1_snatch,633,633009
pk-hfad-1_snatch.landmarks-mediapipe-world.csv,pk-hfad-1_snatch,633,633006
pk-hfad-1_snatch.landmarks-mediapipe-world.csv,pk-hfad-1_snatch,633,633010
pk-hfad-1_snatch.landmarks-mediapipe-world.csv,pk-hfad-1_snatch,633,633011
pk-hfad-1_snatch.landmarks-mediapipe-world.csv,pk-hfad-1_snatch,633,633002
pk-hfad-1_snatch.landmarks-mediapipe-world.csv,pk-hfad-1_snatch,633,633003
pk-hfad-1_snatch.landmarks-mediapipe-world.csv,pk-hfad-1_snatch,633,633008
pk-hfad-1_society.landmarks-mediapipe-world.csv,pk-hfad-1_society,634,-1
pk-hfad-1_society.landmarks-mediapipe-world.csv,pk-hfad-1_society,634,634011
pk-hfad-1_society.landmarks-mediapipe-world.csv,pk-hfad-1_society,634,634005
pk-hfad-1_society.landmarks-mediapipe-world.csv,pk-hfad-1_society,634,634007
pk-hfad-1_society.landmarks-mediapipe-world.csv,pk-hfad-1_society,634,634003
pk-hfad-1_society.landmarks-mediapipe-world.csv,pk-hfad-1_society,634,634010
pk-hfad-1_society.landmarks-mediapipe-world.csv,pk-hfad-1_society,634,634002
pk-hfad-1_society.landmarks-mediapipe-world.csv,pk-hfad-1_society,634,634006
pk-hfad-1_solider.landmarks-mediapipe-world.csv,pk-hfad-1_solider,635,-1
pk-hfad-1_solider.landmarks-mediapipe-world.csv,pk-hfad-1_solider,635,635003
pk-hfad-1_solider.landmarks-mediapipe-world.csv,pk-hfad-1_solider,635,635001
pk-hfad-1_solider.landmarks-mediapipe-world.csv,pk-hfad-1_solider,635,635004
pk-hfad-1_solider.landmarks-mediapipe-world.csv,pk-hfad-1_solider,635,635009
pk-hfad-1_solider.landmarks-mediapipe-world.csv,pk-hfad-1_solider,635,635010
pk-hfad-1_solider.landmarks-mediapipe-world.csv,pk-hfad-1_solider,635,635011
pk-hfad-1_solider.landmarks-mediapipe-world.csv,pk-hfad-1_solider,635,635008
pk-hfad-1_son.landmarks-mediapipe-world.csv,pk-hfad-1_son,636,-1
pk-hfad-1_son.landmarks-mediapipe-world.csv,pk-hfad-1_son,636,636010
pk-hfad-1_son.landmarks-mediapipe-world.csv,pk-hfad-1_son,636,636004
pk-hfad-1_son.landmarks-mediapipe-world.csv,pk-hfad-1_son,636,636011
pk-hfad-1_son.landmarks-mediapipe-world.csv,pk-hfad-1_son,636,636001
pk-hfad-1_son.landmarks-mediapipe-world.csv,pk-hfad-1_son,636,636003
pk-hfad-1_son.landmarks-mediapipe-world.csv,pk-hfad-1_son,636,636002
pk-hfad-1_son.landmarks-mediapipe-world.csv,pk-hfad-1_son,636,636007
pk-hfad-1_soup.landmarks-mediapipe-world.csv,pk-hfad-1_soup,637,-1
pk-hfad-1_soup.landmarks-mediapipe-world.csv,pk-hfad-1_soup,637,637011
pk-hfad-1_soup.landmarks-mediapipe-world.csv,pk-hfad-1_soup,637,637001
pk-hfad-1_soup.landmarks-mediapipe-world.csv,pk-hfad-1_soup,637,637007
pk-hfad-1_soup.landmarks-mediapipe-world.csv,pk-hfad-1_soup,637,637006
pk-hfad-1_soup.landmarks-mediapipe-world.csv,pk-hfad-1_soup,637,637002
pk-hfad-1_soup.landmarks-mediapipe-world.csv,pk-hfad-1_soup,637,637009
pk-hfad-1_soup.landmarks-mediapipe-world.csv,pk-hfad-1_soup,637,637005
pk-hfad-1_sparrow.landmarks-mediapipe-world.csv,pk-hfad-1_sparrow,638,-1
pk-hfad-1_sparrow.landmarks-mediapipe-world.csv,pk-hfad-1_sparrow,638,638007
pk-hfad-1_sparrow.landmarks-mediapipe-world.csv,pk-hfad-1_sparrow,638,638005
pk-hfad-1_sparrow.landmarks-mediapipe-world.csv,pk-hfad-1_sparrow,638,638010
pk-hfad-1_sparrow.landmarks-mediapipe-world.csv,pk-hfad-1_sparrow,638,638008
pk-hfad-1_sparrow.landmarks-mediapipe-world.csv,pk-hfad-1_sparrow,638,638011
pk-hfad-1_sparrow.landmarks-mediapipe-world.csv,pk-hfad-1_sparrow,638,638004
pk-hfad-1_sparrow.landmarks-mediapipe-world.csv,pk-hfad-1_sparrow,638,638003
pk-hfad-1_spectacle.landmarks-mediapipe-world.csv,pk-hfad-1_spectacle,639,-1
pk-hfad-1_spectacle.landmarks-mediapipe-world.csv,pk-hfad-1_spectacle,639,639007
pk-hfad-1_spectacle.landmarks-mediapipe-world.csv,pk-hfad-1_spectacle,639,639001
pk-hfad-1_spectacle.landmarks-mediapipe-world.csv,pk-hfad-1_spectacle,639,639009
pk-hfad-1_spectacle.landmarks-mediapipe-world.csv,pk-hfad-1_spectacle,639,639008
pk-hfad-1_spectacle.landmarks-mediapipe-world.csv,pk-hfad-1_spectacle,639,639006
pk-hfad-1_spectacle.landmarks-mediapipe-world.csv,pk-hfad-1_spectacle,639,639011
pk-hfad-1_spectacle.landmarks-mediapipe-world.csv,pk-hfad-1_spectacle,639,639005
pk-hfad-1_spinach.landmarks-mediapipe-world.csv,pk-hfad-1_spinach,640,-1
pk-hfad-1_spinach.landmarks-mediapipe-world.csv,pk-hfad-1_spinach,640,640009
pk-hfad-1_spinach.landmarks-mediapipe-world.csv,pk-hfad-1_spinach,640,640002
pk-hfad-1_spinach.landmarks-mediapipe-world.csv,pk-hfad-1_spinach,640,640010
pk-hfad-1_spinach.landmarks-mediapipe-world.csv,pk-hfad-1_spinach,640,640006
pk-hfad-1_spinach.landmarks-mediapipe-world.csv,pk-hfad-1_spinach,640,640003
pk-hfad-1_spinach.landmarks-mediapipe-world.csv,pk-hfad-1_spinach,640,640007
pk-hfad-1_spinach.landmarks-mediapipe-world.csv,pk-hfad-1_spinach,640,640004
pk-hfad-1_spoiled.landmarks-mediapipe-world.csv,pk-hfad-1_spoiled,641,-1
pk-hfad-1_spoiled.landmarks-mediapipe-world.csv,pk-hfad-1_spoiled,641,641004
pk-hfad-1_spoiled.landmarks-mediapipe-world.csv,pk-hfad-1_spoiled,641,641002
pk-hfad-1_spoiled.landmarks-mediapipe-world.csv,pk-hfad-1_spoiled,641,641008
pk-hfad-1_spoiled.landmarks-mediapipe-world.csv,pk-hfad-1_spoiled,641,641003
pk-hfad-1_spoiled.landmarks-mediapipe-world.csv,pk-hfad-1_spoiled,641,641011
pk-hfad-1_spoiled.landmarks-mediapipe-world.csv,pk-hfad-1_spoiled,641,641006
pk-hfad-1_spoiled.landmarks-mediapipe-world.csv,pk-hfad-1_spoiled,641,641009
pk-hfad-1_sports.landmarks-mediapipe-world.csv,pk-hfad-1_sports,642,-1
pk-hfad-1_sports.landmarks-mediapipe-world.csv,pk-hfad-1_sports,642,642008
pk-hfad-1_sports.landmarks-mediapipe-world.csv,pk-hfad-1_sports,642,642011
pk-hfad-1_sports.landmarks-mediapipe-world.csv,pk-hfad-1_sports,642,642009
pk-hfad-1_sports.landmarks-mediapipe-world.csv,pk-hfad-1_sports,642,642005
pk-hfad-1_sports.landmarks-mediapipe-world.csv,pk-hfad-1_sports,642,642010
pk-hfad-1_sports.landmarks-mediapipe-world.csv,pk-hfad-1_sports,642,642006
pk-hfad-1_sports.landmarks-mediapipe-world.csv,pk-hfad-1_sports,642,642007
pk-hfad-1_spring(season).landmarks-mediapipe-world.csv,pk-hfad-1_spring(season),643,-1
pk-hfad-1_spring(season).landmarks-mediapipe-world.csv,pk-hfad-1_spring(season),643,643005
pk-hfad-1_spring(season).landmarks-mediapipe-world.csv,pk-hfad-1_spring(season),643,643010
pk-hfad-1_spring(season).landmarks-mediapipe-world.csv,pk-hfad-1_spring(season),643,643011
pk-hfad-1_spring(season).landmarks-mediapipe-world.csv,pk-hfad-1_spring(season),643,643007
pk-hfad-1_spring(season).landmarks-mediapipe-world.csv,pk-hfad-1_spring(season),643,643002
pk-hfad-1_spring(season).landmarks-mediapipe-world.csv,pk-hfad-1_spring(season),643,643008
pk-hfad-1_spring(season).landmarks-mediapipe-world.csv,pk-hfad-1_spring(season),643,643009
pk-hfad-1_spring(water-basin).landmarks-mediapipe-world.csv,pk-hfad-1_spring(water-basin),644,-1
pk-hfad-1_spring(water-basin).landmarks-mediapipe-world.csv,pk-hfad-1_spring(water-basin),644,644003
pk-hfad-1_spring(water-basin).landmarks-mediapipe-world.csv,pk-hfad-1_spring(water-basin),644,644006
pk-hfad-1_spring(water-basin).landmarks-mediapipe-world.csv,pk-hfad-1_spring(water-basin),644,644010
pk-hfad-1_spring(water-basin).landmarks-mediapipe-world.csv,pk-hfad-1_spring(water-basin),644,644004
pk-hfad-1_spring(water-basin).landmarks-mediapipe-world.csv,pk-hfad-1_spring(water-basin),644,644007
pk-hfad-1_spring(water-basin).landmarks-mediapipe-world.csv,pk-hfad-1_spring(water-basin),644,644005
pk-hfad-1_spring(water-basin).landmarks-mediapipe-world.csv,pk-hfad-1_spring(water-basin),644,644001
pk-hfad-1_spy.landmarks-mediapipe-world.csv,pk-hfad-1_spy,645,-1
pk-hfad-1_spy.landmarks-mediapipe-world.csv,pk-hfad-1_spy,645,645010
pk-hfad-1_spy.landmarks-mediapipe-world.csv,pk-hfad-1_spy,645,645011
pk-hfad-1_spy.landmarks-mediapipe-world.csv,pk-hfad-1_spy,645,645008
pk-hfad-1_spy.landmarks-mediapipe-world.csv,pk-hfad-1_spy,645,645004
pk-hfad-1_spy.landmarks-mediapipe-world.csv,pk-hfad-1_spy,645,645009
pk-hfad-1_spy.landmarks-mediapipe-world.csv,pk-hfad-1_spy,645,645003
pk-hfad-1_spy.landmarks-mediapipe-world.csv,pk-hfad-1_spy,645,645002
pk-hfad-1_stadium.landmarks-mediapipe-world.csv,pk-hfad-1_stadium,646,-1
pk-hfad-1_stadium.landmarks-mediapipe-world.csv,pk-hfad-1_stadium,646,646010
pk-hfad-1_stadium.landmarks-mediapipe-world.csv,pk-hfad-1_stadium,646,646011
pk-hfad-1_stadium.landmarks-mediapipe-world.csv,pk-hfad-1_stadium,646,646009
pk-hfad-1_stadium.landmarks-mediapipe-world.csv,pk-hfad-1_stadium,646,646003
pk-hfad-1_stadium.landmarks-mediapipe-world.csv,pk-hfad-1_stadium,646,646006
pk-hfad-1_stadium.landmarks-mediapipe-world.csv,pk-hfad-1_stadium,646,646007
pk-hfad-1_stadium.landmarks-mediapipe-world.csv,pk-hfad-1_stadium,646,646008
pk-hfad-1_staffroom.landmarks-mediapipe-world.csv,pk-hfad-1_staffroom,647,-1
pk-hfad-1_staffroom.landmarks-mediapipe-world.csv,pk-hfad-1_staffroom,647,647006
pk-hfad-1_staffroom.landmarks-mediapipe-world.csv,pk-hfad-1_staffroom,647,647001
pk-hfad-1_staffroom.landmarks-mediapipe-world.csv,pk-hfad-1_staffroom,647,647007
pk-hfad-1_staffroom.landmarks-mediapipe-world.csv,pk-hfad-1_staffroom,647,647008
pk-hfad-1_staffroom.landmarks-mediapipe-world.csv,pk-hfad-1_staffroom,647,647010
pk-hfad-1_staffroom.landmarks-mediapipe-world.csv,pk-hfad-1_staffroom,647,647003
pk-hfad-1_staffroom.landmarks-mediapipe-world.csv,pk-hfad-1_staffroom,647,647009
pk-hfad-1_stapler.landmarks-mediapipe-world.csv,pk-hfad-1_stapler,648,-1
pk-hfad-1_stapler.landmarks-mediapipe-world.csv,pk-hfad-1_stapler,648,648007
pk-hfad-1_stapler.landmarks-mediapipe-world.csv,pk-hfad-1_stapler,648,648001
pk-hfad-1_stapler.landmarks-mediapipe-world.csv,pk-hfad-1_stapler,648,648004
pk-hfad-1_stapler.landmarks-mediapipe-world.csv,pk-hfad-1_stapler,648,648009
pk-hfad-1_stapler.landmarks-mediapipe-world.csv,pk-hfad-1_stapler,648,648002
pk-hfad-1_stapler.landmarks-mediapipe-world.csv,pk-hfad-1_stapler,648,648003
pk-hfad-1_stapler.landmarks-mediapipe-world.csv,pk-hfad-1_stapler,648,648005
pk-hfad-1_stars.landmarks-mediapipe-world.csv,pk-hfad-1_stars,649,-1
pk-hfad-1_stars.landmarks-mediapipe-world.csv,pk-hfad-1_stars,649,649005
pk-hfad-1_stars.landmarks-mediapipe-world.csv,pk-hfad-1_stars,649,649010
pk-hfad-1_stars.landmarks-mediapipe-world.csv,pk-hfad-1_stars,649,649004
pk-hfad-1_stars.landmarks-mediapipe-world.csv,pk-hfad-1_stars,649,649008
pk-hfad-1_stars.landmarks-mediapipe-world.csv,pk-hfad-1_stars,649,649003
pk-hfad-1_stars.landmarks-mediapipe-world.csv,pk-hfad-1_stars,649,649011
pk-hfad-1_stars.landmarks-mediapipe-world.csv,pk-hfad-1_stars,649,649007
pk-hfad-1_start.landmarks-mediapipe-world.csv,pk-hfad-1_start,650,-1
pk-hfad-1_start.landmarks-mediapipe-world.csv,pk-hfad-1_start,650,650005
pk-hfad-1_start.landmarks-mediapipe-world.csv,pk-hfad-1_start,650,650004
pk-hfad-1_start.landmarks-mediapipe-world.csv,pk-hfad-1_start,650,650001
pk-hfad-1_start.landmarks-mediapipe-world.csv,pk-hfad-1_start,650,650009
pk-hfad-1_start.landmarks-mediapipe-world.csv,pk-hfad-1_start,650,650010
pk-hfad-1_start.landmarks-mediapipe-world.csv,pk-hfad-1_start,650,650002
pk-hfad-1_start.landmarks-mediapipe-world.csv,pk-hfad-1_start,650,650008
pk-hfad-1_storm.landmarks-mediapipe-world.csv,pk-hfad-1_storm,651,-1
pk-hfad-1_storm.landmarks-mediapipe-world.csv,pk-hfad-1_storm,651,651010
pk-hfad-1_storm.landmarks-mediapipe-world.csv,pk-hfad-1_storm,651,651001
pk-hfad-1_storm.landmarks-mediapipe-world.csv,pk-hfad-1_storm,651,651004
pk-hfad-1_storm.landmarks-mediapipe-world.csv,pk-hfad-1_storm,651,651005
pk-hfad-1_storm.landmarks-mediapipe-world.csv,pk-hfad-1_storm,651,651009
pk-hfad-1_storm.landmarks-mediapipe-world.csv,pk-hfad-1_storm,651,651011
pk-hfad-1_storm.landmarks-mediapipe-world.csv,pk-hfad-1_storm,651,651003
pk-hfad-1_story.landmarks-mediapipe-world.csv,pk-hfad-1_story,652,-1
pk-hfad-1_story.landmarks-mediapipe-world.csv,pk-hfad-1_story,652,652006
pk-hfad-1_story.landmarks-mediapipe-world.csv,pk-hfad-1_story,652,652007
pk-hfad-1_story.landmarks-mediapipe-world.csv,pk-hfad-1_story,652,652001
pk-hfad-1_story.landmarks-mediapipe-world.csv,pk-hfad-1_story,652,652011
pk-hfad-1_story.landmarks-mediapipe-world.csv,pk-hfad-1_story,652,652002
pk-hfad-1_story.landmarks-mediapipe-world.csv,pk-hfad-1_story,652,652004
pk-hfad-1_story.landmarks-mediapipe-world.csv,pk-hfad-1_story,652,652005
pk-hfad-1_strawberry.landmarks-mediapipe-world.csv,pk-hfad-1_strawberry,653,-1
pk-hfad-1_strawberry.landmarks-mediapipe-world.csv,pk-hfad-1_strawberry,653,653006
pk-hfad-1_strawberry.landmarks-mediapipe-world.csv,pk-hfad-1_strawberry,653,653009
pk-hfad-1_strawberry.landmarks-mediapipe-world.csv,pk-hfad-1_strawberry,653,653002
pk-hfad-1_strawberry.landmarks-mediapipe-world.csv,pk-hfad-1_strawberry,653,653008
pk-hfad-1_strawberry.landmarks-mediapipe-world.csv,pk-hfad-1_strawberry,653,653005
pk-hfad-1_strawberry.landmarks-mediapipe-world.csv,pk-hfad-1_strawberry,653,653004
pk-hfad-1_strawberry.landmarks-mediapipe-world.csv,pk-hfad-1_strawberry,653,653001
pk-hfad-1_streets.landmarks-mediapipe-world.csv,pk-hfad-1_streets,654,-1
pk-hfad-1_streets.landmarks-mediapipe-world.csv,pk-hfad-1_streets,654,654001
pk-hfad-1_streets.landmarks-mediapipe-world.csv,pk-hfad-1_streets,654,654003
pk-hfad-1_streets.landmarks-mediapipe-world.csv,pk-hfad-1_streets,654,654011
pk-hfad-1_streets.landmarks-mediapipe-world.csv,pk-hfad-1_streets,654,654002
pk-hfad-1_streets.landmarks-mediapipe-world.csv,pk-hfad-1_streets,654,654004
pk-hfad-1_streets.landmarks-mediapipe-world.csv,pk-hfad-1_streets,654,654006
pk-hfad-1_streets.landmarks-mediapipe-world.csv,pk-hfad-1_streets,654,654007
pk-hfad-1_stroll.landmarks-mediapipe-world.csv,pk-hfad-1_stroll,655,-1
pk-hfad-1_stroll.landmarks-mediapipe-world.csv,pk-hfad-1_stroll,655,655011
pk-hfad-1_stroll.landmarks-mediapipe-world.csv,pk-hfad-1_stroll,655,655002
pk-hfad-1_stroll.landmarks-mediapipe-world.csv,pk-hfad-1_stroll,655,655008
pk-hfad-1_stroll.landmarks-mediapipe-world.csv,pk-hfad-1_stroll,655,655006
pk-hfad-1_stroll.landmarks-mediapipe-world.csv,pk-hfad-1_stroll,655,655010
pk-hfad-1_stroll.landmarks-mediapipe-world.csv,pk-hfad-1_stroll,655,655001
pk-hfad-1_stroll.landmarks-mediapipe-world.csv,pk-hfad-1_stroll,655,655005
pk-hfad-1_stubbornness.landmarks-mediapipe-world.csv,pk-hfad-1_stubbornness,656,-1
pk-hfad-1_stubbornness.landmarks-mediapipe-world.csv,pk-hfad-1_stubbornness,656,656011
pk-hfad-1_stubbornness.landmarks-mediapipe-world.csv,pk-hfad-1_stubbornness,656,656010
pk-hfad-1_stubbornness.landmarks-mediapipe-world.csv,pk-hfad-1_stubbornness,656,656003
pk-hfad-1_stubbornness.landmarks-mediapipe-world.csv,pk-hfad-1_stubbornness,656,656001
pk-hfad-1_stubbornness.landmarks-mediapipe-world.csv,pk-hfad-1_stubbornness,656,656007
pk-hfad-1_stubbornness.landmarks-mediapipe-world.csv,pk-hfad-1_stubbornness,656,656004
pk-hfad-1_stubbornness.landmarks-mediapipe-world.csv,pk-hfad-1_stubbornness,656,656008
pk-hfad-1_student.landmarks-mediapipe-world.csv,pk-hfad-1_student,657,-1
pk-hfad-1_student.landmarks-mediapipe-world.csv,pk-hfad-1_student,657,657001
pk-hfad-1_student.landmarks-mediapipe-world.csv,pk-hfad-1_student,657,657004
pk-hfad-1_student.landmarks-mediapipe-world.csv,pk-hfad-1_student,657,657002
pk-hfad-1_student.landmarks-mediapipe-world.csv,pk-hfad-1_student,657,657010
pk-hfad-1_student.landmarks-mediapipe-world.csv,pk-hfad-1_student,657,657003
pk-hfad-1_student.landmarks-mediapipe-world.csv,pk-hfad-1_student,657,657006
pk-hfad-1_student.landmarks-mediapipe-world.csv,pk-hfad-1_student,657,657008
pk-hfad-1_suaad.landmarks-mediapipe-world.csv,pk-hfad-1_suaad,658,-1
pk-hfad-1_suaad.landmarks-mediapipe-world.csv,pk-hfad-1_suaad,658,658007
pk-hfad-1_suaad.landmarks-mediapipe-world.csv,pk-hfad-1_suaad,658,658009
pk-hfad-1_suaad.landmarks-mediapipe-world.csv,pk-hfad-1_suaad,658,658004
pk-hfad-1_suaad.landmarks-mediapipe-world.csv,pk-hfad-1_suaad,658,658002
pk-hfad-1_suaad.landmarks-mediapipe-world.csv,pk-hfad-1_suaad,658,658010
pk-hfad-1_suaad.landmarks-mediapipe-world.csv,pk-hfad-1_suaad,658,658003
pk-hfad-1_suaad.landmarks-mediapipe-world.csv,pk-hfad-1_suaad,658,658006
pk-hfad-1_sudden.landmarks-mediapipe-world.csv,pk-hfad-1_sudden,659,-1
pk-hfad-1_sudden.landmarks-mediapipe-world.csv,pk-hfad-1_sudden,659,659007
pk-hfad-1_sudden.landmarks-mediapipe-world.csv,pk-hfad-1_sudden,659,659005
pk-hfad-1_sudden.landmarks-mediapipe-world.csv,pk-hfad-1_sudden,659,659009
pk-hfad-1_sudden.landmarks-mediapipe-world.csv,pk-hfad-1_sudden,659,659003
pk-hfad-1_sudden.landmarks-mediapipe-world.csv,pk-hfad-1_sudden,659,659001
pk-hfad-1_sudden.landmarks-mediapipe-world.csv,pk-hfad-1_sudden,659,659011
pk-hfad-1_sudden.landmarks-mediapipe-world.csv,pk-hfad-1_sudden,659,659002
pk-hfad-1_sugar.landmarks-mediapipe-world.csv,pk-hfad-1_sugar,660,-1
pk-hfad-1_sugar.landmarks-mediapipe-world.csv,pk-hfad-1_sugar,660,660001
pk-hfad-1_sugar.landmarks-mediapipe-world.csv,pk-hfad-1_sugar,660,660008
pk-hfad-1_sugar.landmarks-mediapipe-world.csv,pk-hfad-1_sugar,660,660009
pk-hfad-1_sugar.landmarks-mediapipe-world.csv,pk-hfad-1_sugar,660,660003
pk-hfad-1_sugar.landmarks-mediapipe-world.csv,pk-hfad-1_sugar,660,660010
pk-hfad-1_sugar.landmarks-mediapipe-world.csv,pk-hfad-1_sugar,660,660004
pk-hfad-1_sugar.landmarks-mediapipe-world.csv,pk-hfad-1_sugar,660,660011
pk-hfad-1_sugarcane.landmarks-mediapipe-world.csv,pk-hfad-1_sugarcane,661,-1
pk-hfad-1_sugarcane.landmarks-mediapipe-world.csv,pk-hfad-1_sugarcane,661,661005
pk-hfad-1_sugarcane.landmarks-mediapipe-world.csv,pk-hfad-1_sugarcane,661,661008
pk-hfad-1_sugarcane.landmarks-mediapipe-world.csv,pk-hfad-1_sugarcane,661,661003
pk-hfad-1_sugarcane.landmarks-mediapipe-world.csv,pk-hfad-1_sugarcane,661,661011
pk-hfad-1_sugarcane.landmarks-mediapipe-world.csv,pk-hfad-1_sugarcane,661,661007
pk-hfad-1_sugarcane.landmarks-mediapipe-world.csv,pk-hfad-1_sugarcane,661,661010
pk-hfad-1_sugarcane.landmarks-mediapipe-world.csv,pk-hfad-1_sugarcane,661,661001
pk-hfad-1_suggestion.landmarks-mediapipe-world.csv,pk-hfad-1_suggestion,662,-1
pk-hfad-1_suggestion.landmarks-mediapipe-world.csv,pk-hfad-1_suggestion,662,662011
pk-hfad-1_suggestion.landmarks-mediapipe-world.csv,pk-hfad-1_suggestion,662,662003
pk-hfad-1_suggestion.landmarks-mediapipe-world.csv,pk-hfad-1_suggestion,662,662006
pk-hfad-1_suggestion.landmarks-mediapipe-world.csv,pk-hfad-1_suggestion,662,662010
pk-hfad-1_suggestion.landmarks-mediapipe-world.csv,pk-hfad-1_suggestion,662,662001
pk-hfad-1_suggestion.landmarks-mediapipe-world.csv,pk-hfad-1_suggestion,662,662007
pk-hfad-1_suggestion.landmarks-mediapipe-world.csv,pk-hfad-1_suggestion,662,662002
pk-hfad-1_sun.landmarks-mediapipe-world.csv,pk-hfad-1_sun,663,-1
pk-hfad-1_sun.landmarks-mediapipe-world.csv,pk-hfad-1_sun,663,663006
pk-hfad-1_sun.landmarks-mediapipe-world.csv,pk-hfad-1_sun,663,663004
pk-hfad-1_sun.landmarks-mediapipe-world.csv,pk-hfad-1_sun,663,663005
pk-hfad-1_sun.landmarks-mediapipe-world.csv,pk-hfad-1_sun,663,663003
pk-hfad-1_sun.landmarks-mediapipe-world.csv,pk-hfad-1_sun,663,663001
pk-hfad-1_sun.landmarks-mediapipe-world.csv,pk-hfad-1_sun,663,663009
pk-hfad-1_sun.landmarks-mediapipe-world.csv,pk-hfad-1_sun,663,663011
pk-hfad-1_sunday.landmarks-mediapipe-world.csv,pk-hfad-1_sunday,664,-1
pk-hfad-1_sunday.landmarks-mediapipe-world.csv,pk-hfad-1_sunday,664,664009
pk-hfad-1_sunday.landmarks-mediapipe-world.csv,pk-hfad-1_sunday,664,664006
pk-hfad-1_sunday.landmarks-mediapipe-world.csv,pk-hfad-1_sunday,664,664005
pk-hfad-1_sunday.landmarks-mediapipe-world.csv,pk-hfad-1_sunday,664,664003
pk-hfad-1_sunday.landmarks-mediapipe-world.csv,pk-hfad-1_sunday,664,664002
pk-hfad-1_sunday.landmarks-mediapipe-world.csv,pk-hfad-1_sunday,664,664010
pk-hfad-1_sunday.landmarks-mediapipe-world.csv,pk-hfad-1_sunday,664,664008
pk-hfad-1_sweets.landmarks-mediapipe-world.csv,pk-hfad-1_sweets,665,-1
pk-hfad-1_sweets.landmarks-mediapipe-world.csv,pk-hfad-1_sweets,665,665006
pk-hfad-1_sweets.landmarks-mediapipe-world.csv,pk-hfad-1_sweets,665,665011
pk-hfad-1_sweets.landmarks-mediapipe-world.csv,pk-hfad-1_sweets,665,665005
pk-hfad-1_sweets.landmarks-mediapipe-world.csv,pk-hfad-1_sweets,665,665002
pk-hfad-1_sweets.landmarks-mediapipe-world.csv,pk-hfad-1_sweets,665,665004
pk-hfad-1_sweets.landmarks-mediapipe-world.csv,pk-hfad-1_sweets,665,665003
pk-hfad-1_sweets.landmarks-mediapipe-world.csv,pk-hfad-1_sweets,665,665001
pk-hfad-1_system.landmarks-mediapipe-world.csv,pk-hfad-1_system,666,-1
pk-hfad-1_system.landmarks-mediapipe-world.csv,pk-hfad-1_system,666,666006
pk-hfad-1_system.landmarks-mediapipe-world.csv,pk-hfad-1_system,666,666010
pk-hfad-1_system.landmarks-mediapipe-world.csv,pk-hfad-1_system,666,666009
pk-hfad-1_system.landmarks-mediapipe-world.csv,pk-hfad-1_system,666,666008
pk-hfad-1_system.landmarks-mediapipe-world.csv,pk-hfad-1_system,666,666007
pk-hfad-1_system.landmarks-mediapipe-world.csv,pk-hfad-1_system,666,666001
pk-hfad-1_system.landmarks-mediapipe-world.csv,pk-hfad-1_system,666,666004
pk-hfad-1_t(double-handed-letter).landmarks-mediapipe-world.csv,pk-hfad-1_t(double-handed-letter),667,-1
pk-hfad-1_t(double-handed-letter).landmarks-mediapipe-world.csv,pk-hfad-1_t(double-handed-letter),667,667004
pk-hfad-1_t(double-handed-letter).landmarks-mediapipe-world.csv,pk-hfad-1_t(double-handed-letter),667,667007
pk-hfad-1_t(double-handed-letter).landmarks-mediapipe-world.csv,pk-hfad-1_t(double-handed-letter),667,667009
pk-hfad-1_t(double-handed-letter).landmarks-mediapipe-world.csv,pk-hfad-1_t(double-handed-letter),667,667003
pk-hfad-1_t(double-handed-letter).landmarks-mediapipe-world.csv,pk-hfad-1_t(double-handed-letter),667,667006
pk-hfad-1_t(double-handed-letter).landmarks-mediapipe-world.csv,pk-hfad-1_t(double-handed-letter),667,667002
pk-hfad-1_t(double-handed-letter).landmarks-mediapipe-world.csv,pk-hfad-1_t(double-handed-letter),667,667005
pk-hfad-1_t(single-handed-letter).landmarks-mediapipe-world.csv,pk-hfad-1_t(single-handed-letter),668,-1
pk-hfad-1_t(single-handed-letter).landmarks-mediapipe-world.csv,pk-hfad-1_t(single-handed-letter),668,668004
pk-hfad-1_t(single-handed-letter).landmarks-mediapipe-world.csv,pk-hfad-1_t(single-handed-letter),668,668010
pk-hfad-1_t(single-handed-letter).landmarks-mediapipe-world.csv,pk-hfad-1_t(single-handed-letter),668,668003
pk-hfad-1_t(single-handed-letter).landmarks-mediapipe-world.csv,pk-hfad-1_t(single-handed-letter),668,668005
pk-hfad-1_t(single-handed-letter).landmarks-mediapipe-world.csv,pk-hfad-1_t(single-handed-letter),668,668002
pk-hfad-1_t(single-handed-letter).landmarks-mediapipe-world.csv,pk-hfad-1_t(single-handed-letter),668,668007
pk-hfad-1_t(single-handed-letter).landmarks-mediapipe-world.csv,pk-hfad-1_t(single-handed-letter),668,668008
pk-hfad-1_tax.landmarks-mediapipe-world.csv,pk-hfad-1_tax,669,-1
pk-hfad-1_tax.landmarks-mediapipe-world.csv,pk-hfad-1_tax,669,669006
pk-hfad-1_tax.landmarks-mediapipe-world.csv,pk-hfad-1_tax,669,669009
pk-hfad-1_tax.landmarks-mediapipe-world.csv,pk-hfad-1_tax,669,669002
pk-hfad-1_tax.landmarks-mediapipe-world.csv,pk-hfad-1_tax,669,669001
pk-hfad-1_tax.landmarks-mediapipe-world.csv,pk-hfad-1_tax,669,669005
pk-hfad-1_tax.landmarks-mediapipe-world.csv,pk-hfad-1_tax,669,669007
pk-hfad-1_tax.landmarks-mediapipe-world.csv,pk-hfad-1_tax,669,669010
pk-hfad-1_tea.landmarks-mediapipe-world.csv,pk-hfad-1_tea,670,-1
pk-hfad-1_tea.landmarks-mediapipe-world.csv,pk-hfad-1_tea,670,670007
pk-hfad-1_tea.landmarks-mediapipe-world.csv,pk-hfad-1_tea,670,670005
pk-hfad-1_tea.landmarks-mediapipe-world.csv,pk-hfad-1_tea,670,670009
pk-hfad-1_tea.landmarks-mediapipe-world.csv,pk-hfad-1_tea,670,670010
pk-hfad-1_tea.landmarks-mediapipe-world.csv,pk-hfad-1_tea,670,670011
pk-hfad-1_tea.landmarks-mediapipe-world.csv,pk-hfad-1_tea,670,670008
pk-hfad-1_tea.landmarks-mediapipe-world.csv,pk-hfad-1_tea,670,670004
pk-hfad-1_teacher.landmarks-mediapipe-world.csv,pk-hfad-1_teacher,671,-1
pk-hfad-1_teacher.landmarks-mediapipe-world.csv,pk-hfad-1_teacher,671,671004
pk-hfad-1_teacher.landmarks-mediapipe-world.csv,pk-hfad-1_teacher,671,671010
pk-hfad-1_teacher.landmarks-mediapipe-world.csv,pk-hfad-1_teacher,671,671002
pk-hfad-1_teacher.landmarks-mediapipe-world.csv,pk-hfad-1_teacher,671,671009
pk-hfad-1_teacher.landmarks-mediapipe-world.csv,pk-hfad-1_teacher,671,671005
pk-hfad-1_teacher.landmarks-mediapipe-world.csv,pk-hfad-1_teacher,671,671006
pk-hfad-1_teacher.landmarks-mediapipe-world.csv,pk-hfad-1_teacher,671,671001
pk-hfad-1_tey.landmarks-mediapipe-world.csv,pk-hfad-1_tey,672,-1
pk-hfad-1_tey.landmarks-mediapipe-world.csv,pk-hfad-1_tey,672,672001
pk-hfad-1_tey.landmarks-mediapipe-world.csv,pk-hfad-1_tey,672,672005
pk-hfad-1_tey.landmarks-mediapipe-world.csv,pk-hfad-1_tey,672,672002
pk-hfad-1_tey.landmarks-mediapipe-world.csv,pk-hfad-1_tey,672,672007
pk-hfad-1_tey.landmarks-mediapipe-world.csv,pk-hfad-1_tey,672,672010
pk-hfad-1_tey.landmarks-mediapipe-world.csv,pk-hfad-1_tey,672,672006
pk-hfad-1_tey.landmarks-mediapipe-world.csv,pk-hfad-1_tey,672,672004
pk-hfad-1_tha.landmarks-mediapipe-world.csv,pk-hfad-1_tha,673,-1
pk-hfad-1_tha.landmarks-mediapipe-world.csv,pk-hfad-1_tha,673,673010
pk-hfad-1_tha.landmarks-mediapipe-world.csv,pk-hfad-1_tha,673,673009
pk-hfad-1_tha.landmarks-mediapipe-world.csv,pk-hfad-1_tha,673,673006
pk-hfad-1_tha.landmarks-mediapipe-world.csv,pk-hfad-1_tha,673,673001
pk-hfad-1_tha.landmarks-mediapipe-world.csv,pk-hfad-1_tha,673,673011
pk-hfad-1_tha.landmarks-mediapipe-world.csv,pk-hfad-1_tha,673,673003
pk-hfad-1_tha.landmarks-mediapipe-world.csv,pk-hfad-1_tha,673,673004
pk-hfad-1_that.landmarks-mediapipe-world.csv,pk-hfad-1_that,674,-1
pk-hfad-1_that.landmarks-mediapipe-world.csv,pk-hfad-1_that,674,674009
pk-hfad-1_that.landmarks-mediapipe-world.csv,pk-hfad-1_that,674,674008
pk-hfad-1_that.landmarks-mediapipe-world.csv,pk-hfad-1_that,674,674007
pk-hfad-1_that.landmarks-mediapipe-world.csv,pk-hfad-1_that,674,674006
pk-hfad-1_that.landmarks-mediapipe-world.csv,pk-hfad-1_that,674,674005
pk-hfad-1_that.landmarks-mediapipe-world.csv,pk-hfad-1_that,674,674002
pk-hfad-1_that.landmarks-mediapipe-world.csv,pk-hfad-1_that,674,674011
pk-hfad-1_there.landmarks-mediapipe-world.csv,pk-hfad-1_there,675,-1
pk-hfad-1_there.landmarks-mediapipe-world.csv,pk-hfad-1_there,675,675006
pk-hfad-1_there.landmarks-mediapipe-world.csv,pk-hfad-1_there,675,675005
pk-hfad-1_there.landmarks-mediapipe-world.csv,pk-hfad-1_there,675,675011
pk-hfad-1_there.landmarks-mediapipe-world.csv,pk-hfad-1_there,675,675003
pk-hfad-1_there.landmarks-mediapipe-world.csv,pk-hfad-1_there,675,675009
pk-hfad-1_there.landmarks-mediapipe-world.csv,pk-hfad-1_there,675,675004
pk-hfad-1_there.landmarks-mediapipe-world.csv,pk-hfad-1_there,675,675002
pk-hfad-1_thi.landmarks-mediapipe-world.csv,pk-hfad-1_thi,676,-1
pk-hfad-1_thi.landmarks-mediapipe-world.csv,pk-hfad-1_thi,676,676010
pk-hfad-1_thi.landmarks-mediapipe-world.csv,pk-hfad-1_thi,676,676004
pk-hfad-1_thi.landmarks-mediapipe-world.csv,pk-hfad-1_thi,676,676007
pk-hfad-1_thi.landmarks-mediapipe-world.csv,pk-hfad-1_thi,676,676001
pk-hfad-1_thi.landmarks-mediapipe-world.csv,pk-hfad-1_thi,676,676005
pk-hfad-1_thi.landmarks-mediapipe-world.csv,pk-hfad-1_thi,676,676003
pk-hfad-1_thi.landmarks-mediapipe-world.csv,pk-hfad-1_thi,676,676009
pk-hfad-1_thief.landmarks-mediapipe-world.csv,pk-hfad-1_thief,677,-1
pk-hfad-1_thief.landmarks-mediapipe-world.csv,pk-hfad-1_thief,677,677001
pk-hfad-1_thief.landmarks-mediapipe-world.csv,pk-hfad-1_thief,677,677011
pk-hfad-1_thief.landmarks-mediapipe-world.csv,pk-hfad-1_thief,677,677006
pk-hfad-1_thief.landmarks-mediapipe-world.csv,pk-hfad-1_thief,677,677007
pk-hfad-1_thief.landmarks-mediapipe-world.csv,pk-hfad-1_thief,677,677009
pk-hfad-1_thief.landmarks-mediapipe-world.csv,pk-hfad-1_thief,677,677003
pk-hfad-1_thief.landmarks-mediapipe-world.csv,pk-hfad-1_thief,677,677002
pk-hfad-1_thirst.landmarks-mediapipe-world.csv,pk-hfad-1_thirst,678,-1
pk-hfad-1_thirst.landmarks-mediapipe-world.csv,pk-hfad-1_thirst,678,678007
pk-hfad-1_thirst.landmarks-mediapipe-world.csv,pk-hfad-1_thirst,678,678002
pk-hfad-1_thirst.landmarks-mediapipe-world.csv,pk-hfad-1_thirst,678,678008
pk-hfad-1_thirst.landmarks-mediapipe-world.csv,pk-hfad-1_thirst,678,678011
pk-hfad-1_thirst.landmarks-mediapipe-world.csv,pk-hfad-1_thirst,678,678006
pk-hfad-1_thirst.landmarks-mediapipe-world.csv,pk-hfad-1_thirst,678,678010
pk-hfad-1_thirst.landmarks-mediapipe-world.csv,pk-hfad-1_thirst,678,678009
pk-hfad-1_thursday.landmarks-mediapipe-world.csv,pk-hfad-1_thursday,679,-1
pk-hfad-1_thursday.landmarks-mediapipe-world.csv,pk-hfad-1_thursday,679,679005
pk-hfad-1_thursday.landmarks-mediapipe-world.csv,pk-hfad-1_thursday,679,679001
pk-hfad-1_thursday.landmarks-mediapipe-world.csv,pk-hfad-1_thursday,679,679002
pk-hfad-1_thursday.landmarks-mediapipe-world.csv,pk-hfad-1_thursday,679,679011
pk-hfad-1_thursday.landmarks-mediapipe-world.csv,pk-hfad-1_thursday,679,679007
pk-hfad-1_thursday.landmarks-mediapipe-world.csv,pk-hfad-1_thursday,679,679008
pk-hfad-1_thursday.landmarks-mediapipe-world.csv,pk-hfad-1_thursday,679,679009
pk-hfad-1_thy.landmarks-mediapipe-world.csv,pk-hfad-1_thy,680,-1
pk-hfad-1_thy.landmarks-mediapipe-world.csv,pk-hfad-1_thy,680,680003
pk-hfad-1_thy.landmarks-mediapipe-world.csv,pk-hfad-1_thy,680,680001
pk-hfad-1_thy.landmarks-mediapipe-world.csv,pk-hfad-1_thy,680,680011
pk-hfad-1_thy.landmarks-mediapipe-world.csv,pk-hfad-1_thy,680,680004
pk-hfad-1_thy.landmarks-mediapipe-world.csv,pk-hfad-1_thy,680,680010
pk-hfad-1_thy.landmarks-mediapipe-world.csv,pk-hfad-1_thy,680,680007
pk-hfad-1_thy.landmarks-mediapipe-world.csv,pk-hfad-1_thy,680,680009
pk-hfad-1_time.landmarks-mediapipe-world.csv,pk-hfad-1_time,681,-1
pk-hfad-1_time.landmarks-mediapipe-world.csv,pk-hfad-1_time,681,681009
pk-hfad-1_time.landmarks-mediapipe-world.csv,pk-hfad-1_time,681,681002
pk-hfad-1_time.landmarks-mediapipe-world.csv,pk-hfad-1_time,681,681003
pk-hfad-1_time.landmarks-mediapipe-world.csv,pk-hfad-1_time,681,681006
pk-hfad-1_time.landmarks-mediapipe-world.csv,pk-hfad-1_time,681,681004
pk-hfad-1_time.landmarks-mediapipe-world.csv,pk-hfad-1_time,681,681011
pk-hfad-1_time.landmarks-mediapipe-world.csv,pk-hfad-1_time,681,681001
pk-hfad-1_timetable.landmarks-mediapipe-world.csv,pk-hfad-1_timetable,682,-1
pk-hfad-1_timetable.landmarks-mediapipe-world.csv,pk-hfad-1_timetable,682,682001
pk-hfad-1_timetable.landmarks-mediapipe-world.csv,pk-hfad-1_timetable,682,682009
pk-hfad-1_timetable.landmarks-mediapipe-world.csv,pk-hfad-1_timetable,682,682006
pk-hfad-1_timetable.landmarks-mediapipe-world.csv,pk-hfad-1_timetable,682,682011
pk-hfad-1_timetable.landmarks-mediapipe-world.csv,pk-hfad-1_timetable,682,682004
pk-hfad-1_timetable.landmarks-mediapipe-world.csv,pk-hfad-1_timetable,682,682008
pk-hfad-1_timetable.landmarks-mediapipe-world.csv,pk-hfad-1_timetable,682,682002
pk-hfad-1_tm.landmarks-mediapipe-world.csv,pk-hfad-1_tm,683,-1
pk-hfad-1_tm.landmarks-mediapipe-world.csv,pk-hfad-1_tm,683,683007
pk-hfad-1_tm.landmarks-mediapipe-world.csv,pk-hfad-1_tm,683,683003
pk-hfad-1_tm.landmarks-mediapipe-world.csv,pk-hfad-1_tm,683,683011
pk-hfad-1_tm.landmarks-mediapipe-world.csv,pk-hfad-1_tm,683,683001
pk-hfad-1_tm.landmarks-mediapipe-world.csv,pk-hfad-1_tm,683,683008
pk-hfad-1_tm.landmarks-mediapipe-world.csv,pk-hfad-1_tm,683,683010
pk-hfad-1_tm.landmarks-mediapipe-world.csv,pk-hfad-1_tm,683,683004
pk-hfad-1_tmhara.landmarks-mediapipe-world.csv,pk-hfad-1_tmhara,684,-1
pk-hfad-1_tmhara.landmarks-mediapipe-world.csv,pk-hfad-1_tmhara,684,684007
pk-hfad-1_tmhara.landmarks-mediapipe-world.csv,pk-hfad-1_tmhara,684,684008
pk-hfad-1_tmhara.landmarks-mediapipe-world.csv,pk-hfad-1_tmhara,684,684009
pk-hfad-1_tmhara.landmarks-mediapipe-world.csv,pk-hfad-1_tmhara,684,684011
pk-hfad-1_tmhara.landmarks-mediapipe-world.csv,pk-hfad-1_tmhara,684,684004
pk-hfad-1_tmhara.landmarks-mediapipe-world.csv,pk-hfad-1_tmhara,684,684005
pk-hfad-1_tmhara.landmarks-mediapipe-world.csv,pk-hfad-1_tmhara,684,684001
pk-hfad-1_tmhari.landmarks-mediapipe-world.csv,pk-hfad-1_tmhari,685,-1
pk-hfad-1_tmhari.landmarks-mediapipe-world.csv,pk-hfad-1_tmhari,685,685002
pk-hfad-1_tmhari.landmarks-mediapipe-world.csv,pk-hfad-1_tmhari,685,685009
pk-hfad-1_tmhari.landmarks-mediapipe-world.csv,pk-hfad-1_tmhari,685,685001
pk-hfad-1_tmhari.landmarks-mediapipe-world.csv,pk-hfad-1_tmhari,685,685004
pk-hfad-1_tmhari.landmarks-mediapipe-world.csv,pk-hfad-1_tmhari,685,685003
pk-hfad-1_tmhari.landmarks-mediapipe-world.csv,pk-hfad-1_tmhari,685,685005
pk-hfad-1_tmhari.landmarks-mediapipe-world.csv,pk-hfad-1_tmhari,685,685010
pk-hfad-1_tmhary.landmarks-mediapipe-world.csv,pk-hfad-1_tmhary,686,-1
pk-hfad-1_tmhary.landmarks-mediapipe-world.csv,pk-hfad-1_tmhary,686,686010
pk-hfad-1_tmhary.landmarks-mediapipe-world.csv,pk-hfad-1_tmhary,686,686007
pk-hfad-1_tmhary.landmarks-mediapipe-world.csv,pk-hfad-1_tmhary,686,686008
pk-hfad-1_tmhary.landmarks-mediapipe-world.csv,pk-hfad-1_tmhary,686,686011
pk-hfad-1_tmhary.landmarks-mediapipe-world.csv,pk-hfad-1_tmhary,686,686002
pk-hfad-1_tmhary.landmarks-mediapipe-world.csv,pk-hfad-1_tmhary,686,686001
pk-hfad-1_tmhary.landmarks-mediapipe-world.csv,pk-hfad-1_tmhary,686,686004
pk-hfad-1_tmhein.landmarks-mediapipe-world.csv,pk-hfad-1_tmhein,687,-1
pk-hfad-1_tmhein.landmarks-mediapipe-world.csv,pk-hfad-1_tmhein,687,687004
pk-hfad-1_tmhein.landmarks-mediapipe-world.csv,pk-hfad-1_tmhein,687,687002
pk-hfad-1_tmhein.landmarks-mediapipe-world.csv,pk-hfad-1_tmhein,687,687008
pk-hfad-1_tmhein.landmarks-mediapipe-world.csv,pk-hfad-1_tmhein,687,687001
pk-hfad-1_tmhein.landmarks-mediapipe-world.csv,pk-hfad-1_tmhein,687,687010
pk-hfad-1_tmhein.landmarks-mediapipe-world.csv,pk-hfad-1_tmhein,687,687007
pk-hfad-1_tmhein.landmarks-mediapipe-world.csv,pk-hfad-1_tmhein,687,687006
pk-hfad-1_to.landmarks-mediapipe-world.csv,pk-hfad-1_to,688,-1
pk-hfad-1_to.landmarks-mediapipe-world.csv,pk-hfad-1_to,688,688010
pk-hfad-1_to.landmarks-mediapipe-world.csv,pk-hfad-1_to,688,688009
pk-hfad-1_to.landmarks-mediapipe-world.csv,pk-hfad-1_to,688,688001
pk-hfad-1_to.landmarks-mediapipe-world.csv,pk-hfad-1_to,688,688008
pk-hfad-1_to.landmarks-mediapipe-world.csv,pk-hfad-1_to,688,688005
pk-hfad-1_to.landmarks-mediapipe-world.csv,pk-hfad-1_to,688,688006
pk-hfad-1_to.landmarks-mediapipe-world.csv,pk-hfad-1_to,688,688004
pk-hfad-1_today.landmarks-mediapipe-world.csv,pk-hfad-1_today,689,-1
pk-hfad-1_today.landmarks-mediapipe-world.csv,pk-hfad-1_today,689,689007
pk-hfad-1_today.landmarks-mediapipe-world.csv,pk-hfad-1_today,689,689011
pk-hfad-1_today.landmarks-mediapipe-world.csv,pk-hfad-1_today,689,689008
pk-hfad-1_today.landmarks-mediapipe-world.csv,pk-hfad-1_today,689,689009
pk-hfad-1_today.landmarks-mediapipe-world.csv,pk-hfad-1_today,689,689001
pk-hfad-1_today.landmarks-mediapipe-world.csv,pk-hfad-1_today,689,689006
pk-hfad-1_today.landmarks-mediapipe-world.csv,pk-hfad-1_today,689,689005
pk-hfad-1_toey.landmarks-mediapipe-world.csv,pk-hfad-1_toey,690,-1
pk-hfad-1_toey.landmarks-mediapipe-world.csv,pk-hfad-1_toey,690,690007
pk-hfad-1_toey.landmarks-mediapipe-world.csv,pk-hfad-1_toey,690,690002
pk-hfad-1_toey.landmarks-mediapipe-world.csv,pk-hfad-1_toey,690,690004
pk-hfad-1_toey.landmarks-mediapipe-world.csv,pk-hfad-1_toey,690,690010
pk-hfad-1_toey.landmarks-mediapipe-world.csv,pk-hfad-1_toey,690,690003
pk-hfad-1_toey.landmarks-mediapipe-world.csv,pk-hfad-1_toey,690,690011
pk-hfad-1_toey.landmarks-mediapipe-world.csv,pk-hfad-1_toey,690,690006
pk-hfad-1_toffee.landmarks-mediapipe-world.csv,pk-hfad-1_toffee,691,-1
pk-hfad-1_toffee.landmarks-mediapipe-world.csv,pk-hfad-1_toffee,691,691003
pk-hfad-1_toffee.landmarks-mediapipe-world.csv,pk-hfad-1_toffee,691,691005
pk-hfad-1_toffee.landmarks-mediapipe-world.csv,pk-hfad-1_toffee,691,691008
pk-hfad-1_toffee.landmarks-mediapipe-world.csv,pk-hfad-1_toffee,691,691009
pk-hfad-1_toffee.landmarks-mediapipe-world.csv,pk-hfad-1_toffee,691,691006
pk-hfad-1_toffee.landmarks-mediapipe-world.csv,pk-hfad-1_toffee,691,691011
pk-hfad-1_toffee.landmarks-mediapipe-world.csv,pk-hfad-1_toffee,691,691010
pk-hfad-1_tomato.landmarks-mediapipe-world.csv,pk-hfad-1_tomato,692,-1
pk-hfad-1_tomato.landmarks-mediapipe-world.csv,pk-hfad-1_tomato,692,692004
pk-hfad-1_tomato.landmarks-mediapipe-world.csv,pk-hfad-1_tomato,692,692002
pk-hfad-1_tomato.landmarks-mediapipe-world.csv,pk-hfad-1_tomato,692,692009
pk-hfad-1_tomato.landmarks-mediapipe-world.csv,pk-hfad-1_tomato,692,692007
pk-hfad-1_tomato.landmarks-mediapipe-world.csv,pk-hfad-1_tomato,692,692010
pk-hfad-1_tomato.landmarks-mediapipe-world.csv,pk-hfad-1_tomato,692,692003
pk-hfad-1_tomato.landmarks-mediapipe-world.csv,pk-hfad-1_tomato,692,692006
pk-hfad-1_tomb.landmarks-mediapipe-world.csv,pk-hfad-1_tomb,693,-1
pk-hfad-1_tomb.landmarks-mediapipe-world.csv,pk-hfad-1_tomb,693,693007
pk-hfad-1_tomb.landmarks-mediapipe-world.csv,pk-hfad-1_tomb,693,693004
pk-hfad-1_tomb.landmarks-mediapipe-world.csv,pk-hfad-1_tomb,693,693009
pk-hfad-1_tomb.landmarks-mediapipe-world.csv,pk-hfad-1_tomb,693,693003
pk-hfad-1_tomb.landmarks-mediapipe-world.csv,pk-hfad-1_tomb,693,693008
pk-hfad-1_tomb.landmarks-mediapipe-world.csv,pk-hfad-1_tomb,693,693010
pk-hfad-1_tomb.landmarks-mediapipe-world.csv,pk-hfad-1_tomb,693,693011
pk-hfad-1_tomorrow.landmarks-mediapipe-world.csv,pk-hfad-1_tomorrow,694,-1
pk-hfad-1_tomorrow.landmarks-mediapipe-world.csv,pk-hfad-1_tomorrow,694,694011
pk-hfad-1_tomorrow.landmarks-mediapipe-world.csv,pk-hfad-1_tomorrow,694,694010
pk-hfad-1_tomorrow.landmarks-mediapipe-world.csv,pk-hfad-1_tomorrow,694,694003
pk-hfad-1_tomorrow.landmarks-mediapipe-world.csv,pk-hfad-1_tomorrow,694,694008
pk-hfad-1_tomorrow.landmarks-mediapipe-world.csv,pk-hfad-1_tomorrow,694,694009
pk-hfad-1_tomorrow.landmarks-mediapipe-world.csv,pk-hfad-1_tomorrow,694,694001
pk-hfad-1_tomorrow.landmarks-mediapipe-world.csv,pk-hfad-1_tomorrow,694,694005
pk-hfad-1_tools.landmarks-mediapipe-world.csv,pk-hfad-1_tools,695,-1
pk-hfad-1_tools.landmarks-mediapipe-world.csv,pk-hfad-1_tools,695,695006
pk-hfad-1_tools.landmarks-mediapipe-world.csv,pk-hfad-1_tools,695,695009
pk-hfad-1_tools.landmarks-mediapipe-world.csv,pk-hfad-1_tools,695,695004
pk-hfad-1_tools.landmarks-mediapipe-world.csv,pk-hfad-1_tools,695,695003
pk-hfad-1_tools.landmarks-mediapipe-world.csv,pk-hfad-1_tools,695,695008
pk-hfad-1_tools.landmarks-mediapipe-world.csv,pk-hfad-1_tools,695,695010
pk-hfad-1_tools.landmarks-mediapipe-world.csv,pk-hfad-1_tools,695,695002
pk-hfad-1_tortoise.landmarks-mediapipe-world.csv,pk-hfad-1_tortoise,696,-1
pk-hfad-1_tortoise.landmarks-mediapipe-world.csv,pk-hfad-1_tortoise,696,696002
pk-hfad-1_tortoise.landmarks-mediapipe-world.csv,pk-hfad-1_tortoise,696,696004
pk-hfad-1_tortoise.landmarks-mediapipe-world.csv,pk-hfad-1_tortoise,696,696011
pk-hfad-1_tortoise.landmarks-mediapipe-world.csv,pk-hfad-1_tortoise,696,696007
pk-hfad-1_tortoise.landmarks-mediapipe-world.csv,pk-hfad-1_tortoise,696,696008
pk-hfad-1_tortoise.landmarks-mediapipe-world.csv,pk-hfad-1_tortoise,696,696005
pk-hfad-1_tortoise.landmarks-mediapipe-world.csv,pk-hfad-1_tortoise,696,696001
pk-hfad-1_tractor.landmarks-mediapipe-world.csv,pk-hfad-1_tractor,697,-1
pk-hfad-1_tractor.landmarks-mediapipe-world.csv,pk-hfad-1_tractor,697,697002
pk-hfad-1_tractor.landmarks-mediapipe-world.csv,pk-hfad-1_tractor,697,697006
pk-hfad-1_tractor.landmarks-mediapipe-world.csv,pk-hfad-1_tractor,697,697004
pk-hfad-1_tractor.landmarks-mediapipe-world.csv,pk-hfad-1_tractor,697,697007
pk-hfad-1_tractor.landmarks-mediapipe-world.csv,pk-hfad-1_tractor,697,697010
pk-hfad-1_tractor.landmarks-mediapipe-world.csv,pk-hfad-1_tractor,697,697011
pk-hfad-1_tractor.landmarks-mediapipe-world.csv,pk-hfad-1_tractor,697,697009
pk-hfad-1_train(vehicle).landmarks-mediapipe-world.csv,pk-hfad-1_train(vehicle),698,-1
pk-hfad-1_train(vehicle).landmarks-mediapipe-world.csv,pk-hfad-1_train(vehicle),698,698011
pk-hfad-1_train(vehicle).landmarks-mediapipe-world.csv,pk-hfad-1_train(vehicle),698,698004
pk-hfad-1_train(vehicle).landmarks-mediapipe-world.csv,pk-hfad-1_train(vehicle),698,698005
pk-hfad-1_train(vehicle).landmarks-mediapipe-world.csv,pk-hfad-1_train(vehicle),698,698001
pk-hfad-1_train(vehicle).landmarks-mediapipe-world.csv,pk-hfad-1_train(vehicle),698,698009
pk-hfad-1_train(vehicle).landmarks-mediapipe-world.csv,pk-hfad-1_train(vehicle),698,698010
pk-hfad-1_train(vehicle).landmarks-mediapipe-world.csv,pk-hfad-1_train(vehicle),698,698006
pk-hfad-1_transform.landmarks-mediapipe-world.csv,pk-hfad-1_transform,699,-1
pk-hfad-1_transform.landmarks-mediapipe-world.csv,pk-hfad-1_transform,699,699002
pk-hfad-1_transform.landmarks-mediapipe-world.csv,pk-hfad-1_transform,699,699010
pk-hfad-1_transform.landmarks-mediapipe-world.csv,pk-hfad-1_transform,699,699011
pk-hfad-1_transform.landmarks-mediapipe-world.csv,pk-hfad-1_transform,699,699008
pk-hfad-1_transform.landmarks-mediapipe-world.csv,pk-hfad-1_transform,699,699001
pk-hfad-1_transform.landmarks-mediapipe-world.csv,pk-hfad-1_transform,699,699004
pk-hfad-1_transform.landmarks-mediapipe-world.csv,pk-hfad-1_transform,699,699006
pk-hfad-1_tree.landmarks-mediapipe-world.csv,pk-hfad-1_tree,700,-1
pk-hfad-1_tree.landmarks-mediapipe-world.csv,pk-hfad-1_tree,700,700008
pk-hfad-1_tree.landmarks-mediapipe-world.csv,pk-hfad-1_tree,700,700004
pk-hfad-1_tree.landmarks-mediapipe-world.csv,pk-hfad-1_tree,700,700005
pk-hfad-1_tree.landmarks-mediapipe-world.csv,pk-hfad-1_tree,700,700003
pk-hfad-1_tree.landmarks-mediapipe-world.csv,pk-hfad-1_tree,700,700010
pk-hfad-1_tree.landmarks-mediapipe-world.csv,pk-hfad-1_tree,700,700001
pk-hfad-1_tree.landmarks-mediapipe-world.csv,pk-hfad-1_tree,700,700011
pk-hfad-1_trouble.landmarks-mediapipe-world.csv,pk-hfad-1_trouble,701,-1
pk-hfad-1_trouble.landmarks-mediapipe-world.csv,pk-hfad-1_trouble,701,701006
pk-hfad-1_trouble.landmarks-mediapipe-world.csv,pk-hfad-1_trouble,701,701010
pk-hfad-1_trouble.landmarks-mediapipe-world.csv,pk-hfad-1_trouble,701,701011
pk-hfad-1_trouble.landmarks-mediapipe-world.csv,pk-hfad-1_trouble,701,701001
pk-hfad-1_trouble.landmarks-mediapipe-world.csv,pk-hfad-1_trouble,701,701002
pk-hfad-1_trouble.landmarks-mediapipe-world.csv,pk-hfad-1_trouble,701,701009
pk-hfad-1_trouble.landmarks-mediapipe-world.csv,pk-hfad-1_trouble,701,701005
pk-hfad-1_trousers.landmarks-mediapipe-world.csv,pk-hfad-1_trousers,702,-1
pk-hfad-1_trousers.landmarks-mediapipe-world.csv,pk-hfad-1_trousers,702,702009
pk-hfad-1_trousers.landmarks-mediapipe-world.csv,pk-hfad-1_trousers,702,702011
pk-hfad-1_trousers.landmarks-mediapipe-world.csv,pk-hfad-1_trousers,702,702008
pk-hfad-1_trousers.landmarks-mediapipe-world.csv,pk-hfad-1_trousers,702,702007
pk-hfad-1_trousers.landmarks-mediapipe-world.csv,pk-hfad-1_trousers,702,702004
pk-hfad-1_trousers.landmarks-mediapipe-world.csv,pk-hfad-1_trousers,702,702001
pk-hfad-1_trousers.landmarks-mediapipe-world.csv,pk-hfad-1_trousers,702,702003
pk-hfad-1_true.landmarks-mediapipe-world.csv,pk-hfad-1_true,703,-1
pk-hfad-1_true.landmarks-mediapipe-world.csv,pk-hfad-1_true,703,703001
pk-hfad-1_true.landmarks-mediapipe-world.csv,pk-hfad-1_true,703,703008
pk-hfad-1_true.landmarks-mediapipe-world.csv,pk-hfad-1_true,703,703006
pk-hfad-1_true.landmarks-mediapipe-world.csv,pk-hfad-1_true,703,703002
pk-hfad-1_true.landmarks-mediapipe-world.csv,pk-hfad-1_true,703,703003
pk-hfad-1_true.landmarks-mediapipe-world.csv,pk-hfad-1_true,703,703011
pk-hfad-1_true.landmarks-mediapipe-world.csv,pk-hfad-1_true,703,703010
pk-hfad-1_try.landmarks-mediapipe-world.csv,pk-hfad-1_try,704,-1
pk-hfad-1_try.landmarks-mediapipe-world.csv,pk-hfad-1_try,704,704010
pk-hfad-1_try.landmarks-mediapipe-world.csv,pk-hfad-1_try,704,704003
pk-hfad-1_try.landmarks-mediapipe-world.csv,pk-hfad-1_try,704,704004
pk-hfad-1_try.landmarks-mediapipe-world.csv,pk-hfad-1_try,704,704005
pk-hfad-1_try.landmarks-mediapipe-world.csv,pk-hfad-1_try,704,704002
pk-hfad-1_try.landmarks-mediapipe-world.csv,pk-hfad-1_try,704,704008
pk-hfad-1_try.landmarks-mediapipe-world.csv,pk-hfad-1_try,704,704009
pk-hfad-1_turkey(country).landmarks-mediapipe-world.csv,pk-hfad-1_turkey(country),705,-1
pk-hfad-1_turkey(country).landmarks-mediapipe-world.csv,pk-hfad-1_turkey(country),705,705011
pk-hfad-1_turkey(country).landmarks-mediapipe-world.csv,pk-hfad-1_turkey(country),705,705003
pk-hfad-1_turkey(country).landmarks-mediapipe-world.csv,pk-hfad-1_turkey(country),705,705006
pk-hfad-1_turkey(country).landmarks-mediapipe-world.csv,pk-hfad-1_turkey(country),705,705010
pk-hfad-1_turkey(country).landmarks-mediapipe-world.csv,pk-hfad-1_turkey(country),705,705002
pk-hfad-1_turkey(country).landmarks-mediapipe-world.csv,pk-hfad-1_turkey(country),705,705007
pk-hfad-1_turkey(country).landmarks-mediapipe-world.csv,pk-hfad-1_turkey(country),705,705008
pk-hfad-1_tv.landmarks-mediapipe-world.csv,pk-hfad-1_tv,706,-1
pk-hfad-1_tv.landmarks-mediapipe-world.csv,pk-hfad-1_tv,706,706009
pk-hfad-1_tv.landmarks-mediapipe-world.csv,pk-hfad-1_tv,706,706006
pk-hfad-1_tv.landmarks-mediapipe-world.csv,pk-hfad-1_tv,706,706008
pk-hfad-1_tv.landmarks-mediapipe-world.csv,pk-hfad-1_tv,706,706007
pk-hfad-1_tv.landmarks-mediapipe-world.csv,pk-hfad-1_tv,706,706001
pk-hfad-1_tv.landmarks-mediapipe-world.csv,pk-hfad-1_tv,706,706004
pk-hfad-1_tv.landmarks-mediapipe-world.csv,pk-hfad-1_tv,706,706003
pk-hfad-1_u(double-handed-letter).landmarks-mediapipe-world.csv,pk-hfad-1_u(double-handed-letter),707,-1
pk-hfad-1_u(double-handed-letter).landmarks-mediapipe-world.csv,pk-hfad-1_u(double-handed-letter),707,707008
pk-hfad-1_u(double-handed-letter).landmarks-mediapipe-world.csv,pk-hfad-1_u(double-handed-letter),707,707001
pk-hfad-1_u(double-handed-letter).landmarks-mediapipe-world.csv,pk-hfad-1_u(double-handed-letter),707,707004
pk-hfad-1_u(double-handed-letter).landmarks-mediapipe-world.csv,pk-hfad-1_u(double-handed-letter),707,707010
pk-hfad-1_u(double-handed-letter).landmarks-mediapipe-world.csv,pk-hfad-1_u(double-handed-letter),707,707006
pk-hfad-1_u(double-handed-letter).landmarks-mediapipe-world.csv,pk-hfad-1_u(double-handed-letter),707,707009
pk-hfad-1_u(double-handed-letter).landmarks-mediapipe-world.csv,pk-hfad-1_u(double-handed-letter),707,707002
pk-hfad-1_u(single-handed-letter).landmarks-mediapipe-world.csv,pk-hfad-1_u(single-handed-letter),708,-1
pk-hfad-1_u(single-handed-letter).landmarks-mediapipe-world.csv,pk-hfad-1_u(single-handed-letter),708,708007
pk-hfad-1_u(single-handed-letter).landmarks-mediapipe-world.csv,pk-hfad-1_u(single-handed-letter),708,708004
pk-hfad-1_u(single-handed-letter).landmarks-mediapipe-world.csv,pk-hfad-1_u(single-handed-letter),708,708005
pk-hfad-1_u(single-handed-letter).landmarks-mediapipe-world.csv,pk-hfad-1_u(single-handed-letter),708,708003
pk-hfad-1_u(single-handed-letter).landmarks-mediapipe-world.csv,pk-hfad-1_u(single-handed-letter),708,708006
pk-hfad-1_u(single-handed-letter).landmarks-mediapipe-world.csv,pk-hfad-1_u(single-handed-letter),708,708001
pk-hfad-1_u(single-handed-letter).landmarks-mediapipe-world.csv,pk-hfad-1_u(single-handed-letter),708,708011
pk-hfad-1_unhappy.landmarks-mediapipe-world.csv,pk-hfad-1_unhappy,709,-1
pk-hfad-1_unhappy.landmarks-mediapipe-world.csv,pk-hfad-1_unhappy,709,709002
pk-hfad-1_unhappy.landmarks-mediapipe-world.csv,pk-hfad-1_unhappy,709,709011
pk-hfad-1_unhappy.landmarks-mediapipe-world.csv,pk-hfad-1_unhappy,709,709006
pk-hfad-1_unhappy.landmarks-mediapipe-world.csv,pk-hfad-1_unhappy,709,709009
pk-hfad-1_unhappy.landmarks-mediapipe-world.csv,pk-hfad-1_unhappy,709,709007
pk-hfad-1_unhappy.landmarks-mediapipe-world.csv,pk-hfad-1_unhappy,709,709005
pk-hfad-1_unhappy.landmarks-mediapipe-world.csv,pk-hfad-1_unhappy,709,709003
pk-hfad-1_uniform(costume).landmarks-mediapipe-world.csv,pk-hfad-1_uniform(costume),710,-1
pk-hfad-1_uniform(costume).landmarks-mediapipe-world.csv,pk-hfad-1_uniform(costume),710,710009
pk-hfad-1_uniform(costume).landmarks-mediapipe-world.csv,pk-hfad-1_uniform(costume),710,710003
pk-hfad-1_uniform(costume).landmarks-mediapipe-world.csv,pk-hfad-1_uniform(costume),710,710004
pk-hfad-1_uniform(costume).landmarks-mediapipe-world.csv,pk-hfad-1_uniform(costume),710,710001
pk-hfad-1_uniform(costume).landmarks-mediapipe-world.csv,pk-hfad-1_uniform(costume),710,710011
pk-hfad-1_uniform(costume).landmarks-mediapipe-world.csv,pk-hfad-1_uniform(costume),710,710006
pk-hfad-1_uniform(costume).landmarks-mediapipe-world.csv,pk-hfad-1_uniform(costume),710,710002
pk-hfad-1_university.landmarks-mediapipe-world.csv,pk-hfad-1_university,711,-1
pk-hfad-1_university.landmarks-mediapipe-world.csv,pk-hfad-1_university,711,711008
pk-hfad-1_university.landmarks-mediapipe-world.csv,pk-hfad-1_university,711,711005
pk-hfad-1_university.landmarks-mediapipe-world.csv,pk-hfad-1_university,711,711010
pk-hfad-1_university.landmarks-mediapipe-world.csv,pk-hfad-1_university,711,711011
pk-hfad-1_university.landmarks-mediapipe-world.csv,pk-hfad-1_university,711,711003
pk-hfad-1_university.landmarks-mediapipe-world.csv,pk-hfad-1_university,711,711002
pk-hfad-1_university.landmarks-mediapipe-world.csv,pk-hfad-1_university,711,711006
pk-hfad-1_unnecessary.landmarks-mediapipe-world.csv,pk-hfad-1_unnecessary,712,-1
pk-hfad-1_unnecessary.landmarks-mediapipe-world.csv,pk-hfad-1_unnecessary,712,712006
pk-hfad-1_unnecessary.landmarks-mediapipe-world.csv,pk-hfad-1_unnecessary,712,712009
pk-hfad-1_unnecessary.landmarks-mediapipe-world.csv,pk-hfad-1_unnecessary,712,712010
pk-hfad-1_unnecessary.landmarks-mediapipe-world.csv,pk-hfad-1_unnecessary,712,712001
pk-hfad-1_unnecessary.landmarks-mediapipe-world.csv,pk-hfad-1_unnecessary,712,712005
pk-hfad-1_unnecessary.landmarks-mediapipe-world.csv,pk-hfad-1_unnecessary,712,712007
pk-hfad-1_unnecessary.landmarks-mediapipe-world.csv,pk-hfad-1_unnecessary,712,712003
pk-hfad-1_unoccupied.landmarks-mediapipe-world.csv,pk-hfad-1_unoccupied,713,-1
pk-hfad-1_unoccupied.landmarks-mediapipe-world.csv,pk-hfad-1_unoccupied,713,713002
pk-hfad-1_unoccupied.landmarks-mediapipe-world.csv,pk-hfad-1_unoccupied,713,713008
pk-hfad-1_unoccupied.landmarks-mediapipe-world.csv,pk-hfad-1_unoccupied,713,713009
pk-hfad-1_unoccupied.landmarks-mediapipe-world.csv,pk-hfad-1_unoccupied,713,713001
pk-hfad-1_unoccupied.landmarks-mediapipe-world.csv,pk-hfad-1_unoccupied,713,713011
pk-hfad-1_unoccupied.landmarks-mediapipe-world.csv,pk-hfad-1_unoccupied,713,713004
pk-hfad-1_unoccupied.landmarks-mediapipe-world.csv,pk-hfad-1_unoccupied,713,713005
pk-hfad-1_until.landmarks-mediapipe-world.csv,pk-hfad-1_until,714,-1
pk-hfad-1_until.landmarks-mediapipe-world.csv,pk-hfad-1_until,714,714009
pk-hfad-1_until.landmarks-mediapipe-world.csv,pk-hfad-1_until,714,714002
pk-hfad-1_until.landmarks-mediapipe-world.csv,pk-hfad-1_until,714,714011
pk-hfad-1_until.landmarks-mediapipe-world.csv,pk-hfad-1_until,714,714007
pk-hfad-1_until.landmarks-mediapipe-world.csv,pk-hfad-1_until,714,714008
pk-hfad-1_until.landmarks-mediapipe-world.csv,pk-hfad-1_until,714,714010
pk-hfad-1_until.landmarks-mediapipe-world.csv,pk-hfad-1_until,714,714003
pk-hfad-1_untruth.landmarks-mediapipe-world.csv,pk-hfad-1_untruth,715,-1
pk-hfad-1_untruth.landmarks-mediapipe-world.csv,pk-hfad-1_untruth,715,715005
pk-hfad-1_untruth.landmarks-mediapipe-world.csv,pk-hfad-1_untruth,715,715007
pk-hfad-1_untruth.landmarks-mediapipe-world.csv,pk-hfad-1_untruth,715,715003
pk-hfad-1_untruth.landmarks-mediapipe-world.csv,pk-hfad-1_untruth,715,715011
pk-hfad-1_untruth.landmarks-mediapipe-world.csv,pk-hfad-1_untruth,715,715006
pk-hfad-1_untruth.landmarks-mediapipe-world.csv,pk-hfad-1_untruth,715,715008
pk-hfad-1_untruth.landmarks-mediapipe-world.csv,pk-hfad-1_untruth,715,715010
pk-hfad-1_unwell.landmarks-mediapipe-world.csv,pk-hfad-1_unwell,716,-1
pk-hfad-1_unwell.landmarks-mediapipe-world.csv,pk-hfad-1_unwell,716,716009
pk-hfad-1_unwell.landmarks-mediapipe-world.csv,pk-hfad-1_unwell,716,716007
pk-hfad-1_unwell.landmarks-mediapipe-world.csv,pk-hfad-1_unwell,716,716001
pk-hfad-1_unwell.landmarks-mediapipe-world.csv,pk-hfad-1_unwell,716,716003
pk-hfad-1_unwell.landmarks-mediapipe-world.csv,pk-hfad-1_unwell,716,716011
pk-hfad-1_unwell.landmarks-mediapipe-world.csv,pk-hfad-1_unwell,716,716008
pk-hfad-1_unwell.landmarks-mediapipe-world.csv,pk-hfad-1_unwell,716,716002
pk-hfad-1_upset.landmarks-mediapipe-world.csv,pk-hfad-1_upset,717,-1
pk-hfad-1_upset.landmarks-mediapipe-world.csv,pk-hfad-1_upset,717,717006
pk-hfad-1_upset.landmarks-mediapipe-world.csv,pk-hfad-1_upset,717,717008
pk-hfad-1_upset.landmarks-mediapipe-world.csv,pk-hfad-1_upset,717,717009
pk-hfad-1_upset.landmarks-mediapipe-world.csv,pk-hfad-1_upset,717,717005
pk-hfad-1_upset.landmarks-mediapipe-world.csv,pk-hfad-1_upset,717,717002
pk-hfad-1_upset.landmarks-mediapipe-world.csv,pk-hfad-1_upset,717,717004
pk-hfad-1_upset.landmarks-mediapipe-world.csv,pk-hfad-1_upset,717,717011
pk-hfad-1_urdu.landmarks-mediapipe-world.csv,pk-hfad-1_urdu,718,-1
pk-hfad-1_urdu.landmarks-mediapipe-world.csv,pk-hfad-1_urdu,718,718009
pk-hfad-1_urdu.landmarks-mediapipe-world.csv,pk-hfad-1_urdu,718,718003
pk-hfad-1_urdu.landmarks-mediapipe-world.csv,pk-hfad-1_urdu,718,718002
pk-hfad-1_urdu.landmarks-mediapipe-world.csv,pk-hfad-1_urdu,718,718001
pk-hfad-1_urdu.landmarks-mediapipe-world.csv,pk-hfad-1_urdu,718,718011
pk-hfad-1_urdu.landmarks-mediapipe-world.csv,pk-hfad-1_urdu,718,718007
pk-hfad-1_urdu.landmarks-mediapipe-world.csv,pk-hfad-1_urdu,718,718005
pk-hfad-1_us(we).landmarks-mediapipe-world.csv,pk-hfad-1_us(we),719,-1
pk-hfad-1_us(we).landmarks-mediapipe-world.csv,pk-hfad-1_us(we),719,719007
pk-hfad-1_us(we).landmarks-mediapipe-world.csv,pk-hfad-1_us(we),719,719010
pk-hfad-1_us(we).landmarks-mediapipe-world.csv,pk-hfad-1_us(we),719,719009
pk-hfad-1_us(we).landmarks-mediapipe-world.csv,pk-hfad-1_us(we),719,719011
pk-hfad-1_us(we).landmarks-mediapipe-world.csv,pk-hfad-1_us(we),719,719001
pk-hfad-1_us(we).landmarks-mediapipe-world.csv,pk-hfad-1_us(we),719,719002
pk-hfad-1_us(we).landmarks-mediapipe-world.csv,pk-hfad-1_us(we),719,719003
pk-hfad-1_use.landmarks-mediapipe-world.csv,pk-hfad-1_use,720,-1
pk-hfad-1_use.landmarks-mediapipe-world.csv,pk-hfad-1_use,720,720004
pk-hfad-1_use.landmarks-mediapipe-world.csv,pk-hfad-1_use,720,720009
pk-hfad-1_use.landmarks-mediapipe-world.csv,pk-hfad-1_use,720,720002
pk-hfad-1_use.landmarks-mediapipe-world.csv,pk-hfad-1_use,720,720010
pk-hfad-1_use.landmarks-mediapipe-world.csv,pk-hfad-1_use,720,720006
pk-hfad-1_use.landmarks-mediapipe-world.csv,pk-hfad-1_use,720,720003
pk-hfad-1_use.landmarks-mediapipe-world.csv,pk-hfad-1_use,720,720001
pk-hfad-1_v(double-handed-letter).landmarks-mediapipe-world.csv,pk-hfad-1_v(double-handed-letter),721,-1
pk-hfad-1_v(double-handed-letter).landmarks-mediapipe-world.csv,pk-hfad-1_v(double-handed-letter),721,721002
pk-hfad-1_v(double-handed-letter).landmarks-mediapipe-world.csv,pk-hfad-1_v(double-handed-letter),721,721001
pk-hfad-1_v(double-handed-letter).landmarks-mediapipe-world.csv,pk-hfad-1_v(double-handed-letter),721,721010
pk-hfad-1_v(double-handed-letter).landmarks-mediapipe-world.csv,pk-hfad-1_v(double-handed-letter),721,721008
pk-hfad-1_v(double-handed-letter).landmarks-mediapipe-world.csv,pk-hfad-1_v(double-handed-letter),721,721006
pk-hfad-1_v(double-handed-letter).landmarks-mediapipe-world.csv,pk-hfad-1_v(double-handed-letter),721,721005
pk-hfad-1_v(double-handed-letter).landmarks-mediapipe-world.csv,pk-hfad-1_v(double-handed-letter),721,721003
pk-hfad-1_v(single-handed-letter).landmarks-mediapipe-world.csv,pk-hfad-1_v(single-handed-letter),722,-1
pk-hfad-1_v(single-handed-letter).landmarks-mediapipe-world.csv,pk-hfad-1_v(single-handed-letter),722,722009
pk-hfad-1_v(single-handed-letter).landmarks-mediapipe-world.csv,pk-hfad-1_v(single-handed-letter),722,722008
pk-hfad-1_v(single-handed-letter).landmarks-mediapipe-world.csv,pk-hfad-1_v(single-handed-letter),722,722005
pk-hfad-1_v(single-handed-letter).landmarks-mediapipe-world.csv,pk-hfad-1_v(single-handed-letter),722,722007
pk-hfad-1_v(single-handed-letter).landmarks-mediapipe-world.csv,pk-hfad-1_v(single-handed-letter),722,722011
pk-hfad-1_v(single-handed-letter).landmarks-mediapipe-world.csv,pk-hfad-1_v(single-handed-letter),722,722003
pk-hfad-1_v(single-handed-letter).landmarks-mediapipe-world.csv,pk-hfad-1_v(single-handed-letter),722,722006
pk-hfad-1_van.landmarks-mediapipe-world.csv,pk-hfad-1_van,723,-1
pk-hfad-1_van.landmarks-mediapipe-world.csv,pk-hfad-1_van,723,723011
pk-hfad-1_van.landmarks-mediapipe-world.csv,pk-hfad-1_van,723,723009
pk-hfad-1_van.landmarks-mediapipe-world.csv,pk-hfad-1_van,723,723010
pk-hfad-1_van.landmarks-mediapipe-world.csv,pk-hfad-1_van,723,723006
pk-hfad-1_van.landmarks-mediapipe-world.csv,pk-hfad-1_van,723,723002
pk-hfad-1_van.landmarks-mediapipe-world.csv,pk-hfad-1_van,723,723008
pk-hfad-1_van.landmarks-mediapipe-world.csv,pk-hfad-1_van,723,723003
pk-hfad-1_various.landmarks-mediapipe-world.csv,pk-hfad-1_various,724,-1
pk-hfad-1_various.landmarks-mediapipe-world.csv,pk-hfad-1_various,724,724005
pk-hfad-1_various.landmarks-mediapipe-world.csv,pk-hfad-1_various,724,724009
pk-hfad-1_various.landmarks-mediapipe-world.csv,pk-hfad-1_various,724,724002
pk-hfad-1_various.landmarks-mediapipe-world.csv,pk-hfad-1_various,724,724001
pk-hfad-1_various.landmarks-mediapipe-world.csv,pk-hfad-1_various,724,724010
pk-hfad-1_various.landmarks-mediapipe-world.csv,pk-hfad-1_various,724,724011
pk-hfad-1_various.landmarks-mediapipe-world.csv,pk-hfad-1_various,724,724006
pk-hfad-1_vegetables.landmarks-mediapipe-world.csv,pk-hfad-1_vegetables,725,-1
pk-hfad-1_vegetables.landmarks-mediapipe-world.csv,pk-hfad-1_vegetables,725,725008
pk-hfad-1_vegetables.landmarks-mediapipe-world.csv,pk-hfad-1_vegetables,725,725001
pk-hfad-1_vegetables.landmarks-mediapipe-world.csv,pk-hfad-1_vegetables,725,725002
pk-hfad-1_vegetables.landmarks-mediapipe-world.csv,pk-hfad-1_vegetables,725,725010
pk-hfad-1_vegetables.landmarks-mediapipe-world.csv,pk-hfad-1_vegetables,725,725011
pk-hfad-1_vegetables.landmarks-mediapipe-world.csv,pk-hfad-1_vegetables,725,725009
pk-hfad-1_vegetables.landmarks-mediapipe-world.csv,pk-hfad-1_vegetables,725,725007
pk-hfad-1_verse(quran).landmarks-mediapipe-world.csv,pk-hfad-1_verse(quran),726,-1
pk-hfad-1_verse(quran).landmarks-mediapipe-world.csv,pk-hfad-1_verse(quran),726,726008
pk-hfad-1_verse(quran).landmarks-mediapipe-world.csv,pk-hfad-1_verse(quran),726,726011
pk-hfad-1_verse(quran).landmarks-mediapipe-world.csv,pk-hfad-1_verse(quran),726,726009
pk-hfad-1_verse(quran).landmarks-mediapipe-world.csv,pk-hfad-1_verse(quran),726,726006
pk-hfad-1_verse(quran).landmarks-mediapipe-world.csv,pk-hfad-1_verse(quran),726,726001
pk-hfad-1_verse(quran).landmarks-mediapipe-world.csv,pk-hfad-1_verse(quran),726,726002
pk-hfad-1_verse(quran).landmarks-mediapipe-world.csv,pk-hfad-1_verse(quran),726,726007
pk-hfad-1_very.landmarks-mediapipe-world.csv,pk-hfad-1_very,727,-1
pk-hfad-1_very.landmarks-mediapipe-world.csv,pk-hfad-1_very,727,727009
pk-hfad-1_very.landmarks-mediapipe-world.csv,pk-hfad-1_very,727,727006
pk-hfad-1_very.landmarks-mediapipe-world.csv,pk-hfad-1_very,727,727007
pk-hfad-1_very.landmarks-mediapipe-world.csv,pk-hfad-1_very,727,727002
pk-hfad-1_very.landmarks-mediapipe-world.csv,pk-hfad-1_very,727,727008
pk-hfad-1_very.landmarks-mediapipe-world.csv,pk-hfad-1_very,727,727005
pk-hfad-1_very.landmarks-mediapipe-world.csv,pk-hfad-1_very,727,727003
pk-hfad-1_village.landmarks-mediapipe-world.csv,pk-hfad-1_village,728,-1
pk-hfad-1_village.landmarks-mediapipe-world.csv,pk-hfad-1_village,728,728011
pk-hfad-1_village.landmarks-mediapipe-world.csv,pk-hfad-1_village,728,728002
pk-hfad-1_village.landmarks-mediapipe-world.csv,pk-hfad-1_village,728,728004
pk-hfad-1_village.landmarks-mediapipe-world.csv,pk-hfad-1_village,728,728007
pk-hfad-1_village.landmarks-mediapipe-world.csv,pk-hfad-1_village,728,728001
pk-hfad-1_village.landmarks-mediapipe-world.csv,pk-hfad-1_village,728,728003
pk-hfad-1_village.landmarks-mediapipe-world.csv,pk-hfad-1_village,728,728006
pk-hfad-1_volcano.landmarks-mediapipe-world.csv,pk-hfad-1_volcano,729,-1
pk-hfad-1_volcano.landmarks-mediapipe-world.csv,pk-hfad-1_volcano,729,729008
pk-hfad-1_volcano.landmarks-mediapipe-world.csv,pk-hfad-1_volcano,729,729011
pk-hfad-1_volcano.landmarks-mediapipe-world.csv,pk-hfad-1_volcano,729,729003
pk-hfad-1_volcano.landmarks-mediapipe-world.csv,pk-hfad-1_volcano,729,729006
pk-hfad-1_volcano.landmarks-mediapipe-world.csv,pk-hfad-1_volcano,729,729007
pk-hfad-1_volcano.landmarks-mediapipe-world.csv,pk-hfad-1_volcano,729,729009
pk-hfad-1_volcano.landmarks-mediapipe-world.csv,pk-hfad-1_volcano,729,729010
pk-hfad-1_w(double-handed-letter).landmarks-mediapipe-world.csv,pk-hfad-1_w(double-handed-letter),730,-1
pk-hfad-1_w(double-handed-letter).landmarks-mediapipe-world.csv,pk-hfad-1_w(double-handed-letter),730,730004
pk-hfad-1_w(double-handed-letter).landmarks-mediapipe-world.csv,pk-hfad-1_w(double-handed-letter),730,730011
pk-hfad-1_w(double-handed-letter).landmarks-mediapipe-world.csv,pk-hfad-1_w(double-handed-letter),730,730007
pk-hfad-1_w(double-handed-letter).landmarks-mediapipe-world.csv,pk-hfad-1_w(double-handed-letter),730,730008
pk-hfad-1_w(double-handed-letter).landmarks-mediapipe-world.csv,pk-hfad-1_w(double-handed-letter),730,730009
pk-hfad-1_w(double-handed-letter).landmarks-mediapipe-world.csv,pk-hfad-1_w(double-handed-letter),730,730002
pk-hfad-1_w(double-handed-letter).landmarks-mediapipe-world.csv,pk-hfad-1_w(double-handed-letter),730,730006
pk-hfad-1_w(single-handed-letter).landmarks-mediapipe-world.csv,pk-hfad-1_w(single-handed-letter),731,-1
pk-hfad-1_w(single-handed-letter).landmarks-mediapipe-world.csv,pk-hfad-1_w(single-handed-letter),731,731011
pk-hfad-1_w(single-handed-letter).landmarks-mediapipe-world.csv,pk-hfad-1_w(single-handed-letter),731,731006
pk-hfad-1_w(single-handed-letter).landmarks-mediapipe-world.csv,pk-hfad-1_w(single-handed-letter),731,731009
pk-hfad-1_w(single-handed-letter).landmarks-mediapipe-world.csv,pk-hfad-1_w(single-handed-letter),731,731003
pk-hfad-1_w(single-handed-letter).landmarks-mediapipe-world.csv,pk-hfad-1_w(single-handed-letter),731,731010
pk-hfad-1_w(single-handed-letter).landmarks-mediapipe-world.csv,pk-hfad-1_w(single-handed-letter),731,731002
pk-hfad-1_w(single-handed-letter).landmarks-mediapipe-world.csv,pk-hfad-1_w(single-handed-letter),731,731005
pk-hfad-1_wait.landmarks-mediapipe-world.csv,pk-hfad-1_wait,732,-1
pk-hfad-1_wait.landmarks-mediapipe-world.csv,pk-hfad-1_wait,732,732009
pk-hfad-1_wait.landmarks-mediapipe-world.csv,pk-hfad-1_wait,732,732004
pk-hfad-1_wait.landmarks-mediapipe-world.csv,pk-hfad-1_wait,732,732008
pk-hfad-1_wait.landmarks-mediapipe-world.csv,pk-hfad-1_wait,732,732002
pk-hfad-1_wait.landmarks-mediapipe-world.csv,pk-hfad-1_wait,732,732007
pk-hfad-1_wait.landmarks-mediapipe-world.csv,pk-hfad-1_wait,732,732010
pk-hfad-1_wait.landmarks-mediapipe-world.csv,pk-hfad-1_wait,732,732003
pk-hfad-1_wake.landmarks-mediapipe-world.csv,pk-hfad-1_wake,733,-1
pk-hfad-1_wake.landmarks-mediapipe-world.csv,pk-hfad-1_wake,733,733007
pk-hfad-1_wake.landmarks-mediapipe-world.csv,pk-hfad-1_wake,733,733002
pk-hfad-1_wake.landmarks-mediapipe-world.csv,pk-hfad-1_wake,733,733003
pk-hfad-1_wake.landmarks-mediapipe-world.csv,pk-hfad-1_wake,733,733008
pk-hfad-1_wake.landmarks-mediapipe-world.csv,pk-hfad-1_wake,733,733001
pk-hfad-1_wake.landmarks-mediapipe-world.csv,pk-hfad-1_wake,733,733004
pk-hfad-1_wake.landmarks-mediapipe-world.csv,pk-hfad-1_wake,733,733009
pk-hfad-1_walk.landmarks-mediapipe-world.csv,pk-hfad-1_walk,734,-1
pk-hfad-1_walk.landmarks-mediapipe-world.csv,pk-hfad-1_walk,734,734008
pk-hfad-1_walk.landmarks-mediapipe-world.csv,pk-hfad-1_walk,734,734004
pk-hfad-1_walk.landmarks-mediapipe-world.csv,pk-hfad-1_walk,734,734011
pk-hfad-1_walk.landmarks-mediapipe-world.csv,pk-hfad-1_walk,734,734001
pk-hfad-1_walk.landmarks-mediapipe-world.csv,pk-hfad-1_walk,734,734002
pk-hfad-1_walk.landmarks-mediapipe-world.csv,pk-hfad-1_walk,734,734010
pk-hfad-1_walk.landmarks-mediapipe-world.csv,pk-hfad-1_walk,734,734006
pk-hfad-1_washroom.landmarks-mediapipe-world.csv,pk-hfad-1_washroom,735,-1
pk-hfad-1_washroom.landmarks-mediapipe-world.csv,pk-hfad-1_washroom,735,735004
pk-hfad-1_washroom.landmarks-mediapipe-world.csv,pk-hfad-1_washroom,735,735001
pk-hfad-1_washroom.landmarks-mediapipe-world.csv,pk-hfad-1_washroom,735,735010
pk-hfad-1_washroom.landmarks-mediapipe-world.csv,pk-hfad-1_washroom,735,735008
pk-hfad-1_washroom.landmarks-mediapipe-world.csv,pk-hfad-1_washroom,735,735005
pk-hfad-1_washroom.landmarks-mediapipe-world.csv,pk-hfad-1_washroom,735,735011
pk-hfad-1_washroom.landmarks-mediapipe-world.csv,pk-hfad-1_washroom,735,735002
pk-hfad-1_watermelon.landmarks-mediapipe-world.csv,pk-hfad-1_watermelon,736,-1
pk-hfad-1_watermelon.landmarks-mediapipe-world.csv,pk-hfad-1_watermelon,736,736003
pk-hfad-1_watermelon.landmarks-mediapipe-world.csv,pk-hfad-1_watermelon,736,736005
pk-hfad-1_watermelon.landmarks-mediapipe-world.csv,pk-hfad-1_watermelon,736,736008
pk-hfad-1_watermelon.landmarks-mediapipe-world.csv,pk-hfad-1_watermelon,736,736002
pk-hfad-1_watermelon.landmarks-mediapipe-world.csv,pk-hfad-1_watermelon,736,736007
pk-hfad-1_watermelon.landmarks-mediapipe-world.csv,pk-hfad-1_watermelon,736,736006
pk-hfad-1_watermelon.landmarks-mediapipe-world.csv,pk-hfad-1_watermelon,736,736001
pk-hfad-1_we.landmarks-mediapipe-world.csv,pk-hfad-1_we,737,-1
pk-hfad-1_we.landmarks-mediapipe-world.csv,pk-hfad-1_we,737,737009
pk-hfad-1_we.landmarks-mediapipe-world.csv,pk-hfad-1_we,737,737007
pk-hfad-1_we.landmarks-mediapipe-world.csv,pk-hfad-1_we,737,737002
pk-hfad-1_we.landmarks-mediapipe-world.csv,pk-hfad-1_we,737,737010
pk-hfad-1_we.landmarks-mediapipe-world.csv,pk-hfad-1_we,737,737001
pk-hfad-1_we.landmarks-mediapipe-world.csv,pk-hfad-1_we,737,737006
pk-hfad-1_we.landmarks-mediapipe-world.csv,pk-hfad-1_we,737,737011
pk-hfad-1_weak.landmarks-mediapipe-world.csv,pk-hfad-1_weak,738,-1
pk-hfad-1_weak.landmarks-mediapipe-world.csv,pk-hfad-1_weak,738,738006
pk-hfad-1_weak.landmarks-mediapipe-world.csv,pk-hfad-1_weak,738,738001
pk-hfad-1_weak.landmarks-mediapipe-world.csv,pk-hfad-1_weak,738,738004
pk-hfad-1_weak.landmarks-mediapipe-world.csv,pk-hfad-1_weak,738,738010
pk-hfad-1_weak.landmarks-mediapipe-world.csv,pk-hfad-1_weak,738,738007
pk-hfad-1_weak.landmarks-mediapipe-world.csv,pk-hfad-1_weak,738,738011
pk-hfad-1_weak.landmarks-mediapipe-world.csv,pk-hfad-1_weak,738,738009
pk-hfad-1_wealth.landmarks-mediapipe-world.csv,pk-hfad-1_wealth,739,-1
pk-hfad-1_wealth.landmarks-mediapipe-world.csv,pk-hfad-1_wealth,739,739011
pk-hfad-1_wealth.landmarks-mediapipe-world.csv,pk-hfad-1_wealth,739,739004
pk-hfad-1_wealth.landmarks-mediapipe-world.csv,pk-hfad-1_wealth,739,739001
pk-hfad-1_wealth.landmarks-mediapipe-world.csv,pk-hfad-1_wealth,739,739007
pk-hfad-1_wealth.landmarks-mediapipe-world.csv,pk-hfad-1_wealth,739,739005
pk-hfad-1_wealth.landmarks-mediapipe-world.csv,pk-hfad-1_wealth,739,739006
pk-hfad-1_wealth.landmarks-mediapipe-world.csv,pk-hfad-1_wealth,739,739003
pk-hfad-1_weather.landmarks-mediapipe-world.csv,pk-hfad-1_weather,740,-1
pk-hfad-1_weather.landmarks-mediapipe-world.csv,pk-hfad-1_weather,740,740002
pk-hfad-1_weather.landmarks-mediapipe-world.csv,pk-hfad-1_weather,740,740001
pk-hfad-1_weather.landmarks-mediapipe-world.csv,pk-hfad-1_weather,740,740011
pk-hfad-1_weather.landmarks-mediapipe-world.csv,pk-hfad-1_weather,740,740010
pk-hfad-1_weather.landmarks-mediapipe-world.csv,pk-hfad-1_weather,740,740009
pk-hfad-1_weather.landmarks-mediapipe-world.csv,pk-hfad-1_weather,740,740007
pk-hfad-1_weather.landmarks-mediapipe-world.csv,pk-hfad-1_weather,740,740005
pk-hfad-1_wedding.landmarks-mediapipe-world.csv,pk-hfad-1_wedding,741,-1
pk-hfad-1_wedding.landmarks-mediapipe-world.csv,pk-hfad-1_wedding,741,741006
pk-hfad-1_wedding.landmarks-mediapipe-world.csv,pk-hfad-1_wedding,741,741007
pk-hfad-1_wedding.landmarks-mediapipe-world.csv,pk-hfad-1_wedding,741,741002
pk-hfad-1_wedding.landmarks-mediapipe-world.csv,pk-hfad-1_wedding,741,741005
pk-hfad-1_wedding.landmarks-mediapipe-world.csv,pk-hfad-1_wedding,741,741004
pk-hfad-1_wedding.landmarks-mediapipe-world.csv,pk-hfad-1_wedding,741,741010
pk-hfad-1_wedding.landmarks-mediapipe-world.csv,pk-hfad-1_wedding,741,741011
pk-hfad-1_week.landmarks-mediapipe-world.csv,pk-hfad-1_week,742,-1
pk-hfad-1_week.landmarks-mediapipe-world.csv,pk-hfad-1_week,742,742011
pk-hfad-1_week.landmarks-mediapipe-world.csv,pk-hfad-1_week,742,742003
pk-hfad-1_week.landmarks-mediapipe-world.csv,pk-hfad-1_week,742,742010
pk-hfad-1_week.landmarks-mediapipe-world.csv,pk-hfad-1_week,742,742002
pk-hfad-1_week.landmarks-mediapipe-world.csv,pk-hfad-1_week,742,742005
pk-hfad-1_week.landmarks-mediapipe-world.csv,pk-hfad-1_week,742,742001
pk-hfad-1_week.landmarks-mediapipe-world.csv,pk-hfad-1_week,742,742004
pk-hfad-1_welcome(reception).landmarks-mediapipe-world.csv,pk-hfad-1_welcome(reception),743,-1
pk-hfad-1_welcome(reception).landmarks-mediapipe-world.csv,pk-hfad-1_welcome(reception),743,743005
pk-hfad-1_welcome(reception).landmarks-mediapipe-world.csv,pk-hfad-1_welcome(reception),743,743002
pk-hfad-1_welcome(reception).landmarks-mediapipe-world.csv,pk-hfad-1_welcome(reception),743,743008
pk-hfad-1_welcome(reception).landmarks-mediapipe-world.csv,pk-hfad-1_welcome(reception),743,743001
pk-hfad-1_welcome(reception).landmarks-mediapipe-world.csv,pk-hfad-1_welcome(reception),743,743007
pk-hfad-1_welcome(reception).landmarks-mediapipe-world.csv,pk-hfad-1_welcome(reception),743,743010
pk-hfad-1_welcome(reception).landmarks-mediapipe-world.csv,pk-hfad-1_welcome(reception),743,743003
pk-hfad-1_what.landmarks-mediapipe-world.csv,pk-hfad-1_what,744,-1
pk-hfad-1_what.landmarks-mediapipe-world.csv,pk-hfad-1_what,744,744002
pk-hfad-1_what.landmarks-mediapipe-world.csv,pk-hfad-1_what,744,744009
pk-hfad-1_what.landmarks-mediapipe-world.csv,pk-hfad-1_what,744,744004
pk-hfad-1_what.landmarks-mediapipe-world.csv,pk-hfad-1_what,744,744010
pk-hfad-1_what.landmarks-mediapipe-world.csv,pk-hfad-1_what,744,744006
pk-hfad-1_what.landmarks-mediapipe-world.csv,pk-hfad-1_what,744,744007
pk-hfad-1_what.landmarks-mediapipe-world.csv,pk-hfad-1_what,744,744003
pk-hfad-1_when.landmarks-mediapipe-world.csv,pk-hfad-1_when,745,-1
pk-hfad-1_when.landmarks-mediapipe-world.csv,pk-hfad-1_when,745,745003
pk-hfad-1_when.landmarks-mediapipe-world.csv,pk-hfad-1_when,745,745010
pk-hfad-1_when.landmarks-mediapipe-world.csv,pk-hfad-1_when,745,745008
pk-hfad-1_when.landmarks-mediapipe-world.csv,pk-hfad-1_when,745,745004
pk-hfad-1_when.landmarks-mediapipe-world.csv,pk-hfad-1_when,745,745011
pk-hfad-1_when.landmarks-mediapipe-world.csv,pk-hfad-1_when,745,745005
pk-hfad-1_when.landmarks-mediapipe-world.csv,pk-hfad-1_when,745,745002
pk-hfad-1_white.landmarks-mediapipe-world.csv,pk-hfad-1_white,746,-1
pk-hfad-1_white.landmarks-mediapipe-world.csv,pk-hfad-1_white,746,746008
pk-hfad-1_white.landmarks-mediapipe-world.csv,pk-hfad-1_white,746,746005
pk-hfad-1_white.landmarks-mediapipe-world.csv,pk-hfad-1_white,746,746004
pk-hfad-1_white.landmarks-mediapipe-world.csv,pk-hfad-1_white,746,746007
pk-hfad-1_white.landmarks-mediapipe-world.csv,pk-hfad-1_white,746,746009
pk-hfad-1_white.landmarks-mediapipe-world.csv,pk-hfad-1_white,746,746010
pk-hfad-1_white.landmarks-mediapipe-world.csv,pk-hfad-1_white,746,746002
pk-hfad-1_who.landmarks-mediapipe-world.csv,pk-hfad-1_who,747,-1
pk-hfad-1_who.landmarks-mediapipe-world.csv,pk-hfad-1_who,747,747005
pk-hfad-1_who.landmarks-mediapipe-world.csv,pk-hfad-1_who,747,747006
pk-hfad-1_who.landmarks-mediapipe-world.csv,pk-hfad-1_who,747,747009
pk-hfad-1_who.landmarks-mediapipe-world.csv,pk-hfad-1_who,747,747003
pk-hfad-1_who.landmarks-mediapipe-world.csv,pk-hfad-1_who,747,747008
pk-hfad-1_who.landmarks-mediapipe-world.csv,pk-hfad-1_who,747,747004
pk-hfad-1_who.landmarks-mediapipe-world.csv,pk-hfad-1_who,747,747002
pk-hfad-1_whom.landmarks-mediapipe-world.csv,pk-hfad-1_whom,748,-1
pk-hfad-1_whom.landmarks-mediapipe-world.csv,pk-hfad-1_whom,748,748001
pk-hfad-1_whom.landmarks-mediapipe-world.csv,pk-hfad-1_whom,748,748002
pk-hfad-1_whom.landmarks-mediapipe-world.csv,pk-hfad-1_whom,748,748005
pk-hfad-1_whom.landmarks-mediapipe-world.csv,pk-hfad-1_whom,748,748011
pk-hfad-1_whom.landmarks-mediapipe-world.csv,pk-hfad-1_whom,748,748007
pk-hfad-1_whom.landmarks-mediapipe-world.csv,pk-hfad-1_whom,748,748010
pk-hfad-1_whom.landmarks-mediapipe-world.csv,pk-hfad-1_whom,748,748009
pk-hfad-1_wife.landmarks-mediapipe-world.csv,pk-hfad-1_wife,749,-1
pk-hfad-1_wife.landmarks-mediapipe-world.csv,pk-hfad-1_wife,749,749002
pk-hfad-1_wife.landmarks-mediapipe-world.csv,pk-hfad-1_wife,749,749010
pk-hfad-1_wife.landmarks-mediapipe-world.csv,pk-hfad-1_wife,749,749006
pk-hfad-1_wife.landmarks-mediapipe-world.csv,pk-hfad-1_wife,749,749001
pk-hfad-1_wife.landmarks-mediapipe-world.csv,pk-hfad-1_wife,749,749005
pk-hfad-1_wife.landmarks-mediapipe-world.csv,pk-hfad-1_wife,749,749008
pk-hfad-1_wife.landmarks-mediapipe-world.csv,pk-hfad-1_wife,749,749004
pk-hfad-1_wise.landmarks-mediapipe-world.csv,pk-hfad-1_wise,750,-1
pk-hfad-1_wise.landmarks-mediapipe-world.csv,pk-hfad-1_wise,750,750007
pk-hfad-1_wise.landmarks-mediapipe-world.csv,pk-hfad-1_wise,750,750008
pk-hfad-1_wise.landmarks-mediapipe-world.csv,pk-hfad-1_wise,750,750002
pk-hfad-1_wise.landmarks-mediapipe-world.csv,pk-hfad-1_wise,750,750010
pk-hfad-1_wise.landmarks-mediapipe-world.csv,pk-hfad-1_wise,750,750004
pk-hfad-1_wise.landmarks-mediapipe-world.csv,pk-hfad-1_wise,750,750006
pk-hfad-1_wise.landmarks-mediapipe-world.csv,pk-hfad-1_wise,750,750009
pk-hfad-1_with.landmarks-mediapipe-world.csv,pk-hfad-1_with,751,-1
pk-hfad-1_with.landmarks-mediapipe-world.csv,pk-hfad-1_with,751,751010
pk-hfad-1_with.landmarks-mediapipe-world.csv,pk-hfad-1_with,751,751004
pk-hfad-1_with.landmarks-mediapipe-world.csv,pk-hfad-1_with,751,751007
pk-hfad-1_with.landmarks-mediapipe-world.csv,pk-hfad-1_with,751,751006
pk-hfad-1_with.landmarks-mediapipe-world.csv,pk-hfad-1_with,751,751001
pk-hfad-1_with.landmarks-mediapipe-world.csv,pk-hfad-1_with,751,751008
pk-hfad-1_with.landmarks-mediapipe-world.csv,pk-hfad-1_with,751,751003
pk-hfad-1_woman.landmarks-mediapipe-world.csv,pk-hfad-1_woman,752,-1
pk-hfad-1_woman.landmarks-mediapipe-world.csv,pk-hfad-1_woman,752,752003
pk-hfad-1_woman.landmarks-mediapipe-world.csv,pk-hfad-1_woman,752,752004
pk-hfad-1_woman.landmarks-mediapipe-world.csv,pk-hfad-1_woman,752,752001
pk-hfad-1_woman.landmarks-mediapipe-world.csv,pk-hfad-1_woman,752,752002
pk-hfad-1_woman.landmarks-mediapipe-world.csv,pk-hfad-1_woman,752,752005
pk-hfad-1_woman.landmarks-mediapipe-world.csv,pk-hfad-1_woman,752,752008
pk-hfad-1_woman.landmarks-mediapipe-world.csv,pk-hfad-1_woman,752,752011
pk-hfad-1_word.landmarks-mediapipe-world.csv,pk-hfad-1_word,753,-1
pk-hfad-1_word.landmarks-mediapipe-world.csv,pk-hfad-1_word,753,753004
pk-hfad-1_word.landmarks-mediapipe-world.csv,pk-hfad-1_word,753,753001
pk-hfad-1_word.landmarks-mediapipe-world.csv,pk-hfad-1_word,753,753002
pk-hfad-1_word.landmarks-mediapipe-world.csv,pk-hfad-1_word,753,753006
pk-hfad-1_word.landmarks-mediapipe-world.csv,pk-hfad-1_word,753,753010
pk-hfad-1_word.landmarks-mediapipe-world.csv,pk-hfad-1_word,753,753007
pk-hfad-1_word.landmarks-mediapipe-world.csv,pk-hfad-1_word,753,753005
pk-hfad-1_work.landmarks-mediapipe-world.csv,pk-hfad-1_work,754,-1
pk-hfad-1_work.landmarks-mediapipe-world.csv,pk-hfad-1_work,754,754009
pk-hfad-1_work.landmarks-mediapipe-world.csv,pk-hfad-1_work,754,754006
pk-hfad-1_work.landmarks-mediapipe-world.csv,pk-hfad-1_work,754,754011
pk-hfad-1_work.landmarks-mediapipe-world.csv,pk-hfad-1_work,754,754002
pk-hfad-1_work.landmarks-mediapipe-world.csv,pk-hfad-1_work,754,754008
pk-hfad-1_work.landmarks-mediapipe-world.csv,pk-hfad-1_work,754,754010
pk-hfad-1_work.landmarks-mediapipe-world.csv,pk-hfad-1_work,754,754003
pk-hfad-1_workout.landmarks-mediapipe-world.csv,pk-hfad-1_workout,755,-1
pk-hfad-1_workout.landmarks-mediapipe-world.csv,pk-hfad-1_workout,755,755011
pk-hfad-1_workout.landmarks-mediapipe-world.csv,pk-hfad-1_workout,755,755004
pk-hfad-1_workout.landmarks-mediapipe-world.csv,pk-hfad-1_workout,755,755008
pk-hfad-1_workout.landmarks-mediapipe-world.csv,pk-hfad-1_workout,755,755003
pk-hfad-1_workout.landmarks-mediapipe-world.csv,pk-hfad-1_workout,755,755005
pk-hfad-1_workout.landmarks-mediapipe-world.csv,pk-hfad-1_workout,755,755009
pk-hfad-1_workout.landmarks-mediapipe-world.csv,pk-hfad-1_workout,755,755006
pk-hfad-1_workshy.landmarks-mediapipe-world.csv,pk-hfad-1_workshy,756,-1
pk-hfad-1_workshy.landmarks-mediapipe-world.csv,pk-hfad-1_workshy,756,756002
pk-hfad-1_workshy.landmarks-mediapipe-world.csv,pk-hfad-1_workshy,756,756003
pk-hfad-1_workshy.landmarks-mediapipe-world.csv,pk-hfad-1_workshy,756,756007
pk-hfad-1_workshy.landmarks-mediapipe-world.csv,pk-hfad-1_workshy,756,756008
pk-hfad-1_workshy.landmarks-mediapipe-world.csv,pk-hfad-1_workshy,756,756009
pk-hfad-1_workshy.landmarks-mediapipe-world.csv,pk-hfad-1_workshy,756,756004
pk-hfad-1_workshy.landmarks-mediapipe-world.csv,pk-hfad-1_workshy,756,756005
pk-hfad-1_world.landmarks-mediapipe-world.csv,pk-hfad-1_world,757,-1
pk-hfad-1_world.landmarks-mediapipe-world.csv,pk-hfad-1_world,757,757001
pk-hfad-1_world.landmarks-mediapipe-world.csv,pk-hfad-1_world,757,757008
pk-hfad-1_world.landmarks-mediapipe-world.csv,pk-hfad-1_world,757,757009
pk-hfad-1_world.landmarks-mediapipe-world.csv,pk-hfad-1_world,757,757007
pk-hfad-1_world.landmarks-mediapipe-world.csv,pk-hfad-1_world,757,757006
pk-hfad-1_world.landmarks-mediapipe-world.csv,pk-hfad-1_world,757,757010
pk-hfad-1_world.landmarks-mediapipe-world.csv,pk-hfad-1_world,757,757003
pk-hfad-1_worry.landmarks-mediapipe-world.csv,pk-hfad-1_worry,758,-1
pk-hfad-1_worry.landmarks-mediapipe-world.csv,pk-hfad-1_worry,758,758007
pk-hfad-1_worry.landmarks-mediapipe-world.csv,pk-hfad-1_worry,758,758008
pk-hfad-1_worry.landmarks-mediapipe-world.csv,pk-hfad-1_worry,758,758003
pk-hfad-1_worry.landmarks-mediapipe-world.csv,pk-hfad-1_worry,758,758001
pk-hfad-1_worry.landmarks-mediapipe-world.csv,pk-hfad-1_worry,758,758011
pk-hfad-1_worry.landmarks-mediapipe-world.csv,pk-hfad-1_worry,758,758010
pk-hfad-1_worry.landmarks-mediapipe-world.csv,pk-hfad-1_worry,758,758006
pk-hfad-1_wrong.landmarks-mediapipe-world.csv,pk-hfad-1_wrong,759,-1
pk-hfad-1_wrong.landmarks-mediapipe-world.csv,pk-hfad-1_wrong,759,759007
pk-hfad-1_wrong.landmarks-mediapipe-world.csv,pk-hfad-1_wrong,759,759011
pk-hfad-1_wrong.landmarks-mediapipe-world.csv,pk-hfad-1_wrong,759,759001
pk-hfad-1_wrong.landmarks-mediapipe-world.csv,pk-hfad-1_wrong,759,759003
pk-hfad-1_wrong.landmarks-mediapipe-world.csv,pk-hfad-1_wrong,759,759006
pk-hfad-1_wrong.landmarks-mediapipe-world.csv,pk-hfad-1_wrong,759,759005
pk-hfad-1_wrong.landmarks-mediapipe-world.csv,pk-hfad-1_wrong,759,759004
pk-hfad-1_x(double-handed-letter).landmarks-mediapipe-world.csv,pk-hfad-1_x(double-handed-letter),760,-1
pk-hfad-1_x(double-handed-letter).landmarks-mediapipe-world.csv,pk-hfad-1_x(double-handed-letter),760,760001
pk-hfad-1_x(double-handed-letter).landmarks-mediapipe-world.csv,pk-hfad-1_x(double-handed-letter),760,760007
pk-hfad-1_x(double-handed-letter).landmarks-mediapipe-world.csv,pk-hfad-1_x(double-handed-letter),760,760004
pk-hfad-1_x(double-handed-letter).landmarks-mediapipe-world.csv,pk-hfad-1_x(double-handed-letter),760,760008
pk-hfad-1_x(double-handed-letter).landmarks-mediapipe-world.csv,pk-hfad-1_x(double-handed-letter),760,760002
pk-hfad-1_x(double-handed-letter).landmarks-mediapipe-world.csv,pk-hfad-1_x(double-handed-letter),760,760010
pk-hfad-1_x(double-handed-letter).landmarks-mediapipe-world.csv,pk-hfad-1_x(double-handed-letter),760,760011
pk-hfad-1_x(single-handed-letter).landmarks-mediapipe-world.csv,pk-hfad-1_x(single-handed-letter),761,-1
pk-hfad-1_x(single-handed-letter).landmarks-mediapipe-world.csv,pk-hfad-1_x(single-handed-letter),761,761002
pk-hfad-1_x(single-handed-letter).landmarks-mediapipe-world.csv,pk-hfad-1_x(single-handed-letter),761,761005
pk-hfad-1_x(single-handed-letter).landmarks-mediapipe-world.csv,pk-hfad-1_x(single-handed-letter),761,761009
pk-hfad-1_x(single-handed-letter).landmarks-mediapipe-world.csv,pk-hfad-1_x(single-handed-letter),761,761007
pk-hfad-1_x(single-handed-letter).landmarks-mediapipe-world.csv,pk-hfad-1_x(single-handed-letter),761,761010
pk-hfad-1_x(single-handed-letter).landmarks-mediapipe-world.csv,pk-hfad-1_x(single-handed-letter),761,761006
pk-hfad-1_x(single-handed-letter).landmarks-mediapipe-world.csv,pk-hfad-1_x(single-handed-letter),761,761011
pk-hfad-1_y(double-handed-letter).landmarks-mediapipe-world.csv,pk-hfad-1_y(double-handed-letter),762,-1
pk-hfad-1_y(double-handed-letter).landmarks-mediapipe-world.csv,pk-hfad-1_y(double-handed-letter),762,762003
pk-hfad-1_y(double-handed-letter).landmarks-mediapipe-world.csv,pk-hfad-1_y(double-handed-letter),762,762006
pk-hfad-1_y(double-handed-letter).landmarks-mediapipe-world.csv,pk-hfad-1_y(double-handed-letter),762,762008
pk-hfad-1_y(double-handed-letter).landmarks-mediapipe-world.csv,pk-hfad-1_y(double-handed-letter),762,762009
pk-hfad-1_y(double-handed-letter).landmarks-mediapipe-world.csv,pk-hfad-1_y(double-handed-letter),762,762005
pk-hfad-1_y(double-handed-letter).landmarks-mediapipe-world.csv,pk-hfad-1_y(double-handed-letter),762,762002
pk-hfad-1_y(double-handed-letter).landmarks-mediapipe-world.csv,pk-hfad-1_y(double-handed-letter),762,762004
pk-hfad-1_y(single-handed-letter).landmarks-mediapipe-world.csv,pk-hfad-1_y(single-handed-letter),763,-1
pk-hfad-1_y(single-handed-letter).landmarks-mediapipe-world.csv,pk-hfad-1_y(single-handed-letter),763,763011
pk-hfad-1_y(single-handed-letter).landmarks-mediapipe-world.csv,pk-hfad-1_y(single-handed-letter),763,763002
pk-hfad-1_y(single-handed-letter).landmarks-mediapipe-world.csv,pk-hfad-1_y(single-handed-letter),763,763004
pk-hfad-1_y(single-handed-letter).landmarks-mediapipe-world.csv,pk-hfad-1_y(single-handed-letter),763,763001
pk-hfad-1_y(single-handed-letter).landmarks-mediapipe-world.csv,pk-hfad-1_y(single-handed-letter),763,763007
pk-hfad-1_y(single-handed-letter).landmarks-mediapipe-world.csv,pk-hfad-1_y(single-handed-letter),763,763005
pk-hfad-1_y(single-handed-letter).landmarks-mediapipe-world.csv,pk-hfad-1_y(single-handed-letter),763,763010
pk-hfad-1_year.landmarks-mediapipe-world.csv,pk-hfad-1_year,764,-1
pk-hfad-1_year.landmarks-mediapipe-world.csv,pk-hfad-1_year,764,764001
pk-hfad-1_year.landmarks-mediapipe-world.csv,pk-hfad-1_year,764,764004
pk-hfad-1_year.landmarks-mediapipe-world.csv,pk-hfad-1_year,764,764003
pk-hfad-1_year.landmarks-mediapipe-world.csv,pk-hfad-1_year,764,764006
pk-hfad-1_year.landmarks-mediapipe-world.csv,pk-hfad-1_year,764,764007
pk-hfad-1_year.landmarks-mediapipe-world.csv,pk-hfad-1_year,764,764005
pk-hfad-1_year.landmarks-mediapipe-world.csv,pk-hfad-1_year,764,764011
pk-hfad-1_yellow.landmarks-mediapipe-world.csv,pk-hfad-1_yellow,765,-1
pk-hfad-1_yellow.landmarks-mediapipe-world.csv,pk-hfad-1_yellow,765,765008
pk-hfad-1_yellow.landmarks-mediapipe-world.csv,pk-hfad-1_yellow,765,765001
pk-hfad-1_yellow.landmarks-mediapipe-world.csv,pk-hfad-1_yellow,765,765011
pk-hfad-1_yellow.landmarks-mediapipe-world.csv,pk-hfad-1_yellow,765,765002
pk-hfad-1_yellow.landmarks-mediapipe-world.csv,pk-hfad-1_yellow,765,765006
pk-hfad-1_yellow.landmarks-mediapipe-world.csv,pk-hfad-1_yellow,765,765004
pk-hfad-1_yellow.landmarks-mediapipe-world.csv,pk-hfad-1_yellow,765,765010
pk-hfad-1_yogurt.landmarks-mediapipe-world.csv,pk-hfad-1_yogurt,766,-1
pk-hfad-1_yogurt.landmarks-mediapipe-world.csv,pk-hfad-1_yogurt,766,766009
pk-hfad-1_yogurt.landmarks-mediapipe-world.csv,pk-hfad-1_yogurt,766,766006
pk-hfad-1_yogurt.landmarks-mediapipe-world.csv,pk-hfad-1_yogurt,766,766011
pk-hfad-1_yogurt.landmarks-mediapipe-world.csv,pk-hfad-1_yogurt,766,766005
pk-hfad-1_yogurt.landmarks-mediapipe-world.csv,pk-hfad-1_yogurt,766,766001
pk-hfad-1_yogurt.landmarks-mediapipe-world.csv,pk-hfad-1_yogurt,766,766002
pk-hfad-1_yogurt.landmarks-mediapipe-world.csv,pk-hfad-1_yogurt,766,766008
pk-hfad-1_z(double-handed-letter).landmarks-mediapipe-world.csv,pk-hfad-1_z(double-handed-letter),767,-1
pk-hfad-1_z(double-handed-letter).landmarks-mediapipe-world.csv,pk-hfad-1_z(double-handed-letter),767,767008
pk-hfad-1_z(double-handed-letter).landmarks-mediapipe-world.csv,pk-hfad-1_z(double-handed-letter),767,767003
pk-hfad-1_z(double-handed-letter).landmarks-mediapipe-world.csv,pk-hfad-1_z(double-handed-letter),767,767010
pk-hfad-1_z(double-handed-letter).landmarks-mediapipe-world.csv,pk-hfad-1_z(double-handed-letter),767,767004
pk-hfad-1_z(double-handed-letter).landmarks-mediapipe-world.csv,pk-hfad-1_z(double-handed-letter),767,767005
pk-hfad-1_z(double-handed-letter).landmarks-mediapipe-world.csv,pk-hfad-1_z(double-handed-letter),767,767011
pk-hfad-1_z(double-handed-letter).landmarks-mediapipe-world.csv,pk-hfad-1_z(double-handed-letter),767,767007
pk-hfad-1_z(single-handed-letter).landmarks-mediapipe-world.csv,pk-hfad-1_z(single-handed-letter),768,-1
pk-hfad-1_z(single-handed-letter).landmarks-mediapipe-world.csv,pk-hfad-1_z(single-handed-letter),768,768007
pk-hfad-1_z(single-handed-letter).landmarks-mediapipe-world.csv,pk-hfad-1_z(single-handed-letter),768,768001
pk-hfad-1_z(single-handed-letter).landmarks-mediapipe-world.csv,pk-hfad-1_z(single-handed-letter),768,768006
pk-hfad-1_z(single-handed-letter).landmarks-mediapipe-world.csv,pk-hfad-1_z(single-handed-letter),768,768011
pk-hfad-1_z(single-handed-letter).landmarks-mediapipe-world.csv,pk-hfad-1_z(single-handed-letter),768,768004
pk-hfad-1_z(single-handed-letter).landmarks-mediapipe-world.csv,pk-hfad-1_z(single-handed-letter),768,768003
pk-hfad-1_z(single-handed-letter).landmarks-mediapipe-world.csv,pk-hfad-1_z(single-handed-letter),768,768005
pk-hfad-1_zaal.landmarks-mediapipe-world.csv,pk-hfad-1_zaal,769,-1
pk-hfad-1_zaal.landmarks-mediapipe-world.csv,pk-hfad-1_zaal,769,769005
pk-hfad-1_zaal.landmarks-mediapipe-world.csv,pk-hfad-1_zaal,769,769003
pk-hfad-1_zaal.landmarks-mediapipe-world.csv,pk-hfad-1_zaal,769,769006
pk-hfad-1_zaal.landmarks-mediapipe-world.csv,pk-hfad-1_zaal,769,769010
pk-hfad-1_zaal.landmarks-mediapipe-world.csv,pk-hfad-1_zaal,769,769004
pk-hfad-1_zaal.landmarks-mediapipe-world.csv,pk-hfad-1_zaal,769,769002
pk-hfad-1_zaal.landmarks-mediapipe-world.csv,pk-hfad-1_zaal,769,769009
pk-hfad-1_zakat.landmarks-mediapipe-world.csv,pk-hfad-1_zakat,770,-1
pk-hfad-1_zakat.landmarks-mediapipe-world.csv,pk-hfad-1_zakat,770,770003
pk-hfad-1_zakat.landmarks-mediapipe-world.csv,pk-hfad-1_zakat,770,770002
pk-hfad-1_zakat.landmarks-mediapipe-world.csv,pk-hfad-1_zakat,770,770009
pk-hfad-1_zakat.landmarks-mediapipe-world.csv,pk-hfad-1_zakat,770,770007
pk-hfad-1_zakat.landmarks-mediapipe-world.csv,pk-hfad-1_zakat,770,770010
pk-hfad-1_zakat.landmarks-mediapipe-world.csv,pk-hfad-1_zakat,770,770006
pk-hfad-1_zakat.landmarks-mediapipe-world.csv,pk-hfad-1_zakat,770,770011
pk-hfad-1_zoein.landmarks-mediapipe-world.csv,pk-hfad-1_zoein,771,-1
pk-hfad-1_zoein.landmarks-mediapipe-world.csv,pk-hfad-1_zoein,771,771005
pk-hfad-1_zoein.landmarks-mediapipe-world.csv,pk-hfad-1_zoein,771,771004
pk-hfad-1_zoein.landmarks-mediapipe-world.csv,pk-hfad-1_zoein,771,771006
pk-hfad-1_zoein.landmarks-mediapipe-world.csv,pk-hfad-1_zoein,771,771008
pk-hfad-1_zoein.landmarks-mediapipe-world.csv,pk-hfad-1_zoein,771,771009
pk-hfad-1_zoein.landmarks-mediapipe-world.csv,pk-hfad-1_zoein,771,771002
pk-hfad-1_zoein.landmarks-mediapipe-world.csv,pk-hfad-1_zoein,771,771010
pk-hfad-1_zoo.landmarks-mediapipe-world.csv,pk-hfad-1_zoo,772,-1
pk-hfad-1_zoo.landmarks-mediapipe-world.csv,pk-hfad-1_zoo,772,772003
pk-hfad-1_zoo.landmarks-mediapipe-world.csv,pk-hfad-1_zoo,772,772008
pk-hfad-1_zoo.landmarks-mediapipe-world.csv,pk-hfad-1_zoo,772,772009
pk-hfad-1_zoo.landmarks-mediapipe-world.csv,pk-hfad-1_zoo,772,772006
pk-hfad-1_zoo.landmarks-mediapipe-world.csv,pk-hfad-1_zoo,772,772005
pk-hfad-1_zoo.landmarks-mediapipe-world.csv,pk-hfad-1_zoo,772,772002
pk-hfad-1_zoo.landmarks-mediapipe-world.csv,pk-hfad-1_zoo,772,772010
pk-hfad-1_zuaad.landmarks-mediapipe-world.csv,pk-hfad-1_zuaad,773,-1
pk-hfad-1_zuaad.landmarks-mediapipe-world.csv,pk-hfad-1_zuaad,773,773001
pk-hfad-1_zuaad.landmarks-mediapipe-world.csv,pk-hfad-1_zuaad,773,773007
pk-hfad-1_zuaad.landmarks-mediapipe-world.csv,pk-hfad-1_zuaad,773,773009
pk-hfad-1_zuaad.landmarks-mediapipe-world.csv,pk-hfad-1_zuaad,773,773003
pk-hfad-1_zuaad.landmarks-mediapipe-world.csv,pk-hfad-1_zuaad,773,773011
pk-hfad-1_zuaad.landmarks-mediapipe-world.csv,pk-hfad-1_zuaad,773,773005
pk-hfad-1_zuaad.landmarks-mediapipe-world.csv,pk-hfad-1_zuaad,773,773002
pk-hfad-1_zuhr.landmarks-mediapipe-world.csv,pk-hfad-1_zuhr,774,-1
pk-hfad-1_zuhr.landmarks-mediapipe-world.csv,pk-hfad-1_zuhr,774,774011
pk-hfad-1_zuhr.landmarks-mediapipe-world.csv,pk-hfad-1_zuhr,774,774005
pk-hfad-1_zuhr.landmarks-mediapipe-world.csv,pk-hfad-1_zuhr,774,774009
pk-hfad-1_zuhr.landmarks-mediapipe-world.csv,pk-hfad-1_zuhr,774,774001
pk-hfad-1_zuhr.landmarks-mediapipe-world.csv,pk-hfad-1_zuhr,774,774002
pk-hfad-1_zuhr.landmarks-mediapipe-world.csv,pk-hfad-1_zuhr,774,774004
pk-hfad-1_zuhr.landmarks-mediapipe-world.csv,pk-hfad-1_zuhr,774,774008
